date,signal_date,pre_trade_nav,nav,gross_return,net_return,cash,cash_ratio,holding_count,desired_count,buy_notional,sell_notional,total_cost,gross_turnover,one_way_turnover,attempted_order_count,executed_order_count,blocked_order_count
2024-01-02,,1.0,1.0,0.0,0.0,1.0,1.0,0,100,0.0,0.0,0.0,0.0,0.0,0,0,0
2024-01-03,2024-01-02,1.0,0.9994003597841296,0.0,-0.000599640215870445,0.0,0.0,100,100,0.9994003597841293,0.0,0.000599640215870476,0.9994003597841293,0.49970017989206467,100,100,0
2024-01-04,2024-01-03,0.9995085617150719,0.9992522589030762,0.00010826685210085785,-0.00014818974158192777,0.001041996059207604,0.0010427757855173123,100,100,0.14992628425726076,0.15122458312846407,0.00025630281199566713,0.30129893721868223,0.15064946860934111,30,30,0
2024-01-05,2024-01-04,0.9945736625829974,0.9942855546218798,-0.004682097316662248,-0.004970420869149228,0.001368590489881378,0.0013764561735002212,100,100,0.16907752263910958,0.16969222503090078,0.0002881079611174566,0.3406180561731293,0.17030902808656465,34,34,0
2024-01-08,2024-01-05,0.97960295490043,0.9792673938250508,-0.014766984849773346,-0.015104474491274611,0.0033021846080543635,0.0033720969664433748,100,100,0.195920590980086,0.19818974617363816,0.0003355610753790533,0.4023164029693875,0.20115820148469374,40,40,0
2024-01-09,2024-01-08,0.9573978072196058,0.9570715275763921,-0.022332599597768343,-0.022665787085957012,0.0036708038366924343,0.003835454018769183,100,100,0.1914795614439212,0.19217446031577287,0.00032627964321370307,0.4007258204130108,0.2003629102065054,40,40,0
2024-01-10,2024-01-09,0.9564660430940377,0.9561404856878015,-0.0006326428745484503,-0.0009728028279645251,0.003671566052620541,0.003839985972332709,100,100,0.1912932086188075,0.1916195282409719,0.00032555740623635345,0.40034117219792636,0.20017058609896318,40,40,0
2024-01-11,2024-01-10,0.9514712098087481,0.9511457623080255,-0.004883462157440732,-0.005223838394608937,0.005116381631589496,0.005379177234805964,100,100,0.19029424196174966,0.19206450504144115,0.00032544750072263526,0.4018605534896294,0.2009302767448147,40,40,0
2024-01-12,2024-01-11,0.9668789764739192,0.9665826793471949,0.016541328142719136,0.016229812139109567,0.005212957162484728,0.005393182884267516,100,100,0.17403821576530548,0.174431088422925,0.000296297126724401,0.3604063307478795,0.18020316537393974,36,36,0
2024-01-15,2024-01-12,0.9603958665357201,0.9601318469325596,-0.006400707299714092,-0.006673854759110753,0.007487053434602901,0.007797943020557673,100,100,0.15366333864571521,0.15620145452099393,0.0002640196031605224,0.3226427809236977,0.16132139046184885,32,32,0
2024-01-16,2024-01-15,0.9588908723610764,0.9586803630551392,-0.0012925043320329843,-0.0015117547470773207,0.005998746988258818,0.006257296195305292,100,100,0.12465581340693992,0.1233780162665332,0.00021050930593735035,0.2586674217293774,0.1293337108646887,26,26,0
2024-01-17,2024-01-16,0.951874278438362,0.9516792506113387,-0.0070994305078778686,-0.007302864138667764,0.00657233209013325,0.0069060369719223386,100,100,0.11422491341260346,0.11499352634150112,0.0001950278270232133,0.24080747315723108,0.12040373657861554,24,24,0
2024-01-18,2024-01-17,0.9263208972216314,0.9260508834076357,-0.026645903410647764,-0.02692962695912504,0.008399658910993065,0.009070407535366113,100,100,0.1574745525276773,0.15957189316253256,0.00027001381399539224,0.3422641620642975,0.17113208103214875,34,34,0
2024-01-19,2024-01-18,0.9194742002006658,0.9191319601028961,-0.007101859438618963,-0.007471428869307628,0.006563552353766114,0.007141033756492734,100,100,0.20228432404414642,0.2007904575846893,0.00034224009776964633,0.4383753035603052,0.2191876517801526,44,44,0
2024-01-22,2024-01-19,0.910232662204298,0.9099535991649513,-0.009682285335396057,-0.009985901194119351,0.006767984507235312,0.0074377248614063115,100,100,0.16384187919677362,0.16432537438958947,0.0002790630393466126,0.36053117759106224,0.18026558879553112,36,36,0
2024-01-23,2024-01-22,0.8542234991805434,0.8538574534106297,-0.061244990992453285,-0.06164725960290729,0.009129923066439023,0.010692561188018744,100,100,0.21355587479513585,0.21628385912425324,0.00036604576991376036,0.503193525267959,0.2515967626339795,50,50,0
2024-01-24,2024-01-23,0.8677984778126601,0.8674457732873104,0.01632710980778418,0.01591403790223289,0.007543351633934277,0.00869604978919623,100,100,0.20827163467503843,0.2070377677678833,0.0003527045253496945,0.47857816424123584,0.23928908212061792,48,48,0
2024-01-25,2024-01-24,0.8780826819695812,0.8777673063079321,0.012262332712695834,0.01189876455505301,0.008955379777649253,0.0102024531026536,100,100,0.184397363213612,0.1861247670189761,0.00031537566164904085,0.42196724504518107,0.21098362252259054,42,42,0
2024-01-26,2024-01-25,0.9076875537802064,0.9073934504102499,0.03408676451863424,0.03375170604944411,0.009497903758097755,0.01046723860945169,100,100,0.1724606352182392,0.17329726256864417,0.00029410336995645223,0.3809217129252469,0.19046085646262345,38,38,0
2024-01-29,2024-01-26,0.9080737117917806,0.9077174847498807,0.0007496873392938141,0.00035710456085435993,0.010205513615611507,0.011243050604477021,100,100,0.20885695371210944,0.20992079061152322,0.0003562270418999416,0.46117153143582856,0.23058576571791428,46,46,0
2024-01-30,2024-01-29,0.8768131435745434,0.8765167517713546,-0.034046211177537145,-0.03437273546308672,0.008341243970063908,0.00951635431177678,100,100,0.17536262871490865,0.1737947508725499,0.00029639180318875,0.39821184495938666,0.19910592247969333,40,40,0
2024-01-31,2024-01-30,0.8442990029222608,0.8439984262830522,-0.03675656943690453,-0.037099491164984566,0.007278753844815539,0.008624132010377067,100,100,0.17730279061367477,0.17654087712763505,0.0003005766392086036,0.419097578602601,0.2095487893013005,42,42,0
2024-02-01,2024-01-31,0.8018042012568635,0.8014404473308095,-0.04999325083106021,-0.05042423969872423,0.0,0.0,102,100,0.21844730939084442,0.21153230947208274,0.0003637539260537981,0.5362651108449109,0.26813255542245545,58,56,2
2024-02-02,2024-02-01,0.7956982227907917,0.7955181712774904,-0.0071648798848901185,-0.0073895397631144055,0.0036401358181187005,0.00457580473903337,101,100,0.10344076896280292,0.107260956294223,0.000180051513301327,0.2648010504761734,0.1324005252380867,28,27,1
2024-02-05,2024-02-02,0.7503064150715636,0.7500532077920636,-0.056833090479030846,-0.0571513827426674,0.0016624725163282353,0.002216472776940807,101,100,0.1500612830143127,0.1483368269920221,0.0002532072794998117,0.3977016642965446,0.1988508321482723,41,40,1
2024-02-06,2024-02-05,0.6948332595595225,0.6945031467093549,-0.0736213746689951,-0.07406149391218764,0.0007616493181370147,0.0010966823141778507,101,100,0.19455331267666626,0.19398260232864273,0.00033011285016750625,0.5591786369748831,0.27958931848744156,57,56,1
2024-02-07,2024-02-06,0.7572912317229624,0.7568696497257852,0.09040720018491721,0.08980017342171998,0.0,0.0,101,100,0.24820945366489672,0.24786938634393685,0.00042158199717726885,0.6550700961903024,0.3275350480951512,67,66,1
2024-02-08,2024-02-07,0.7964619624416718,0.7961085058944178,0.052310609535249464,0.05184361162169604,0.0009377796841694153,0.0011779546094860922,101,100,0.20708011023483464,0.20837134646625793,0.00035345654725378465,0.5216212151895676,0.2608106075947838,53,52,1
2024-02-19,2024-02-08,0.8482680487851155,0.8479023129805621,0.06551813289835051,0.06505872843043492,0.005319210988467077,0.006273377141488018,100,100,0.21206701219627888,0.21681417930513008,0.0003657358045534104,0.5055963054551567,0.25279815272757833,51,51,0
2024-02-20,2024-02-19,0.8372338565875579,0.8369626016408349,-0.012582176306964232,-0.012902089276383366,0.005801056991735318,0.006931082679635333,100,100,0.159074432751636,0.15982753370162708,0.00027125494672277127,0.38089951086433677,0.19044975543216838,38,38,0
2024-02-21,2024-02-20,0.8354039473202909,0.8351765108069432,-0.001862274750972559,-0.0021340151046057576,0.005761474729863051,0.006898511458729059,100,100,0.13366463157124653,0.13385248582272205,0.0002274365133477423,0.3202248663680343,0.16011243318401716,32,32,0
2024-02-22,2024-02-21,0.8467598125332476,0.8465707504701566,0.01386928580535951,0.01364291202611101,0.007325271322295266,0.008652875519532253,100,100,0.11007877562932218,0.11183163428484531,0.00018906206309092312,0.26207007775945235,0.13103503887972617,26,26,0
2024-02-23,2024-02-22,0.8573202564244077,0.8571136042594124,0.012697705358094558,0.0124536003439768,0.009491295490211243,0.011073555994263073,100,100,0.12002483589941704,0.12239751223232825,0.0002066521649952113,0.28276754960020045,0.14138377480010023,28,28,0
2024-02-26,2024-02-23,0.8692634563411893,0.8690704673607234,0.014175311208920682,0.013950149713983562,0.0100999034320921,0.011621501145660209,100,100,0.1130042493243546,0.11380584624670145,0.00019298898046598426,0.2609221564722401,0.13046107823612005,26,26,0
2024-02-27,2024-02-26,0.8716991494653454,0.8714746659161972,0.003024705364347735,0.002766402318071126,0.0118756617325365,0.013627087736453474,100,100,0.1307548724198018,0.13275511426939451,0.00022448354914821498,0.3022946470130429,0.15114732350652146,30,30,0
2024-02-28,2024-02-27,0.892321202192737,0.8920313779446111,0.02392098943533094,0.023588421823831585,0.013044473682337378,0.014623335013611315,100,100,0.16954102841662,0.17099966461454683,0.00028982424812597376,0.3816346537483839,0.19081732687419195,38,38,0
2024-02-29,2024-02-28,0.8576983676331746,0.8572879660533705,-0.03848856795883726,-0.0389486432319176,0.014576941930273882,0.017003553656982504,100,100,0.2401555429372889,0.24209841276502955,0.0004104015798039063,0.562265213390929,0.2811326066954645,56,56,0
2024-03-01,2024-02-29,0.8905059114112235,0.8901258298976453,0.03874770983987541,0.03830435646431374,0.01566640698794155,0.0176002161287051,100,100,0.2226264778528059,0.22409602442405158,0.0003800815135781405,0.5016502378618879,0.25082511893094395,50,50,0
2024-03-04,2024-03-01,0.8945556066751538,0.8943123375638283,0.004976573680619767,0.004703276239792276,0.01537767088562679,0.017194966724395955,100,100,0.1431288970680246,0.14308343007703533,0.00024326911132555338,0.31994917365600306,0.15997458682800153,32,32,0
2024-03-05,2024-03-04,0.8865858426744121,0.8862881551340036,-0.008639593310837856,-0.008972460842576746,0.011669395980722625,0.013166593633374525,100,100,0.1773171685348824,0.17390658117038674,0.0002976875404083548,0.39615312223551014,0.19807656111775507,40,40,0
2024-03-06,2024-03-05,0.8795138936099095,0.8792480145345964,-0.007643407490952936,-0.007943399173988452,0.02203948059615208,0.025066284179007237,99,100,0.14951736191368462,0.1601533256044271,0.0002658790753130807,0.3520930024733184,0.1760465012366592,36,35,1
2024-03-07,2024-03-06,0.8893750986330545,0.8889965564308805,0.011517892484316228,0.011087362991025973,0.022168015898488935,0.024935997488548765,99,100,0.22234377465826366,0.2228508521627745,0.00037854220217401033,0.5005701503283488,0.2502850751641744,51,50,1
2024-03-08,2024-03-07,0.8835506861512498,0.8832513787328827,-0.006125862063509735,-0.006462542128468196,0.02086887673077875,0.023627335584482594,99,100,0.17671013723024995,0.17571030548090688,0.00029930741836714736,0.3988683934436197,0.19943419672180984,41,40,1
2024-03-11,2024-03-08,0.888233382243163,0.8879016300776604,0.005640527295216247,0.005264923957943868,0.020130652332232248,0.02267216508034963,99,100,0.19541134409349592,0.19500487186045182,0.00033175216550259426,0.4395423812691914,0.2197711906345957,45,44,1
2024-03-12,2024-03-11,0.9048247513371174,0.904480974256392,0.01905968035893424,0.01867250111623453,0.010687423390446775,0.011816084245700482,100,100,0.2081096928075371,0.19901024094647707,0.00034377708072564684,0.4499434096518547,0.22497170482592735,45,45,0
2024-03-13,2024-03-12,0.9142361378797517,0.9138476840351685,0.010785371833144097,0.010355894756633566,0.010211229531456008,0.011173885659333837,100,100,0.2285590344699379,0.22847129445553027,0.0003884538445830454,0.49990402915529986,0.24995201457764993,50,50,0
2024-03-14,2024-03-13,0.9157861542943029,0.9154888233942051,0.002121218112163925,0.0017958565608986454,0.01130660068653375,0.012350342677711951,100,100,0.17399936931591758,0.17539207137109306,0.0002973309000977528,0.38152077212419616,0.19076038606209808,38,38,0
2024-03-15,2024-03-14,0.9089966763731555,0.9087243923328077,-0.007091454155584098,-0.007388873450489664,0.019747044715309144,0.021730510242622677,99,100,0.15452943498343644,0.16324216305255979,0.0002722840403478775,0.3495849944181167,0.17479249720905835,36,35,1
2024-03-18,2024-03-15,0.924307651624907,0.9239619372648357,0.01714849895477677,0.016768059777631183,0.019422510685867193,0.021020899132882905,99,100,0.2033476833574795,0.2033688636881089,0.00034571436007140764,0.4400229148061168,0.2200114574030584,45,44,1
2024-03-19,2024-03-18,0.9312927900690547,0.9308771573447832,0.007934150216101221,0.007484312720086983,0.008251726715780923,0.008864463641280013,100,100,0.25144905331864476,0.24069390207282998,0.0004156327242713004,0.5284513749483475,0.26422568747417374,53,53,0
2024-03-20,2024-03-19,0.9244150714505117,0.9242106376482866,-0.006941931965227077,-0.007161546122274598,0.008172812399637713,0.008843019184927324,100,100,0.12017395928856651,0.12029947877464858,0.00020443380222525328,0.26013578260454484,0.13006789130227242,26,26,0
2024-03-21,2024-03-20,0.9341831900504605,0.9338966199077333,0.010790345832363046,0.010480275669725314,0.008531775503856033,0.009135674465444528,100,100,0.1681529742090829,0.16879850745602837,0.0002865701427270807,0.3606910135547511,0.18034550677737554,36,36,0
2024-03-22,2024-03-21,0.9315451276276193,0.9311956536226513,-0.00251793638609199,-0.0028921469759134455,0.00916059898540503,0.009837458916144366,100,100,0.2049399280780763,0.20591822556459327,0.0003494740049678986,0.4410501879699682,0.2205250939849841,44,44,0
2024-03-25,2024-03-22,0.9165448198549833,0.9162009434283049,-0.015733357120677693,-0.01610264194856592,0.009806417151952223,0.010703347581435447,100,100,0.20163986036809634,0.20262955496132182,0.00034387642667831216,0.441079810361464,0.220539905180732,44,44,0
2024-03-26,2024-03-25,0.898881608263288,0.8985455460637239,-0.018903424286172643,-0.019270223951655008,0.009361698655727333,0.010418724678719193,100,100,0.19775395381792338,0.19764529752126248,0.0003360621995641429,0.43987912056975914,0.21993956028487957,44,44,0
2024-03-27,2024-03-26,0.8980688469764397,0.8977497067152338,-0.0005305230095151714,-0.0008856972826547516,0.0077059064267202895,0.008583579999057135,100,100,0.1885944578650524,0.18725780589725124,0.0003191402612060079,0.4185116375294598,0.2092558187647299,42,42,0
2024-03-28,2024-03-27,0.8765740448339311,0.8761999019930036,-0.023587489611978985,-0.024004245906220967,0.008785283470261605,0.010026574358520935,100,100,0.21914351120848277,0.22059703109295156,0.00037414284092733693,0.5016581826635583,0.25082909133177916,50,50,0
2024-03-29,2024-03-28,0.8929715195054377,0.8925784007974873,0.019141314070322935,0.018692650806316324,0.006960615970555452,0.007798324454564873,100,100,0.23217259507141377,0.23074104627965802,0.00039311870795047203,0.5183968707170542,0.2591984353585271,52,52,0
2024-04-01,2024-03-29,0.9033825311821831,0.9031114559228748,0.012104404918428235,0.011800705815843804,0.015778365981096013,0.017471117078204215,99,100,0.15357503030097114,0.16266385557082008,0.00027107525930848475,0.35006088224658843,0.17503044112329422,36,35,1
2024-04-02,2024-04-01,0.922351323671172,0.922016380344994,0.02130397928419181,0.020933102219150346,0.0063379054959721084,0.006873961928529548,100,100,0.20291729120765786,0.193811774048712,0.0003349433261781778,0.430127929645394,0.215063964822697,43,43,0
2024-04-03,2024-04-02,0.9236665403093816,0.9233340277761446,0.0017897295531452695,0.0014290932994678318,0.00851773691422249,0.009224978889533088,100,100,0.1939699734649701,0.19648231741645755,0.00033251253323708516,0.4227199685620807,0.21135998428104036,42,42,0
2024-04-08,2024-04-03,0.9203381015028261,0.9200865575001118,-0.0032446830542292027,-0.00351711317718284,0.009368046643791428,0.010181701457789518,100,100,0.1472540962404522,0.14835594997273538,0.0002515440027142801,0.32119722711738646,0.16059861355869323,32,32,0
2024-04-09,2024-04-08,0.9016767194335324,0.9013237786445686,-0.020008811036865026,-0.02039240623895422,0.009365280096034169,0.010390583625917306,100,100,0.20738564546971253,0.20773581971091906,0.0003529407889638382,0.4603883589690845,0.23019417948454224,46,46,0
2024-04-10,2024-04-09,0.9158809769543257,0.9154605284136789,0.016150908979288836,0.015684430061713828,0.008998624486859577,0.009829614939764255,100,100,0.24728786377766793,0.2473416567091402,0.00042044854064665486,0.540058733539429,0.2700293667697145,54,54,0
2024-04-11,2024-04-10,0.8975646167128288,0.8973036369783144,-0.019548534475713808,-0.019833614745604522,0.010177245010739674,0.01134203026860754,100,100,0.1525859848411809,0.1540255850995753,0.00026097973451424147,0.3416038959553315,0.17080194797766576,34,34,0
2024-04-12,2024-04-11,0.903827859177628,0.9034576787781391,0.007270919152054356,0.006858371621615733,0.011096730924353525,0.012282513265437124,100,100,0.21691868620263072,0.21820835251573337,0.0003701803994888851,0.4814268937386773,0.24071344686933865,48,48,0
2024-04-15,2024-04-12,0.8925535154473637,0.8922651336521069,-0.012069368147407222,-0.012388566049014393,0.010887448917594534,0.012202033349696636,100,100,0.16958516793499911,0.169664267723497,0.0002883817952568462,0.38008862190012016,0.19004431095006008,38,38,0
2024-04-16,2024-04-15,0.8713197043115677,0.870911504337907,-0.023474445599827476,-0.023931932907428455,0.004526334769851776,0.005197238464880345,100,100,0.24396951720723897,0.23801660303315686,0.0004081999736608165,0.5531679334868417,0.27658396674342084,56,56,0
2024-04-17,2024-04-16,0.8460262834561925,0.845707424156681,-0.028573765253718908,-0.028939886608096765,0.00643062956031672,0.007603846645580992,100,100,0.18612578236036229,0.18834893645033882,0.00031885929951158985,0.44262776007489313,0.22131388003744656,44,44,0
2024-04-18,2024-04-17,0.881661098426187,0.8813297598780412,0.042513135444398165,0.04212134682024571,0.007551379498047333,0.00856816578971791,100,100,0.19396544165376114,0.19541753013963759,0.00033133854814585795,0.44164699167114047,0.22082349583557023,44,44,0
2024-04-19,2024-04-18,0.8758813979509701,0.8756107023470573,-0.006181978840502422,-0.0064891233580667285,0.009713316748448766,0.011093190983632808,100,100,0.15765865163117462,0.16009128448548882,0.0002706956039127425,0.36277735417147244,0.18138867708573622,36,36,0
2024-04-22,2024-04-19,0.8708873492860045,0.8706480553887522,-0.005394352819571457,-0.0056676408191480565,0.011667239438934567,0.013400638026722565,100,100,0.13934197588576072,0.14153519247349877,0.00023929389725230526,0.3225183700159798,0.1612591850079899,32,32,0
2024-04-23,2024-04-22,0.8771607644816234,0.8768619525331453,0.007480300510133375,0.0071370941518023034,0.011893235267013566,0.013563406682951046,100,100,0.17543215289632472,0.17595696067288177,0.000298811948477965,0.40059830284003556,0.20029915142001778,40,40,0
2024-04-24,2024-04-23,0.8780623327198008,0.8778098176004011,0.0013689500190854353,0.0010809741083162017,0.010508997641924924,0.011971838809746439,100,100,0.14927059656236613,0.14813887405667725,0.0002525151193997647,0.33871111370626344,0.16935555685313172,34,34,0
2024-04-25,2024-04-24,0.8821927226908916,0.8819338896590907,0.004993000764643485,0.0046981384532280845,0.00014294520783622588,0.0001620815454676325,101,100,0.15879469008436048,0.14868747068207264,0.00025883303180089626,0.34854307098401527,0.17427153549200763,36,35,1
2024-04-26,2024-04-25,0.8875966962498124,0.8873405051171731,0.00642089691429204,0.006130409003981319,0.0,0.0,101,100,0.1506273894835635,0.15074063540836663,0.00025619113263934136,0.339532612238465,0.1697663061192325,35,34,1
2024-04-29,2024-04-26,0.9044660974084677,0.9041108302100597,0.019299910454367408,0.018899537433684443,0.00111832763920576,0.0012369364483178788,101,100,0.20802720240394762,0.20950079724156134,0.0003552671984080859,0.4616292427564019,0.23081462137820094,47,46,1
2024-04-30,2024-04-29,0.9268323513827296,0.9263913910272085,0.025131344978348347,0.02464361676982918,0.00048478206816599326,0.0005233015687121762,101,100,0.2595130583871642,0.25932047317164564,0.0004409603555211088,0.5597922113797265,0.27989610568986323,57,56,1
2024-05-06,2024-04-30,0.9303905048697894,0.9300162161426152,0.00431687284803739,0.003912844128859394,1.734723475976807e-17,1.8652615361609915e-17,101,100,0.2202413352054826,0.22013084186449078,0.000374288727174229,0.4733197240997259,0.23665986204986295,49,48,1
2024-05-07,2024-05-06,0.9315071393917951,0.931255199592628,0.0016031153256270692,0.0013322170393454957,0.0,0.0,103,100,0.14803686199290222,0.14828880179206919,0.0002519397991670175,0.3181142164712232,0.1590571082356116,37,34,3
2024-05-08,2024-05-07,0.9330732498305254,0.9328995422470976,0.0019522578114921085,0.0017657272197662,0.0,0.0,103,100,0.10206853240359706,0.10224223998702492,0.00017370758342788572,0.21896541608896306,0.10948270804448153,25,22,3
2024-05-09,2024-05-08,0.9211705499491613,0.9209248651862797,-0.012572620916593502,-0.012835976992736198,0.0,0.0,103,100,0.14436147626027174,0.14460716102315338,0.00024568476288163186,0.3136972163291294,0.1568486081645647,35,32,3
2024-05-10,2024-05-09,0.9352222552979925,0.9349219439733921,0.015525034291283824,0.015198936760471904,3.8163916471489756e-17,4.082043075092898e-17,103,100,0.17645940126074658,0.1767597125853469,0.0003003113246003297,0.37768467532196004,0.18884233766098002,41,38,3
2024-05-13,2024-05-10,0.922746426851423,0.9225098117906168,-0.013023030639567001,-0.013276116003892446,0.0009585867203288044,0.0010391073439838666,103,100,0.13841196402771347,0.13960716580884858,0.0002366150608063616,0.30129526568335074,0.15064763284167537,33,30,3
2024-05-14,2024-05-13,0.9148630537152778,0.9146920224882956,-0.008289080481969524,-0.008474478214108738,0.0007437699819359267,0.0008131370599610144,103,100,0.10063493590868058,0.10059115039726987,0.00017103122698220512,0.2199521398189239,0.10997606990946195,25,22,3
2024-05-15,2024-05-14,0.9169945622590066,0.9167758147510321,0.0025172841941347723,0.002278135384921942,0.0009821153437175184,0.0010712709998618698,103,100,0.1283792387162609,0.1288363315860169,0.00021874750797437533,0.2804984684627027,0.14024923423135136,31,28,3
2024-05-16,2024-05-15,0.9105197852359543,0.9102359691348474,-0.006823946939281678,-0.007133527642153914,0.005422887265059871,0.005957671910300542,102,100,0.1638935613424718,0.16861814936492112,0.00028381610110689645,0.3651888911136896,0.1825944455568448,39,37,2
2024-05-17,2024-05-16,0.9103258809064972,0.9100616898239632,9.877853073114728e-05,-0.0001914660778016275,0.006164971593455654,0.00677423482648541,102,100,0.15475539975410454,0.15576167516503436,0.00026419108253400046,0.34110540129862926,0.17055270064931463,36,34,2
2024-05-20,2024-05-17,0.9242431040059167,0.9238827199731185,0.01558291524687383,0.015186915682418034,0.004900023135128755,0.005303728524407652,102,100,0.21257591392136088,0.21167134949583205,0.00036038403279823136,0.4590212916692501,0.22951064583462505,48,46,2
2024-05-21,2024-05-20,0.9258730438320436,0.9255420465001455,0.0021543035884283857,0.001796035894117809,0.004987803303205484,0.005389061817414364,102,100,0.1944333392047291,0.19485211670470393,0.0003309973318980118,0.4204523055323454,0.2102261527661727,44,42,2
2024-05-22,2024-05-21,0.9169975052843877,0.9167006381165811,-0.009231931977664476,-0.009552681498368853,0.005306366680712448,0.005788549129424314,102,100,0.17422952600403363,0.17484495654934729,0.00029686716780670216,0.38067113655355334,0.19033556827677667,40,38,2
2024-05-23,2024-05-22,0.921926598354585,0.9216203535780877,0.00570083626072404,0.005366763430659782,0.012693290294038515,0.013772797274667643,101,100,0.17516605368737118,0.18285922207719457,0.0003062447764973368,0.3883446647526537,0.19417233237632686,40,39,1
2024-05-24,2024-05-23,0.9000458566417197,0.8998146303913672,-0.023409310409223782,-0.023660201407295522,0.01402075214250826,0.015581822821007084,101,100,0.13500687849625795,0.13656556659508007,0.00023122625035234295,0.3017317874276295,0.15086589371381476,31,30,1
2024-05-27,2024-05-24,0.895169869817975,0.8948967978200603,-0.005161908260340242,-0.005465384097131154,0.012974969008550457,0.014498843933911779,101,100,0.16113057656723548,0.16035786543119232,0.00027307199791465277,0.3591367994365133,0.17956839971825664,37,36,1
2024-05-28,2024-05-27,0.8992922888646141,0.899002361538359,0.004911729548324528,0.004587751043807264,0.012190420729559406,0.013559942944642933,101,100,0.1708655348842767,0.1703709139315408,0.00028992732625526075,0.37944998866457497,0.18972499433228748,39,38,1
2024-05-29,2024-05-28,0.8887704498611986,0.8885431773659043,-0.01138140689603051,-0.011634212122154097,0.012541357852201439,0.014114517078821569,101,100,0.13331556747917978,0.1338937770971161,0.00022727249529433567,0.3006505725050001,0.15032528625250005,31,30,1
2024-05-30,2024-05-29,0.8901851107762555,0.8898376003338304,0.0018478937795896044,0.001456792422584785,0.011692087511271012,0.013139574577298849,101,100,0.20474257547853883,0.2042408155800334,0.00034751044242515975,0.4594363420681483,0.22971817103407416,47,46,1
2024-05-31,2024-05-30,0.8921062478829859,0.8917271528588485,0.002549507402591633,0.0021234801994309827,0.01126741865729232,0.01263550024373413,101,100,0.22302656197074644,0.22298098814090503,0.00037909502413744294,0.49994891434742267,0.24997445717371133,51,50,1
2024-06-03,2024-05-31,0.8992525870139446,0.89890636327174,0.008439166768635209,0.008050904797364478,0.01992417188021952,0.02216490247961058,100,100,0.19783556914306774,0.2068385461081997,0.00034622374220486066,0.4500116219793452,0.2250058109896726,47,45,2
2024-06-04,2024-06-03,0.8764793653481293,0.8761724283127807,-0.024949203654520136,-0.02529065972590827,3.8163916471489756e-17,4.355754100249523e-17,103,100,0.19324470216350284,0.17362746731863188,0.00030693703534859663,0.41857479364208033,0.20928739682104017,46,43,3
2024-06-05,2024-06-04,0.8763702680299513,0.876161917054008,0.00022579998043492644,-1.1996792449786575e-05,0.013130873304791972,0.014986811283630082,101,100,0.11392813484389365,0.12726735912462908,0.00020835097594342812,0.2752209913632984,0.1376104956816492,29,28,1
2024-06-06,2024-06-05,0.8652642999135359,0.8649835243434567,-0.012437903232674241,-0.012758364056882687,0.000655286924184633,0.0007575715672526961,102,100,0.17305285998270725,0.1608580491721789,0.0002807755700790214,0.3859062591490868,0.1929531295745434,41,39,2
2024-06-07,2024-06-06,0.844853066844104,0.8446412955162232,-0.023272648475740842,-0.023517475483332162,0.0,0.0,102,100,0.12485835002161563,0.12441483442531177,0.0002117713278808122,0.29504915615453925,0.14752457807726962,32,30,2
2024-06-11,2024-06-07,0.8479380576633508,0.8476262103106482,0.0039031505618165596,0.0035339437111001626,0.007991303662532976,0.009427862854316677,101,100,0.17806699210930363,0.18637014312453928,0.0003118473527025752,0.4297921669397838,0.2148960834698919,44,43,1
2024-06-12,2024-06-11,0.8555801480753538,0.8552461147575924,0.00938377986422867,0.008989698943065338,0.007204070221087785,0.008423388422091433,101,100,0.19678343405733145,0.19633023393364754,0.00033403331776141063,0.45947030079566104,0.22973515039783052,47,46,1
2024-06-13,2024-06-12,0.860904043297583,0.860699173718967,0.006615555969633702,0.006376011381145075,0.006975942743505024,0.008104972046578016,101,100,0.12052656606166164,0.12050330816269483,0.00020486957861596115,0.2799729843306605,0.13998649216533024,29,28,1
2024-06-14,2024-06-13,0.8507262125947749,0.8505210355779682,-0.011587046239512788,-0.011825430361481981,0.009229109553204438,0.010851124389807518,101,100,0.11910166976326851,0.12156001358977463,0.000205177016806713,0.2828897003408512,0.1414448501704256,29,28,1
2024-06-17,2024-06-14,0.8502661543508849,0.8499925862716978,-0.0002996765705036708,-0.0006213242050048251,0.007984733593867959,0.009393886161867841,101,100,0.16155056932666811,0.16057976144651878,0.00027356807918717154,0.37885823059617074,0.18942911529808537,39,38,1
2024-06-18,2024-06-17,0.8534509378408895,0.8530464343610245,0.00406868439213226,0.0035927937944983945,0.005999169616705203,0.007032641337043849,101,100,0.238966262595449,0.23738520209815148,0.0004045034798652365,0.5581474500440557,0.2790737250220279,57,56,1
2024-06-19,2024-06-18,0.8630089535205742,0.8627581815109171,0.01167875365074611,0.011384781365585628,0.006986963143104829,0.008098402649591585,101,100,0.1467115220984976,0.1479500876345543,0.00025077200965710825,0.3414351711311963,0.17071758556559816,35,34,1
2024-06-20,2024-06-19,0.849984986216201,0.8497399866114254,-0.014805070028251599,-0.015089042536453823,0.006154639683053777,0.007242968178533195,101,100,0.14449744765675418,0.14391012380147875,0.00024499960477567933,0.33930901855350415,0.16965450927675207,35,34,1
2024-06-21,2024-06-20,0.8292990973346732,0.8289924733819128,-0.024055463552169476,-0.0244163079958718,0.0026353706004286076,0.0031790042552225983,101,100,0.18244580141362812,0.17923315628376324,0.0003066239527603163,0.43612607183561375,0.21806303591780687,45,44,1
2024-06-24,2024-06-21,0.8258661667163394,0.8256560586044991,-0.0037712123643529605,-0.004024662327515083,0.0019818436955235975,0.0024003259890967854,101,100,0.12387992500745092,0.1234365062143862,0.00021010811184029522,0.29946308638017255,0.14973154319008627,31,30,1
2024-06-25,2024-06-24,0.8018991919338078,0.8015849812942903,-0.028773320831490645,-0.029153879583822095,0.0022749562118177247,0.0028380724001894784,101,100,0.1844368141447758,0.18504413730058747,0.0003142106395175118,0.46075735598928236,0.23037867799464118,47,46,1
2024-06-26,2024-06-25,0.8019287497894974,0.8015585886957552,0.000428860948282761,-3.292551526157261e-05,0.003791883835176788,0.004730638394564143,101,100,0.21652076244316423,0.21840785116026548,0.00037016109374219015,0.5423531875089856,0.2711765937544928,55,54,1
2024-06-27,2024-06-26,0.827162518837084,0.826696444952421,0.031942680800151946,0.03136122126464702,0.005176456855409808,0.006261617413520788,101,100,0.27296363121623773,0.2748142781211338,0.0004660738846629901,0.6622373437658877,0.33111867188294386,67,66,1
2024-06-28,2024-06-27,0.8105102314543438,0.8101793233442579,-0.019579391682286507,-0.019979669332089278,0.005045490247530399,0.006227621592098433,101,100,0.19452245554904252,0.194722397051249,0.0003309081100857991,0.4802466859694636,0.2401233429847318,49,48,1
2024-07-01,2024-06-28,0.813034604762703,0.8127309259703032,0.003524258563720295,0.00314942945657104,0.004381675290231549,0.005391298829929911,101,100,0.1788676130477946,0.17850747688289553,0.0003036787923998618,0.43955704694143455,0.21977852347071727,45,44,1
2024-07-02,2024-07-01,0.8230292160487229,0.8227207873513103,0.012671217188056305,0.01229172049664573,0.004633038056872846,0.005631361365972744,101,100,0.18106642753071908,0.18162621899477302,0.0003084286974126821,0.4406801598936445,0.22034007994682225,45,44,1
2024-07-03,2024-07-02,0.8211449602846123,0.8207954137215053,-0.0019153850138772244,-0.0023402515888817366,0.004792541480988472,0.005838898952004347,101,100,0.20528624007115306,0.20579529005837566,0.00034954656310690535,0.5006199270675011,0.25030996353375057,51,50,1
2024-07-04,2024-07-03,0.8174544499285288,0.8171332072912016,-0.004070397735080555,-0.0044617774040660585,0.00594216012110213,0.0072719601505370265,101,100,0.1880145234835616,0.18948538476100243,0.00032124263732724004,0.46179931894378873,0.23089965947189436,47,46,1
2024-07-05,2024-07-04,0.7955216300583813,0.7953070517884493,-0.02644804670766321,-0.026710645593643334,0.004087933265727924,0.005140069180243242,101,100,0.127283460809341,0.12564381222389864,0.00021457826993189294,0.31793890131520114,0.15896945065760057,33,32,1
2024-07-08,2024-07-05,0.8054595000474587,0.8050465522565168,0.01276544478787045,0.012246214146053092,0.005641754491003861,0.007007985408036622,101,100,0.24163785001423763,0.24360461903045558,0.0004129477909420435,0.6024417975281217,0.30122089876406083,61,60,1
2024-07-09,2024-07-08,0.78250299197529,0.7820920488596858,-0.028002803338562088,-0.028513262161660502,0.003925392132805447,0.00501909223924318,101,100,0.2425759275123399,0.24127050826974578,0.00041094311560412424,0.6183317389761043,0.30916586948805214,63,62,1
2024-07-10,2024-07-09,0.792812595877731,0.792477863728915,0.013707525902706852,0.01327953005579352,0.001578655954724225,0.0019920505379116054,101,100,0.19820314896943278,0.19619114494016746,0.000334732148815844,0.4974621946728309,0.24873109733641546,51,50,1
2024-07-11,2024-07-10,0.8023767712283615,0.802103296698973,0.012491083918569457,0.012145996008981808,0.0019110243080369162,0.0023825164612858063,101,100,0.16047535424567227,0.16108119712837357,0.00027347452938861444,0.40075506034624325,0.20037753017312163,41,40,1
2024-07-12,2024-07-11,0.8162377700995738,0.815902884630574,0.017621762008422914,0.01720425285420557,0.0032674650198897016,0.004004722965735254,101,100,0.19589706482389768,0.19758839100475017,0.0003348854689995636,0.482072099874337,0.2410360499371685,49,48,1
2024-07-15,2024-07-12,0.8119428597167782,0.8116935732842181,-0.004853549348080688,-0.005159083790054031,0.0037744672115922195,0.004650113461315497,101,100,0.14614971474902005,0.14690600337328263,0.00024928643256002294,0.36093145547769995,0.18046572773884997,37,36,1
2024-07-16,2024-07-15,0.8002129653807933,0.8000091816090974,-0.01414401725145209,-0.01439507723073885,0.0033247430069781835,0.004155881061628525,101,100,0.12003194480711901,0.11978600437420085,0.0002037837716958922,0.2996926562758189,0.14984632813790946,31,30,1
2024-07-17,2024-07-16,0.7975345362224787,0.7973184671981991,-0.003093271231764283,-0.0033633544123660153,0.002326519825522063,0.0029179304396366526,101,100,0.12760552579559659,0.12682337163842006,0.00021606902427961984,0.3190192849066058,0.1595096424533029,33,32,1
2024-07-18,2024-07-17,0.7919692379542551,0.7916439003107918,-0.0067090246419869715,-0.007117064411348628,0.004014086162116546,0.0050705704427718755,101,100,0.19007261710902124,0.19208552108907906,0.0003253376434634001,0.48254164414928213,0.24127082207464107,49,48,1
2024-07-19,2024-07-18,0.7932665491083838,0.7930774396889038,0.0020497205839076216,0.0018108386580748537,0.004108595644634807,0.005180573092895523,101,100,0.11105731687517378,0.11134093577717204,0.00018910941947999335,0.280357532915408,0.140178766457704,29,28,1
2024-07-22,2024-07-19,0.7980673563098304,0.7978414091537526,0.006291840331360321,0.00600694109608968,0.011948862271699905,0.014976487976944841,100,100,0.12769077700957288,0.13575699079271572,0.00022594715607773103,0.33010718421116747,0.16505359210558374,35,33,2
2024-07-23,2024-07-22,0.7949227660530901,0.7946250750596311,-0.003658174503324174,-0.004031295013294578,0.012005606691998471,0.015108517298044659,100,100,0.17488300853167987,0.17523744394543742,0.0002976909934589892,0.44044587402562074,0.22022293701281037,46,44,2
2024-07-24,2024-07-23,0.7767994604897182,0.7764776590619207,-0.02243273605300622,-0.022837708709794513,0.00410349352722322,0.00528475414499464,101,100,0.19419986512242954,0.18661955338545172,0.0003218014277974547,0.4902416104509149,0.24512080522545746,50,49,1
2024-07-25,2024-07-24,0.7643551033888674,0.7640431132540986,-0.015612240135406852,-0.016014041953048008,0.0039126421071482426,0.0051209703212742805,101,100,0.18344522481332814,0.18356636352802205,0.0003119901347688208,0.48015848486411195,0.24007924243205597,49,48,1
2024-07-26,2024-07-25,0.7756478694082315,0.7753703763150301,0.015188614297834135,0.01482542393803965,0.004168607034474608,0.005376278436488678,101,100,0.16288605257572855,0.16341951059625628,0.00027749309320131897,0.42068775799118047,0.21034387899559023,43,42,1
2024-07-29,2024-07-26,0.7897471559077874,0.7893836523690367,0.01854182211742894,0.018073009341168067,0.004722916394798441,0.005983043074966643,101,100,0.21323173209510263,0.2141495449941771,0.0003635035387506568,0.5411621604360443,0.27058108021802213,55,54,1
2024-07-30,2024-07-29,0.7825067319463838,0.7821749373282756,-0.008711759360628402,-0.009132080477125326,0.003690446350092084,0.0047181853751256395,101,100,0.19562668298659594,0.19492600755999762,0.0003317946181079552,0.4991045758483694,0.2495522879241847,51,50,1
2024-07-31,2024-07-30,0.7884189081464038,0.7881899273094083,0.007982831614953279,0.007690082734788772,0.004486713277741753,0.005692426561524008,101,100,0.13403121438488866,0.13505646214953376,0.00022898083699542048,0.3413003845469099,0.17065019227345496,35,34,1
2024-08-01,2024-07-31,0.8194901791434452,0.8192528246120947,0.03971156030994272,0.03941042155756014,0.004723785635533207,0.005765968079231044,101,100,0.13931333045438568,0.13978775734352764,0.0002373545313505117,0.34057892931631933,0.17028946465815967,35,34,1
2024-08-02,2024-08-01,0.8130891866969618,0.8127912637243444,-0.007523486926091727,-0.007887138980338326,0.011380528996248548,0.01400178558034824,100,100,0.17074872920636194,0.1777033955396948,0.00029792297261748145,0.4285533868204359,0.21427669341021796,45,43,2
2024-08-05,2024-08-02,0.8062132160102692,0.8058838605339926,-0.00809315750262063,-0.008498372827853595,0.011433431833139504,0.014187443616954327,100,100,0.1934911718424646,0.19387343015563208,0.0003293554762766736,0.4804741404700101,0.24023707023500504,50,48,2
2024-08-06,2024-08-05,0.7997097850762226,0.7994047686953415,-0.007661247184773012,-0.008039733956649808,0.004155556285077491,0.005198313104711039,101,100,0.18393325056753115,0.17696039140035014,0.00030501638088090377,0.451280762975138,0.225640381487569,46,45,1
2024-08-07,2024-08-06,0.8043325063501116,0.8040908339200484,0.006164258518012389,0.005861943045892382,0.012296007244093314,0.015291813717299405,100,100,0.13673652607951897,0.14511864946859793,0.0002416724300631689,0.35042121675165816,0.17521060837582908,37,35,2
2024-08-08,2024-08-07,0.8019900015665937,0.8017115193696198,-0.0026126803898669504,-0.0029590121539243563,0.004900949060486406,0.006113107947282569,101,100,0.16841790032898468,0.16130132434235175,0.0002784821969739774,0.41112635323042485,0.20556317661521242,42,41,1
2024-08-09,2024-08-08,0.8078095323712494,0.807534823597148,0.007606243460770656,0.007263590564480227,0.004674906736616913,0.005789108531310925,101,100,0.16156190647424995,0.16161057292448183,0.00027470877410148005,0.4000602449566164,0.2000301224783082,41,40,1
2024-08-12,2024-08-09,0.7994340495551875,0.7991487607430877,-0.010031485708412946,-0.01038476931150134,0.004290396477822964,0.005368708166216191,101,100,0.16788115040658932,0.16778192895989516,0.00028528881209983836,0.4198758853882325,0.20993794269411625,43,42,1
2024-08-13,2024-08-12,0.7933087073328658,0.7929974716143438,-0.007307842665978059,-0.007697301717672911,0.004935537082135209,0.006223900149501983,101,100,0.18246100268655913,0.1834173790093936,0.00031123571852226825,0.4612055537951295,0.23060277689756475,47,46,1
2024-08-14,2024-08-13,0.7991123801347938,0.7988015430995655,0.007711132430222811,0.007319155095672825,0.0031556951336857465,0.003950537102671081,101,100,0.18379584743100266,0.18232684251778136,0.0003108370352281612,0.45816170422366215,0.22908085211183107,47,46,1
2024-08-15,2024-08-14,0.7898816047653188,0.7896566453031217,-0.01116665135577355,-0.011448272572132434,0.012123159035878668,0.015352443505651762,100,100,0.126381056762451,0.13557348012684092,0.00022495946219699565,0.33163772305739553,0.16581886152869776,35,33,2
2024-08-16,2024-08-15,0.7981652034444119,0.7978654835950995,0.010775009862703078,0.010395452682889328,0.012919860299406312,0.0161930307364479,100,100,0.1755963447577706,0.17669276587061059,0.000299719849312334,0.44137367691313584,0.22068683845656792,46,44,2
2024-08-19,2024-08-16,0.7874914259929916,0.7871732589887661,-0.013002263934721703,-0.013401036673695077,0.009756695495576161,0.012394597230233657,100,100,0.188997942238318,0.1861529444387133,0.0003181670042255757,0.4763872650473404,0.2381936325236702,50,48,2
2024-08-20,2024-08-19,0.7910018352156839,0.7907292430533478,0.004863702092517963,0.00451740963501468,0.012803683663138282,0.01619224756845683,100,100,0.15820036704313684,0.16151994737303513,0.0002725921623362209,0.40419667841730517,0.20209833920865258,42,40,2
2024-08-21,2024-08-20,0.7740767119886736,0.7738619887708245,-0.02105971318370825,-0.021331264058720767,0.004420822340143835,0.005712675392114446,101,100,0.1315930410380745,0.12342490293292911,0.0002147232178490669,0.3294478958239673,0.16472394791198364,34,33,1
2024-08-22,2024-08-21,0.7741808116493276,0.7738951729623081,0.00041198932513730746,4.2881278529360856e-05,0.012549853890034404,0.01621647779762755,100,100,0.1625779704463588,0.1709926406832688,0.00028563868701941093,0.4308691278707661,0.21543456393538304,45,43,2
2024-08-23,2024-08-22,0.7618896457655105,0.7615652058747764,-0.01551311807624145,-0.015932347840257544,0.012804315166552789,0.01681315673008595,100,100,0.19047241144137764,0.19105131260863023,0.0003244398907343202,0.5007598228568535,0.25037991142842675,52,50,2
2024-08-26,2024-08-23,0.7615970145629425,0.7613107236583883,4.176751763429465e-05,-0.00033415683177884237,0.0020693623165886355,0.0027181573203705323,101,100,0.17516731334947677,0.1647186514040668,0.00028629090455415947,0.446280589674572,0.223140294837286,46,45,1
2024-08-27,2024-08-26,0.7697868012893299,0.7693547889979743,0.011133532429716597,0.010566073863942371,0.0017845280546721224,0.00231951250605242,101,100,0.2540296444254789,0.25417682245491785,0.0004320122913556975,0.6601911932358316,0.3300955966179158,67,66,1
2024-08-28,2024-08-27,0.758350382794344,0.7579646902773065,-0.014303421985535025,-0.014804741432106416,0.00042958263975704635,0.0005667581158693298,101,100,0.2275051148383031,0.2265358619404255,0.00038569251703745065,0.5987218930459212,0.2993609465229606,61,60,1
2024-08-29,2024-08-28,0.7603319771504973,0.7599834357762606,0.003123215241497279,0.0026633767045474155,0.0,0.0,101,100,0.20507677625224333,0.204995734986723,0.000348541374236741,0.5393335063662568,0.2696667531831284,55,54,1
2024-08-30,2024-08-29,0.7761901346496821,0.7759253022524707,0.0213250685613533,0.020976597285869536,0.0005785779942129874,0.0007456619761379164,101,100,0.15523802692993643,0.1560814373213609,0.00026483239721145877,0.401086602822909,0.2005433014114545,41,40,1
2024-09-02,2024-08-30,0.79003824181559,0.7896325879841241,0.01818852861499698,0.017665728507450185,0.002658677017327391,0.003366979855928698,101,100,0.23701147254467705,0.23949722539925725,0.0004056538314659894,0.6031463702932504,0.3015731851466252,61,60,1
2024-09-03,2024-09-02,0.7771076732379069,0.7768034533481477,-0.01586169939894755,-0.016246967046697258,0.002691538512358673,0.0034648899934181672,101,100,0.17873476484471854,0.1790718462295091,0.00030421988975929087,0.46043376406693554,0.23021688203346777,47,46,1
2024-09-04,2024-09-03,0.775438703038011,0.77528009172194,-0.0017568798185105816,-0.0019610644361089946,0.0029164005156179958,0.0037617379147973588,101,100,0.09305264436456134,0.09343611768389165,0.00015861131607101752,0.2404945243483824,0.1202472621741912,25,24,1
2024-09-05,2024-09-04,0.7755528802410993,0.7753943394973053,0.0003518580214711964,0.0001473632259942903,0.00305600179426466,0.003941222728355087,101,100,0.09306634562893193,0.09336448765137247,0.00015854074379386876,0.24038442513726196,0.12019221256863098,25,24,1
2024-09-06,2024-09-05,0.7825811372946229,0.7823664498824374,0.00926857139810533,0.008991696263416449,0.004500716965132309,0.005752696790370562,101,100,0.12521298196713965,0.12687238455019278,0.00021468741218549605,0.3221204224124155,0.16106021120620775,33,32,1
2024-09-09,2024-09-06,0.7664497239780702,0.7661898560682529,-0.020344335965274296,-0.020676492220001674,0.0035817614779320448,0.004674770162466074,101,100,0.15328994479561409,0.15263085721823114,0.00025986790981742257,0.3991400772199877,0.19957003860999384,41,40,1
2024-09-10,2024-09-09,0.7657906513443579,0.76554249605969,-0.000521025853753132,-0.0008449080909068707,0.004065337360109709,0.005310400638807556,101,100,0.145500223755428,0.14623195492227345,0.0002481552846677573,0.3809555237656152,0.1904777618828076,39,38,1
2024-09-11,2024-09-10,0.7621628140009805,0.7619683781987164,-0.004414754342319416,-0.0046687386779570295,0.003947524006768537,0.00518069268976809,101,100,0.11432442210014705,0.11440104454907,0.00019443580226406542,0.3001005329143791,0.15005026645718955,31,30,1
2024-09-12,2024-09-11,0.760792022968588,0.7605981657384688,-0.0015438373347057555,-0.001798253706389752,0.0036220888331737052,0.004762158254295814,101,100,0.11411880344528824,0.11398722550181258,0.00019385723011916688,0.29982705136291754,0.14991352568145877,31,30,1
2024-09-13,2024-09-12,0.7610835420500388,0.7608766717804157,0.0006381507784714024,0.0003661671227888075,0.0032838969139337435,0.00431593849007038,101,100,0.1217733667280062,0.12164204507838923,0.00020687026962303186,0.31982745435637294,0.15991372717818647,33,32,1
2024-09-18,2024-09-13,0.7527696029655417,0.7525253944932017,-0.010654905210727317,-0.010975861919478302,0.00400686169816733,0.005324553466884403,101,100,0.14302622456345293,0.14399339782002668,0.0002442084723401013,0.3812848197546282,0.1906424098773141,39,38,1
2024-09-19,2024-09-18,0.7515425902136446,0.7512477124445436,-0.0013060081251065059,-0.0016978590463628818,0.004643453317660778,0.006180988295526496,101,100,0.17285479574913823,0.1737862651377327,0.0002948777691009886,0.461239409982513,0.2306197049912565,47,46,1
2024-09-20,2024-09-19,0.7669190706464502,0.7666198844952292,0.020860440494270938,0.020462188165159212,0.0037268077102799576,0.004861350175822566,101,100,0.17639138624868347,0.17577392679252365,0.0002991861512209859,0.459194883163305,0.2295974415816525,47,46,1
2024-09-23,2024-09-20,0.762011676055329,0.7617263899012041,-0.006011073457785954,-0.006383208540497454,0.0037086009016499798,0.004868678505586481,101,100,0.16764256873217243,0.16790964807766723,0.0002852861541247373,0.44035049245817,0.220175246229085,45,44,1
2024-09-24,2024-09-23,0.7664128489193247,0.7661916659114248,0.006152417823844125,0.005862047146351079,0.0032053220412440048,0.0041834467586267824,101,100,0.1302901843162852,0.13000808846377912,0.0002211830078999282,0.33963192703135936,0.16981596351567968,35,34,1
2024-09-25,2024-09-24,0.8005813441641783,0.8002803917743415,0.04488391062286623,0.04449112066804628,0.004299794305372473,0.005372859749617487,101,100,0.1761278957161192,0.17752332037008453,0.00030095238983676465,0.4417430142035375,0.22087150710176875,45,44,1
2024-09-26,2024-09-25,0.799906055555375,0.7996463017846771,-0.0004677563299240184,-0.0007923347818863391,0.005298326674270576,0.006625837776583966,101,100,0.15198215055552122,0.1532404366951172,0.00025975377069794165,0.381573042397738,0.190786521198869,39,38,1
2024-09-27,2024-09-26,0.8442685306443253,0.8439508910874339,0.05580245761164515,0.05540523254328367,0.006692620235953819,0.007930106249820238,101,100,0.18573907674175164,0.1874510098603262,0.0003176395568914097,0.44202771163017085,0.22101385581508542,45,44,1
2024-09-30,2024-09-27,0.9044387890124971,0.9041612149613885,0.07167229582176793,0.07134339747704188,0.0071566658854928435,0.007915254234609547,101,100,0.16279898202224946,0.16354060172289703,0.00027757405110853645,0.36081997776926095,0.18040998888463047,37,36,1
2024-10-08,2024-09-30,1.0635069503538461,1.0630551895087108,0.1762359773409019,0.17573633099724129,0.18729235135978495,0.17618309303992186,85,100,0.14889097304953844,0.32947841936896594,0.00045176084513558516,0.44980372931210566,0.22490186465605283,61,44,17
2024-10-09,2024-10-08,1.0018717692688934,1.0013436237946116,-0.05755432158521623,-0.05805114007544532,0.016590597725477642,0.016568336114836626,101,100,0.42078614309293516,0.2506125349329097,0.0005281454742819617,0.6701443224773084,0.3350721612386542,69,68,1
2024-10-10,2024-10-09,0.9412415022813213,0.9406579134751741,-0.060021475230982224,-0.060604280965476987,0.008323282748169139,0.008848363075392133,101,100,0.34825935584408885,0.34057562967292754,0.0005835888061466735,0.7318366050025015,0.36591830250125074,75,74,1
2024-10-11,2024-10-10,0.9332429506570632,0.9329407396022535,-0.007882741123940606,-0.008204017382270501,0.008724327827277861,0.009351427649088792,101,100,0.17731616062484198,0.17801941675876026,0.00030221105480954133,0.3807535616887575,0.19037678084437876,39,38,1
2024-10-14,2024-10-11,0.8948837948809699,0.8946560208310068,-0.040792456697205326,-0.041036603018932305,0.008113537657685107,0.009068890689573403,101,100,0.1342325692321455,0.13384955311251578,0.0002277740499630547,0.299571993456781,0.1497859967283905,31,30,1
2024-10-15,2024-10-14,0.9085986839419744,0.9083375679027671,0.015584384150253427,0.015292522213232296,0.0065169848440233165,0.00717462876612071,101,100,0.15446177627013566,0.15312633949568125,0.0002611160392073307,0.33853022374117847,0.16926511187058924,35,34,1
2024-10-16,2024-10-15,0.8820135166818653,0.8817592481728976,-0.0289804717443104,-0.0292603990730399,0.005686900559377019,0.006449493522365547,101,100,0.14994229783591712,0.14936648206023853,0.00025426850896781265,0.33934715765145557,0.16967357882572778,35,34,1
2024-10-17,2024-10-16,0.8974678941747074,0.8972678138182776,0.017815119075144104,0.017588208660714866,0.007068594582217154,0.007877909441705157,101,100,0.11667082624271194,0.11825260062198191,0.0002000803564298071,0.26176248575524197,0.13088124287762098,27,26,1
2024-10-18,2024-10-17,0.8846164913506499,0.8843903963496669,-0.01409982869416726,-0.014351810318272262,0.007313222934431835,0.008269224727696343,101,100,0.13269247370259749,0.13316319705579507,0.0002260950009829331,0.3005321213857079,0.15026606069285395,31,30,1
2024-10-21,2024-10-18,0.9190944436666078,0.9188741530538843,0.03924064243594483,0.0389915549134745,0.008498509713299102,0.009248828781454183,101,100,0.12867322211332505,0.1300787995049158,0.0002202906127234022,0.28152930680984567,0.14076465340492283,29,28,1
2024-10-22,2024-10-21,0.9193098078815573,0.9191066101261094,0.0004741180565641656,0.00025298031449949576,0.008322846417961539,0.009055365641228032,101,100,0.11951027502460246,0.11953780948471278,0.00020319775544794548,0.2600299512306671,0.13001497561533354,27,26,1
2024-10-23,2024-10-22,0.932256146674667,0.9319900086859019,0.014306867564311654,0.014017305955426496,0.005071219680346812,0.005441281165124495,101,100,0.1584835449346934,0.15549805618584384,0.00026613798876524443,0.33679756603429356,0.16839878301714678,35,34,1
2024-10-24,2024-10-23,0.9383564621397014,0.9380833246824462,0.006831031872086335,0.0065379627890387315,0.006573027402044714,0.007006869463615902,101,100,0.15952059856374923,0.16129554374270236,0.0002731374572552222,0.34189154681676703,0.17094577340838352,35,34,1
2024-10-25,2024-10-24,0.9403173467893914,0.9399629228195785,0.002381475129303201,0.002003657977577511,0.008714314444547209,0.009270912961552932,101,100,0.20686981629366605,0.20936552730598149,0.0003544239698127793,0.4426541156779003,0.22132705783895015,45,44,1
2024-10-28,2024-10-25,0.9699809990695808,0.9695777420280903,0.03193538332337398,0.03150636954878716,0.015133597285187707,0.015608441313362226,101,100,0.23279543977669942,0.23961797965883044,0.0004032570414907332,0.4870336840501776,0.2435168420250888,49,48,1
2024-10-29,2024-10-28,0.9904963081340803,0.9901406673716481,0.021574924009944763,0.02120812437437536,0.016626666003184035,0.016792226146331222,101,100,0.2080042247081569,0.20985293418858544,0.0003556407624323379,0.4218664476235265,0.21093322381176324,43,42,1
2024-10-30,2024-10-29,0.9595505034128542,0.9592106226050748,-0.0308947657306069,-0.03123803090390964,0.013851583432514185,0.014440606792797314,101,100,0.20150560571669937,0.19907040395380887,0.0003398808077792099,0.41746214320744013,0.20873107160372006,43,42,1
2024-10-31,2024-10-30,0.9642064027065973,0.9639090696709078,0.005208220159149901,0.004898243362936094,0.015632319907170338,0.016217629233956095,101,100,0.1735571524871875,0.17563522199753318,0.0002973330356895989,0.3621552123119203,0.18107760615596016,37,36,1
2024-11-01,2024-10-31,0.9757423288726365,0.9753906738260728,0.012276323124305266,0.011911501319398221,0.01829433318430799,0.018755903326967988,101,100,0.20490588906325366,0.20791955738695495,0.00035165504656360245,0.4230885903322276,0.2115442951661138,43,42,1
2024-11-04,2024-11-01,0.9623987229479989,0.9621487069189427,-0.013319740722055107,-0.013576064711780633,0.022230094159319275,0.02310463444939398,101,100,0.14435980844219984,0.1485455854462673,0.00025001602905621407,0.30434931687278816,0.15217465843639408,31,30,1
2024-11-05,2024-11-04,0.9819422709046207,0.9816778461382352,0.02057225025959064,0.020297422923146735,0.019544277301573494,0.019909054053178013,101,100,0.1571107633447393,0.1546893712533791,0.0002644247663855604,0.317534078974796,0.158767039487398,33,32,1
2024-11-06,2024-11-05,1.0070970198517597,1.0067260451371711,0.025893600241178483,0.025515701609720054,0.029574283042953977,0.02937669407264053,100,100,0.21149037416886957,0.22189135462483878,0.0003709747145886443,0.4303276846728235,0.21516384233641175,45,43,2
2024-11-07,2024-11-06,1.0091306980771986,1.0088306034626444,0.002388587194741554,0.0020904975446289775,0.021365662012565297,0.021178641824733696,101,100,0.18164352565389574,0.1737349992380614,0.0003000946145542051,0.3521630305857276,0.1760815152928638,36,35,1
2024-11-08,2024-11-07,1.052085882817578,1.0517260717943149,0.0428766526376847,0.04251999115058447,0.02291659926689024,0.021789513335723428,101,100,0.21041717656351558,0.21232792484110394,0.00035981102326332386,0.40181615237766627,0.20090807618883313,41,40,1
2024-11-11,2024-11-08,1.0357976172220378,1.035617965764096,-0.015145060105909547,-0.015315875932159106,0.025978641458199392,0.02508515911949434,101,100,0.10357976172220379,0.10682145537145485,0.00017965145794192257,0.20312965930347007,0.10156482965173504,21,20,1
2024-11-12,2024-11-11,1.0555541193272306,1.055427355274223,0.019250490260108055,0.019128085997920374,0.026900161776062942,0.025487459313648066,101,100,0.07388878835290613,0.07493707272377759,0.000126764053007899,0.14099311286051308,0.07049655643025654,15,14,1
2024-11-13,2024-11-12,1.0461427249120516,1.0459275231691185,-0.008797034031545525,-0.009000934131213834,0.028310984625009722,0.027067826400847136,101,100,0.1255371269894462,0.1271631515813261,0.00021520174293312644,0.24155430473601638,0.12077715236800819,25,24,1
2024-11-14,2024-11-13,1.047981804679564,1.0477679980519046,0.0019640763484463086,0.001759658142668874,0.02811385027427027,0.02683213299751646,101,100,0.12575781656154766,0.12577448883846742,0.0002138066276592427,0.24001590893739308,0.12000795446869654,25,24,1
2024-11-15,2024-11-14,1.0171155454372895,1.0169777968085494,-0.029254999839283702,-0.029386468474512317,0.02744966033699096,0.026991405734847602,101,100,0.08136924363498316,0.0808428023264439,0.00013774862874007816,0.15948241739996913,0.07974120869998456,17,16,1
2024-11-18,2024-11-15,1.0150912746683225,1.0149090151534303,-0.0018550278542432963,-0.0020342446625788435,0.03608012645704341,0.03555010933821387,100,100,0.10150912746683226,0.11032185310177677,0.00018225951489205384,0.20868170760094853,0.10434085380047427,23,21,2
2024-11-19,2024-11-18,1.0041608162722522,1.0038538743857717,-0.010590307821389588,-0.010892740731037298,0.035471981571744936,0.03533580183017094,100,100,0.18074894692900537,0.18044774393018756,0.0003069418864806095,0.35970004505858333,0.17985002252929166,38,36,2
2024-11-20,2024-11-19,1.0248301823621602,1.0244977106119721,0.020895778271736276,0.020564582906881457,0.036459147353595685,0.035587339020813645,100,100,0.19471773464881043,0.1960373721808493,0.00033247175018822045,0.3812876645855582,0.1906438322927791,40,38,2
2024-11-21,2024-11-20,1.0385774083316246,1.0383418475779669,0.013743025068589043,0.013513097025590337,0.02565934157694294,0.024711843827536994,101,100,0.14540083716642746,0.13483659214343227,0.00023556075365763188,0.2698281582689483,0.13491407913447415,28,27,1
2024-11-22,2024-11-21,1.038215001445812,1.0379698474847017,-0.00012216220741823047,-0.00035826360473956154,0.023649451948664746,0.022784334252073067,101,100,0.14535010020241368,0.14358536453524562,0.00024515396111021855,0.27830022137542754,0.13915011068771377,29,28,1
2024-11-25,2024-11-22,1.0029793571411347,1.0026745378359103,-0.03371050751460547,-0.034004176262270036,0.021442470770083627,0.021385275042850177,101,100,0.18053628428540425,0.17863412241204765,0.0003048193052244947,0.3581034885116894,0.1790517442558447,37,36,1
2024-11-26,2024-11-25,1.0110411963886399,1.0107664982883384,0.008344341296216973,0.008070375926662265,0.020890404382189587,0.02066788364826694,101,100,0.1617665914221824,0.1614892231345897,0.000274698100301358,0.319725660745988,0.159862830372994,33,32,1
2024-11-27,2024-11-26,1.0024661248655664,1.0021583097265956,-0.008211959376204225,-0.00851649572509594,0.021546684481455088,0.021500280217537047,101,100,0.18044390247580197,0.18140799771403843,0.0003078151389709236,0.3609617235079796,0.1804808617539898,37,36,1
2024-11-28,2024-11-27,1.0188544657875038,1.0185790074377656,0.01666019819310116,0.016385333087393983,0.019752985262622903,0.019392688361319674,101,100,0.1630167145260006,0.16149847365690662,0.00027545834973819773,0.31850985501847856,0.15925492750923928,33,32,1
2024-11-29,2024-11-28,1.0165315158992174,1.0163083843364855,-0.0020101450389191644,-0.002229206654270066,0.018146306171003775,0.017855118043575823,101,100,0.13214909706689826,0.13076554953801112,0.00022313156273195105,0.25863895264706743,0.12931947632353372,27,26,1
2024-12-02,2024-11-29,1.0346946309966405,1.034447631980712,0.018091208282374538,0.017848172782781058,0.018573574201590684,0.017955064739262703,101,100,0.14485724833952968,0.14553151538604495,0.0002469990159283671,0.2806516580122445,0.14032582900612225,29,28,1
2024-12-03,2024-12-02,1.054595658193,1.0543083681229082,0.01947708669767012,0.019199363532949043,0.018686330552613546,0.017723780933165418,101,100,0.16873530531088002,0.16913535173199468,0.0002872900700917222,0.3203793363058218,0.1601896681529109,33,32,1
2024-12-04,2024-12-03,1.0522218067293074,1.05207872967888,-0.001979080747804063,-0.0021147877712455188,0.018520421422369357,0.01760364590587459,101,100,0.08417774453834459,0.0841549124585278,0.00014307705042738734,0.15997830107713906,0.07998915053856953,17,16,1
2024-12-05,2024-12-04,1.0328593964942856,1.032666106774355,-0.01826796098278749,-0.018451682708622297,0.018458961508125815,0.0178750531144906,101,100,0.11361453361437142,0.1137463634200586,0.00019328971993068725,0.22012763577127212,0.11006381788563606,23,22,1
2024-12-06,2024-12-05,1.0464216223439329,1.046206383945372,0.013320390278465544,0.013111960470273853,0.019851348202965628,0.01897460052585779,101,100,0.1255705946812719,0.12717821977467267,0.0002152383985609032,0.24153630721983713,0.12076815360991856,25,24,1
2024-12-09,2024-12-06,1.058579749640886,1.0583101762501146,0.011826887969133448,0.011569220462121166,0.01925046082392684,0.018189809808062646,101,100,0.15878696244613294,0.15845564845786547,0.0002695733907713317,0.29968702028507554,0.14984351014253777,31,30,1
2024-12-10,2024-12-09,1.0825776543266312,1.0822463607935695,0.02293040227818932,0.02261736216906418,0.0189416862343011,0.017502194436035703,101,100,0.1948639777787936,0.19488649672222952,0.00033129353306172863,0.3600208012269105,0.18001040061345525,37,36,1
2024-12-11,2024-12-10,1.0626063489688637,1.062388503574602,-0.018147450096579254,-0.018348740119030427,0.0196999309056412,0.018543057308467805,101,100,0.12751276187626365,0.12848885194186552,0.00021784539426181014,0.24091858105925024,0.12045929052962512,25,24,1
2024-12-12,2024-12-11,1.079049477648414,1.0787716600350208,0.015682562469146788,0.015421059626770095,0.021840292012962392,0.020245518882330834,101,100,0.1618574216472621,0.16427560036797648,0.00027781761339313145,0.3022410267284354,0.1511205133642177,31,30,1
2024-12-13,2024-12-12,1.0839109970983671,1.0835793846946082,0.004764063845707156,0.004456665703872265,0.021450169288127232,0.019795660189837097,101,100,0.19510397947770608,0.19504546915662993,0.0003316124037589162,0.35994601925690134,0.17997300962845067,37,36,1
2024-12-16,2024-12-13,1.0649915969133485,1.0646275691404692,-0.01715406184706847,-0.01749001118130389,0.022841259632296718,0.021454694857035956,101,100,0.21299831938266967,0.21475343749971854,0.00036402777287929247,0.40164801123514554,0.20082400561757277,41,40,1
2024-12-17,2024-12-16,1.0574735999080824,1.0571360705063932,-0.00671969188076027,-0.007036731765385551,0.018835938338800172,0.017817893896835163,101,100,0.20091998398253566,0.19725219209072842,0.0003375294016893224,0.3765315522844957,0.18826577614224785,39,38,1
2024-12-18,2024-12-17,1.0445063404328392,1.0442033686421384,-0.01194711865947784,-0.012233715436518744,0.01954156501701195,0.01871432864885642,101,100,0.17756607787358264,0.17857467634249527,0.0003029717907008942,0.3409656221603161,0.17048281108015806,35,34,1
2024-12-19,2024-12-18,1.0362405553634928,1.036045541303277,-0.00762573031056224,-0.007812489007260837,0.020471165832351763,0.019758944000280516,101,100,0.11398646108998423,0.11511107596554011,0.00019501406021608464,0.2210852835953341,0.11054264179766705,23,22,1
2024-12-20,2024-12-19,1.042041211898658,1.0418464673575039,0.005787072436834073,0.0055991033434010795,0.020169907226622014,0.019359769273662873,101,100,0.11462453330885236,0.11451801924427663,0.00019474454115401565,0.21989778325141124,0.10994889162570562,23,22,1
2024-12-23,2024-12-20,1.0464428664674985,1.0462475273087057,0.0044117816338646865,0.004224288404379273,0.01966033421649245,0.018791283805530537,101,100,0.11510871531142482,0.11479448146008821,0.00019533915879295206,0.21969971236709998,0.10984985618354999,23,22,1
2024-12-24,2024-12-23,1.024881814166836,1.024654093755997,-0.020421279462260022,-0.020638933893831313,0.020543095540510002,0.02004881029187785,101,100,0.1332346358416887,0.13434511757654538,0.00022772041083921304,0.26108352174807536,0.13054176087403768,27,26,1
2024-12-25,2024-12-24,1.037089201567067,1.0369299389129705,0.012135907997485873,0.011980477345261864,0.020918384029163753,0.02017338225482506,101,100,0.09333802814103602,0.09387257928378655,0.0001592626540967869,0.18051543410339516,0.09025771705169758,19,18,1
2024-12-26,2024-12-25,1.0253686931379404,1.0251778364333228,-0.011149495584195313,-0.011333554986335481,0.019920944598241674,0.01943169652159889,101,100,0.11279055624517344,0.11198397351886923,0.0001908567046178601,0.2192133729733489,0.10960668648667445,23,22,1
2024-12-27,2024-12-26,1.0352300229286202,1.0349650765584335,0.00980531000384266,0.009546870579216993,0.020531193082404336,0.019837570897248684,101,100,0.1552845034392931,0.1561596982936423,0.00026494637018658235,0.30084541100525025,0.15042270550262513,31,30,1
2024-12-30,2024-12-27,1.0441061007317234,1.043766428643131,0.008832205434106566,0.008504008767102222,0.022396810135712125,0.021457683942591822,101,100,0.19838015913902743,0.2005854482809276,0.00033967208859243646,0.38211213126745897,0.19105606563372948,39,38,1
2024-12-31,2024-12-30,1.039649073678179,1.0393129091469753,-0.00394470913411582,-0.00426677786709917,0.022385991427972374,0.02153922195226639,101,100,0.19753332399885398,0.19785866982231798,0.0003361645312038619,0.38031293811700606,0.19015646905850303,39,38,1
2025-01-02,2024-12-31,1.0132003284806577,1.0129410338432532,-0.025124849731492094,-0.025374336325108326,0.022970836465118064,0.022677367879908268,101,100,0.15198004927209866,0.1528241889466489,0.0002592946374045731,0.3008331419274371,0.15041657096371855,31,30,1
2025-01-03,2025-01-02,0.9924350469070828,0.9921659244158763,-0.020244008536575375,-0.020509692798753476,0.02195640347182851,0.022129769760793824,101,100,0.15878960750513327,0.15804429700305014,0.0002691224912064352,0.31924900828078784,0.15962450414039392,33,32,1
2025-01-06,2025-01-03,0.9725322688033053,0.97225306784236,-0.019788681640250827,-0.020070087153254867,0.019985507293692764,0.02055586961329413,101,100,0.16533048569656192,0.16363879047937147,0.0002792009609452457,0.33826052536100215,0.16913026268050108,35,34,1
2025-01-07,2025-01-06,0.9810082796815784,0.9806267358110139,0.009005075045582789,0.008612642372254786,0.017758175431239483,0.01810900598845373,101,100,0.225631904326763,0.22378611633487436,0.0003815438705644197,0.4581184786814564,0.2290592393407282,47,46,1
2025-01-08,2025-01-07,0.9839560960687969,0.9836059451859713,0.0033951351071714875,0.003038066642649273,0.016388530483879393,0.016661683028746637,101,100,0.20663078017444736,0.2056112861099128,0.00035015088282557276,0.41896388256690753,0.20948194128345377,43,42,1
2025-01-09,2025-01-08,0.9702140737306411,0.9699368607402796,-0.013615077786865437,-0.013896911169144377,0.01322142936013574,0.013631226830625677,101,100,0.16493639253420897,0.1620465044008267,0.00027721299036143494,0.3370213912458823,0.16851069562294116,35,34,1
2025-01-10,2025-01-09,0.975033482651786,0.9747348719682482,0.0052545914252775106,0.004946725320147616,0.013150489446209295,0.01349135013468326,101,100,0.17550602687732147,0.17573369764693303,0.0002986106835380192,0.36023350046297115,0.18011675023148557,37,36,1
2025-01-13,2025-01-10,0.9494655785970486,0.9490923511993079,-0.02592427345927839,-0.026307174911226028,0.014583040693234016,0.015365249414144314,101,100,0.2183770830773211,0.22018286172208654,0.00037322739774068805,0.46190188953182854,0.23095094476591427,47,46,1
2025-01-14,2025-01-13,0.9667350252788863,0.9663901951138567,0.018588996168059424,0.018225669917885767,0.013970720532860954,0.014456604178620595,101,100,0.20301435530856612,0.20274686531322264,0.00034483016502968416,0.41972330577836847,0.20986165288918424,43,42,1
2025-01-15,2025-01-14,0.9956167516829367,0.9952940964297521,0.03024301852072986,0.02990914173388326,0.014621740180722759,0.014690874017210412,101,100,0.189167182819758,0.1901408577208044,0.0003226552531847397,0.38097796154936187,0.19048898077468093,39,38,1
2025-01-16,2025-01-15,0.993718880558827,0.9934319343388377,-0.00158266373384075,-0.0018709666796922209,0.014117942604198512,0.01421128324568555,101,100,0.16893220969500058,0.16871535833846563,0.0002869462199893126,0.3397817779647972,0.1698908889823986,35,34,1
2025-01-17,2025-01-16,0.9930043955753934,0.9927839582575286,-0.00043036543185903664,-0.0006522601689267216,0.014791456597892154,0.01489896817415662,101,100,0.12909057142480113,0.12998452273635963,0.00022043731786487622,0.2609002490981326,0.1304501245490663,27,26,1
2025-01-20,2025-01-17,1.004787122621994,1.004546975327414,0.012090409262386359,0.011848516459241676,0.01546763602695305,0.015397623413192452,101,100,0.14067019716707918,0.14158652389072002,0.00024014729458003947,0.2809119610542477,0.14045598052712385,29,28,1
2025-01-21,2025-01-20,1.0079269292507467,1.0076053215156011,0.0033646549204240372,0.0030445029085774955,0.011552698289566142,0.011465499479686172,101,100,0.19150611655764185,0.1879127865554005,0.00032160773514552585,0.37643493005498674,0.18821746502749337,39,38,1
2025-01-22,2025-01-21,0.9950386732948187,0.9947517889251336,-0.012471796200798302,-0.012756515191021167,0.010645989467947719,0.01070215664497684,101,100,0.16915657446011917,0.16853675000818577,0.0002868843696850758,0.33937708506355735,0.16968854253177867,35,34,1
2025-01-23,2025-01-22,0.9978881767880349,0.9976853538572765,0.0031529351319792287,0.002949042127697643,0.009764750804157164,0.009787405183813148,101,100,0.11974658121456419,0.11906816548153201,0.0002028229307584237,0.23932014854087577,0.11966007427043789,25,24,1
2025-01-24,2025-01-23,0.9898239701519188,0.9894864454327923,-0.007879622242587647,-0.008217930024516651,0.010322289062123043,0.010431966107032592,101,100,0.19796479403038372,0.19885985700747613,0.00033752471912645366,0.40090426480271535,0.20045213240135767,41,40,1
2025-01-27,2025-01-24,1.0059252330586423,1.005597874234111,0.016613454081889856,0.016282616983471332,0.012217634104252188,0.012149622048035305,101,100,0.19112579428114201,0.19334849814780244,0.0003273588245312676,0.38220961140412196,0.19110480570206098,39,38,1
2025-02-05,2025-01-27,1.0076437761926578,1.0073548464596913,0.002034513010585881,0.0017471916663691633,0.00985659677748846,0.009784632309189833,101,100,0.17129944195275182,0.16922733435895454,0.0002889297329665011,0.33794361098360903,0.16897180549180452,35,34,1
2025-02-06,2025-02-05,1.0007635972036397,1.000389662808942,-0.0065431255721023485,-0.006914329816576803,0.009163398149724182,0.009159828905063607,101,100,0.2201679913848008,0.21984872715173415,0.00037393439469778805,0.4396809793701943,0.21984048968509715,45,44,1
2025-02-07,2025-02-06,1.0220775177146364,1.0218154736954284,0.021679407246970372,0.021417465296798444,0.010187037940324457,0.009969547538248474,101,100,0.15331162765719547,0.15459731146700367,0.00026204401920802136,0.30125791223026116,0.15062895611513058,31,30,1
2025-02-10,2025-02-07,1.037954967118411,1.037794497270787,0.01579491976629943,0.015637875904902954,0.011538147779057628,0.01111795043180599,101,100,0.09341594704065699,0.0949275267270143,0.0001604698476241099,0.18145630565317666,0.09072815282658833,19,18,1
2025-02-11,2025-02-10,1.0414525487375255,1.0412736330354426,0.0035248322055652093,0.0033524322722899846,0.013058112801841847,0.012540519982029909,101,100,0.10414525487375255,0.10584413559861952,0.00017891570208273305,0.2016312608067707,0.10081563040338536,21,20,1
2025-02-12,2025-02-11,1.036259835695917,1.0360305829125445,-0.004815062228081035,-0.005035227971358469,0.013046459730826666,0.012592736108377961,101,100,0.1347137786404692,0.13493137835282643,0.00022925278337239068,0.2602099856665882,0.1301049928332941,27,26,1
2025-02-13,2025-02-12,1.0441870187898512,1.0439376947902277,0.007872775197790949,0.00763212207061903,0.013531216778200836,0.012961709157288207,101,100,0.14618618263057917,0.14692026367757705,0.0002493239996236824,0.28070301682915827,0.14035150841457913,29,28,1
2025-02-14,2025-02-13,1.0378643037480604,1.037582241951777,-0.005817771570541641,-0.006087961829683408,0.013033432858014941,0.012561349193388263,101,100,0.16605828859968966,0.1658425664757869,0.0002820617962831794,0.31979214804563205,0.15989607402281603,33,32,1
2025-02-17,2025-02-14,1.044829890411282,1.0445765200125539,0.0069851315553277615,0.006740938479845138,0.01705359410496298,0.016325844759326993,101,100,0.14627618465757947,0.15054971630325564,0.0002533703987281289,0.2840901697825604,0.1420450848912802,29,28,1
2025-02-18,2025-02-17,1.042503132327689,1.0422369882502467,-0.0019849074195540384,-0.0022396939979840713,0.017065430662752845,0.016373848611344183,101,100,0.15637546984915332,0.15665345048438553,0.0002661440774423161,0.3002666472901731,0.15013332364508655,31,30,1
2025-02-19,2025-02-18,1.02415569314674,1.0238782552689496,-0.0173485448197942,-0.017614739438597926,0.01575847392519243,0.015390964544952698,101,100,0.16386491090347838,0.16283539204370817,0.0002774378777901659,0.31899476332879917,0.15949738166439958,33,32,1
2025-02-20,2025-02-19,1.0356384556626792,1.0353551119908246,0.01148593627534411,0.011209200569320066,0.016975141084616355,0.01639547715370414,101,100,0.16570215290602866,0.16720216373730717,0.000283343671854655,0.32144839236422396,0.16072419618211198,33,32,1
2025-02-21,2025-02-20,1.0388555986634993,1.038660816011359,0.00338095271094363,0.0031928214602408023,0.0172500449689097,0.016607967397049714,101,100,0.11427411585298491,0.1147438023894184,0.0001947826521401513,0.2204521191752133,0.11022605958760665,23,22,1
2025-02-24,2025-02-21,1.0420248126067782,1.0417072554527393,0.003238782616578728,0.0029330455086187257,0.01574845270676832,0.015117925524982392,101,100,0.18756446626922008,0.18638043116111755,0.0003175571540387612,0.3588637169731684,0.1794318584865842,37,36,1
2025-02-25,2025-02-24,1.0420012118618052,1.0416436580131898,0.0002821871572145085,-6.105116309462755e-05,0.018366750296484775,0.01763246975603648,101,100,0.208400242372361,0.21137609381069275,0.00035755384861517914,0.4028559001702259,0.20142795008511294,41,40,1
2025-02-26,2025-02-25,1.0414641891996694,1.041249589322697,-0.00017229386665940094,-0.00037831429919565895,0.020098679851713847,0.01930246125214557,101,100,0.12497570270396036,0.1269222321361616,0.00021459987697215404,0.2418690315542171,0.12093451577710855,25,24,1
2025-02-27,2025-02-26,1.0541642013634753,1.0539480147179325,0.01240299364648867,0.012195371335988359,0.02091626453779524,0.019845632085936465,101,100,0.12649970416361703,0.12753347549524138,0.00021618664554293561,0.2409806549399868,0.1204903274699934,25,24,1
2025-02-28,2025-02-27,1.052053469256545,1.051767555692234,-0.0017975701219897777,-0.0020688487432486413,0.02040764249471605,0.019403186934478605,101,100,0.16832855508104722,0.1681058466022792,0.0002859135643111353,0.31978831068450786,0.15989415534225393,33,32,1
2025-03-03,2025-02-28,1.0366904622655126,1.0363933095475404,-0.014335005244384136,-0.014617532230849939,0.0178824664838257,0.01725451748779879,101,100,0.17623737858513716,0.17400935529221934,0.0002971527179725234,0.3378508307214008,0.1689254153607004,35,34,1
2025-03-04,2025-03-03,1.0358692640665281,1.0354642919108494,-0.0005056434426820022,-0.0008963948610364314,0.01742956108126085,0.01683260467543142,101,100,0.2382499307353014,0.2382019974884152,0.00040497215567843805,0.45995372654779026,0.22997686327389513,47,46,1
2025-03-05,2025-03-04,1.0458987786220328,1.045561838275776,0.010077109169962295,0.009751708913392498,0.016288112336564055,0.01557833476729085,101,100,0.19872076793818627,0.19791625953974612,0.00033694034625663224,0.37923079707627155,0.18961539853813578,39,38,1
2025-03-06,2025-03-05,1.0444042766460182,1.0441205740072037,-0.001107119241906207,-0.0013784591363330545,0.015663205667551583,0.015001338023096476,101,100,0.16710468426336292,0.16676348023316498,0.00028370263881449917,0.31967330272593897,0.15983665136296948,33,32,1
2025-03-07,2025-03-06,1.050585395191734,1.0503876666562915,0.006191642369155925,0.006002269091428314,0.0166191739881337,0.01582194318887775,101,100,0.11556439347109076,0.11671809032711532,0.00019772853544248128,0.22109814667261202,0.11054907333630601,23,22,1
2025-03-10,2025-03-07,1.054113805172279,1.053753924236661,0.0035473936283438867,0.00320477637659744,0.017606785652183925,0.01670863115877673,101,100,0.21082276103445582,0.21217025363412417,0.00035988093561821005,0.40127831795111363,0.20063915897555681,41,40,1
2025-03-11,2025-03-10,1.0506151655740754,1.050240449776079,-0.0029786448148786393,-0.0033342456713761903,0.01691041884152706,0.016101473567441165,101,100,0.22062918477055585,0.22030753375789502,0.00037471579799601835,0.4196938450698215,0.20984692253491075,43,42,1
2025-03-12,2025-03-11,1.0647047776427108,1.0644331806840936,0.013772396473317627,0.01351379192359281,0.01672722217216275,0.01571467563742464,101,100,0.15970571664640662,0.15979411693565945,0.0002715969586170695,0.30008302798213093,0.15004151399106547,31,30,1
2025-03-13,2025-03-12,1.0631653139385693,1.0629490735985814,-0.0011911191501090546,-0.001394269844687157,0.01592426905438698,0.014981215422179969,101,100,0.12757983767262832,0.1269931248948404,0.0002162403399879014,0.2394481452977295,0.11972407264886475,25,24,1
2025-03-14,2025-03-13,1.0642377252385524,1.0639098439603505,0.0012123361993330306,0.0009038724296701606,0.01761869166582928,0.016560323946477076,101,100,0.19156279054293945,0.19358509443258337,0.0003278812782016051,0.3619002369881134,0.1809501184940567,37,36,1
2025-03-17,2025-03-14,1.0842190440140622,1.0839041229838602,0.019089211523893646,0.01879320803075002,0.01874170380129326,0.01729092398846086,101,100,0.18431723748239057,0.18575517064805677,0.00031492103020229706,0.34132623861719175,0.17066311930859587,35,34,1
2025-03-18,2025-03-17,1.0893252392647443,1.08906673875165,0.0050014721467803724,0.004762981944913758,0.01779329978773228,0.016338116990082693,101,100,0.1525055334970642,0.1518156299965977,0.00025850051309449603,0.27936666894734563,0.13968333447367282,29,28,1
2025-03-19,2025-03-18,1.0897810253516882,1.0894495240817603,0.0006558703655361597,0.0003514801402797474,0.015669322309034533,0.014382788704452719,101,100,0.19616058456330387,0.19436810835453402,0.0003315012699279695,0.3583551959824301,0.17917759799121505,37,36,1
2025-03-20,2025-03-19,1.0940715002145447,1.0938074803303772,0.004242487633082437,0.004000145167156743,0.01870609071236229,0.017101812749271233,101,100,0.15317001003003622,0.15647079831753136,0.0002640198841673062,0.2830169767577784,0.1415084883788892,29,28,1
2025-03-21,2025-03-20,1.0968627214173194,1.0964690785133677,0.0027932164863413433,0.002433333315828623,0.020187822723023774,0.018411666246343356,101,100,0.23034117149763705,0.23221654641225065,0.0003936429039520577,0.42170976265123705,0.21085488132561853,43,42,1
2025-03-24,2025-03-21,1.0896577165802208,1.0892508582926388,-0.006212087569657632,-0.006583149823536916,0.019168511327283533,0.017597884987971896,101,100,0.2397246976476485,0.23911224453949032,0.00040685828758202803,0.43943793991559066,0.21971896995779533,45,44,1
2025-03-25,2025-03-24,1.0835422172705578,1.0830628308863062,-0.00524088732969108,-0.005680993830963876,0.019107965141053118,0.01764252691177338,101,100,0.281720976490345,0.2821398166883661,0.00047938638425141025,0.5203865471887898,0.2601932735943949,53,52,1
2025-03-26,2025-03-25,1.0886748105456754,1.0883406333893175,0.005181582729394174,0.004873034465315618,0.019721664649049064,0.018120856691375867,101,100,0.19596146589822158,0.1969093425625754,0.000334177156357766,0.360870670153449,0.1804353350767245,37,36,1
2025-03-27,2025-03-26,1.0922348324397473,1.0919559842203719,0.0035781068269979954,0.0033218927237839146,0.0197413047053715,0.01807884657499842,101,100,0.16383522486596214,0.16413371314166,0.00027884821937540326,0.3002732821430271,0.15013664107151356,31,30,1
2025-03-28,2025-03-27,1.092955837572053,1.0926440292659816,0.0009156535301144686,0.0006301032784767902,0.015742286411235845,0.014407516070729117,101,100,0.185802492387249,0.18211528239918484,0.00031180830607145264,0.33662638703110354,0.16831319351555177,35,34,1
2025-03-31,2025-03-28,1.0794001432468139,1.079160588887204,-0.01212095217146314,-0.012340194992723763,0.016418121099195646,0.0152137886318898,101,100,0.14032201862208582,0.14123740766965548,0.00023955435960987256,0.2608480534797932,0.1304240267398966,27,26,1
2025-04-01,2025-03-31,1.0731970253650605,1.072985977387794,-0.005526113150863821,-0.005721679945499991,0.025625376324725918,0.023882303091333414,100,100,0.11805167279015666,0.12746997599295318,0.00021104797726634257,0.22877593114795747,0.11438796557397873,25,23,2
2025-04-02,2025-04-01,1.0828677448255708,1.0826198604470452,0.009209596067447201,0.008978573124231337,0.016433723998169787,0.01517958851353773,101,100,0.15160148427557993,0.14265771632754942,0.0002478843785256524,0.27174066455412693,0.13587033227706347,28,27,1
2025-04-03,2025-04-02,1.0777614796793777,1.0775045640948457,-0.0044876146699001085,-0.0047249238066694454,0.016548037839354268,0.01535774268692346,101,100,0.1508866071551129,0.15125783658082936,0.00025691558453198,0.2803444448820225,0.14017222244101124,29,28,1
2025-04-07,2025-04-03,1.0378417412261387,1.0375406970623071,-0.036809888505693444,-0.03708927865758982,0.017254176054611478,0.016629878811949213,101,100,0.1764330960084436,0.17744027838753226,0.0003010441638313516,0.3409704585382149,0.17048522926910745,35,34,1
2025-04-08,2025-04-07,0.966195030197962,0.9656945855871468,-0.06876421047034897,-0.06924654780153239,0.0088081222626019,0.009121022727124974,102,100,0.29952045936136834,0.2915748501801739,0.0005004446108150119,0.6117763919986565,0.30588819599932826,63,61,2
2025-04-09,2025-04-08,0.9635150968795404,0.9629602640993005,-0.0022569130449057173,-0.0028314557507681526,0.006363338794828895,0.006608101114931059,101,100,0.32759513293904374,0.3257051822515107,0.0005548327802400879,0.6780384835757594,0.3390192417878797,70,69,1
2025-04-10,2025-04-09,1.0051211699153213,1.0048961414657138,0.043782601824651435,0.04354891777973613,0.008771647669057598,0.008728909692362351,101,100,0.13066575208899178,0.13329908941282798,0.000225028449607506,0.2626199202669844,0.1313099601334922,27,26,1
2025-04-11,2025-04-10,1.0031314668128528,1.0028923299521804,-0.0017560766531425909,-0.0019940483706214485,0.008888484963726824,0.008862850675257076,101,100,0.1404384053537994,0.14079437950914095,0.00023913686067233482,0.28035486291390355,0.14017743145695177,29,28,1
2025-04-14,2025-04-11,1.0260734604485633,1.025843138086924,0.023114276382478982,0.02288461826788324,0.011894641584237054,0.011594990640010667,101,100,0.13338954985831322,0.13662602884046293,0.0002303223616394971,0.2631542371057281,0.13157711855286405,27,26,1
2025-04-15,2025-04-14,1.0292315657919304,1.029052534507306,0.00330306611137976,0.0031285449999376436,0.015408263426650505,0.014973252491941761,101,100,0.10292315657919303,0.1066158097062309,0.0001790312846243698,0.20358777679364756,0.10179388839682378,21,20,1
2025-04-16,2025-04-15,1.0264897104976878,1.026262965367169,-0.0024904695568777058,-0.0027108131476227815,0.015082340567773071,0.014696370303469947,101,100,0.13344366236469943,0.13334448463634072,0.00022674513051879457,0.25990338166340643,0.12995169083170321,27,26,1
2025-04-17,2025-04-16,1.0122731203427715,1.0121345893280007,-0.013631832674963928,-0.013766818560108196,0.015727328102177432,0.015538771491466838,101,100,0.08098184962742172,0.0817653681765968,0.0001385310147707095,0.16077401892180024,0.08038700946090012,17,16,1
2025-04-18,2025-04-17,1.0210141368523125,1.0207862807606438,0.00877308968386048,0.008547965383128853,0.01751035148709172,0.017153788032930654,101,100,0.1327318377908006,0.13474271726738352,0.0002278560916686023,0.2619694922959463,0.13098474614797315,27,26,1
2025-04-21,2025-04-18,1.0218087315602564,1.021566977680579,0.0010016306242386364,0.0007647995811164154,0.01596259903120146,0.015625602021165377,101,100,0.14305322241843588,0.14174722384222319,0.00024175387967750707,0.27872187569368434,0.13936093784684217,29,28,1
2025-04-22,2025-04-21,1.0337777900723881,1.0335122139399011,0.011953021836642819,0.011693052457943942,0.017481382915525437,0.01691453925724189,101,100,0.1550666685108582,0.15685102852766913,0.0002655761324869511,0.3017260576053641,0.15086302880268204,31,30,1
2025-04-23,2025-04-22,1.0429030967294681,1.0426180536019984,0.009086378141355045,0.008810577697369038,0.018444962660245326,0.017691006401167088,101,100,0.1668644954767149,0.16811311834890463,0.0002850431274698241,0.3211972568459192,0.1605986284229596,33,32,1
2025-04-24,2025-04-23,1.0435948082178423,1.043327107449871,0.0009368287960000998,0.0006800705641176741,0.019617345415692523,0.01880267969231796,101,100,0.1565392212326764,0.15797930475609487,0.00026770076797131,0.30137992591768237,0.15068996295884118,31,30,1
2025-04-25,2025-04-24,1.0429275366873452,1.0426427694827294,-0.00038297745709148234,-0.0006559188985457709,0.020324318790169153,0.019493079878405862,101,100,0.16686840586997523,0.16786014644906783,0.00028476720461595976,0.32095091992895564,0.16047545996447782,33,32,1
2025-04-28,2025-04-25,1.0453208627886428,1.0450005412947978,0.002568562679662545,0.0022613419294492676,0.020416097143129558,0.019536924945352842,101,100,0.1881577553019557,0.18856985514876098,0.00032032149384481046,0.36039423287286726,0.18019711643643363,37,36,1
2025-04-29,2025-04-28,1.0288430633772334,1.0285473882587108,-0.015461693347588734,-0.015744635898179427,0.01861085221248318,0.018094307005135275,101,100,0.17490332077412968,0.17339375096200596,0.0002956751185226844,0.33853275016777734,0.16926637508388867,35,34,1
2025-04-30,2025-04-29,1.0365987762333142,1.0362288915711042,0.007827921266937432,0.0074683027734849805,0.018076330363514408,0.017444341217033168,101,100,0.21768574300899593,0.21752110582223697,0.0003698846622098585,0.4198411755922023,0.20992058779610115,43,42,1
2025-05-06,2025-04-30,1.0482876480969598,1.0479139516456422,0.011637155288705125,0.011276524105423569,0.017209689318535573,0.016422807704305785,101,100,0.22014040610036156,0.21964746150670042,0.0003736964513175873,0.41952976208910214,0.20976488104455107,43,42,1
2025-05-07,2025-05-06,1.080301180686994,1.0798905029992227,0.030906382141864697,0.030514481941350757,0.022839962716569823,0.021150257968873223,101,100,0.23766625975113864,0.2437072108369442,0.0004106776877713213,0.44559191380496677,0.22279595690248338,45,44,1
2025-05-08,2025-05-07,1.0741201579507327,1.073862875170255,-0.00534345383394319,-0.0055817027858166,0.024075573468374134,0.02241959753432866,101,100,0.15037682211310258,0.15186971564538465,0.00025728278047778473,0.28138987572408125,0.14069493786204063,29,28,1
2025-05-09,2025-05-08,1.0875746658516041,1.0870588394048708,0.01276866069066318,0.012288314029408776,0.02186966137437002,0.02011819469343807,101,100,0.30452090643844915,0.3028308207911785,0.0005158264467333654,0.5584460049499707,0.2792230024749853,57,56,1
2025-05-12,2025-05-09,1.086158064247279,1.0855325761457926,-0.0008286351436919137,-0.001404030033842374,0.019143028138154494,0.017634687856279946,101,100,0.3692937418440748,0.3671925967093459,0.0006254881014867254,0.6780655254480064,0.3390327627240032,69,68,1
2025-05-13,2025-05-12,1.0988588104300692,1.0986358647771277,0.012276217754414676,0.012070838700998454,0.017809587588406665,0.016210637354369974,101,100,0.1318630572516083,0.13075256235480173,0.00022294565294124694,0.2389894107538966,0.1194947053769483,25,24,1
2025-05-14,2025-05-13,1.0895542899308375,1.0893701299008152,-0.008266228272215126,-0.008433854358279369,0.016657973680271998,0.01529138097607713,101,100,0.10895542899308375,0.10798797511497142,0.00018416003002231883,0.19911206455056615,0.09955603227528308,21,20,1
2025-05-15,2025-05-14,1.0895592332340582,1.089299059807566,0.000173589607473712,-6.523961994042704e-05,0.017178099328896468,0.015769865193798225,101,100,0.15253829265276816,0.153318591727885,0.00026017342649233444,0.28071616030713703,0.14035808015356852,29,28,1
2025-05-16,2025-05-15,1.0782718661133077,1.0780349483766654,-0.010123201332980503,-0.010340696918338055,0.015686321802590712,0.014550847193044721,101,100,0.14017534259473002,0.13892048280506666,0.00023691773664241144,0.2588362306120566,0.1294181153060283,27,26,1
2025-05-19,2025-05-16,1.083836834813984,1.0835779668290264,0.005381909414027053,0.005141779921613798,0.01625910679211414,0.01500501790350597,101,100,0.15173715687395775,0.1525688098484388,0.0002588679849576574,0.2807673230395641,0.14038366151978204,29,28,1
2025-05-20,2025-05-19,1.0891278165801845,1.0889060729535258,0.005121781653976587,0.0049171414403077485,0.01563877414406796,0.014361912870638769,101,100,0.13069533798962216,0.13029674896823476,0.00022174362665883156,0.2396340291604718,0.1198170145802359,25,24,1
2025-05-21,2025-05-20,1.0952236622321816,1.095036441222486,0.005801776145411663,0.005629841196800767,0.01639063233077518,0.014968115866972307,101,100,0.10952236622321815,0.11046144541962091,0.000187221009695514,0.20085743143504478,0.10042871571752239,21,20,1
2025-05-22,2025-05-21,1.0917163146419029,1.0914918371846025,-0.0030319781658376677,-0.003236973587770531,0.017772817703892337,0.016283051414965777,101,100,0.13100595775702834,0.1326126205874459,0.00022447745730040758,0.24147168528020443,0.12073584264010222,25,24,1
2025-05-23,2025-05-22,1.081348359803418,1.0811092160582807,-0.009293223307421772,-0.009512321368433496,0.017684362704796314,0.0163576097975313,101,100,0.14057528677444434,0.14072597552048544,0.00023914374513720062,0.26013935263754273,0.13006967631877137,27,26,1
2025-05-26,2025-05-23,1.0725476258222415,1.0722393230665777,-0.007919264870624887,-0.008204437498038009,0.01586377976862402,0.014794999052314186,101,100,0.18233309638978107,0.18082081620927284,0.00030830275566406874,0.3385900111621162,0.1692950055810581,35,34,1
2025-05-27,2025-05-26,1.0790146832459553,1.0787393782912738,0.006318887988551181,0.0060621309859314465,0.015730484317437975,0.014582284316305488,101,100,0.16185220248689325,0.16199421199038877,0.00027530495468156354,0.3001316103531309,0.15006580517656545,31,30,1
2025-05-28,2025-05-27,1.0810084734422079,1.0807700018032147,0.0021034692870194327,0.0018824041773255473,0.015099982098874982,0.013971503718350214,101,100,0.14053110154748702,0.14013907096791717,0.00023847163899320104,0.25963734735739713,0.12981867367869857,27,26,1
2025-05-29,2025-05-28,1.0772859182930343,1.077104055360731,-0.0032237048626140297,-0.0033919764948761033,0.013758415706030458,0.012773525118167577,101,100,0.10772859182930344,0.10656888836876215,0.00018186293230322033,0.19892349520136787,0.09946174760068394,21,20,1
2025-05-30,2025-05-29,1.0957657516196386,1.095260962406239,0.017325806328579496,0.016857152245543405,0.01491974777102028,0.013622093987758191,101,100,0.2958567529373024,0.2975228742156919,0.0005047892133996427,0.541520508626891,0.2707602543134455,55,54,1
2025-06-03,2025-05-30,1.0883443644522046,1.0879896420867832,-0.00631502280409868,-0.0066388929844455324,0.017462421499410637,0.016050172560390746,101,100,0.20678542924591886,0.2096828253397306,0.00035472236542125475,0.3826622052619072,0.1913311026309536,39,38,1
2025-06-04,2025-06-03,1.096799159715542,1.096518705999252,0.008097060199821371,0.00783928778596632,0.01788190465817286,0.016307888374669514,101,100,0.1645198739573313,0.16521981083238357,0.0002804537162900207,0.3006381632123367,0.15031908160616836,31,30,1
2025-06-05,2025-06-04,1.106398659134984,1.106079536035173,0.009010291463042774,0.008719258489264137,0.01699358821372368,0.015363803108263357,101,100,0.18808777205294724,0.18751857870830907,0.0003191230998109085,0.33948554407587295,0.16974277203793647,35,34,1
2025-06-06,2025-06-05,1.1109649240147688,1.1107008903457716,0.0044168505251511725,0.004178139238670164,0.016387751891766056,0.014754424016590457,101,100,0.1555350893620676,0.15519328670910723,0.00026403366899725847,0.2796923371336287,0.13984616856681434,29,28,1
2025-06-09,2025-06-06,1.1140503555525094,1.1137843695616723,0.0030156320534642234,0.0027761562475572266,0.016887226096917056,0.015162024677687829,101,100,0.15596704977735132,0.15673250997333943,0.0002659859908370842,0.2806870965860502,0.1403435482930251,29,28,1
2025-06-10,2025-06-09,1.1248303098359809,1.1245794130845364,0.009917485445280372,0.00969222034163808,0.018735650228007106,0.016660139790944866,101,100,0.14622794027867753,0.14832726116121212,0.00025089675144453986,0.26186634451808183,0.13093317225904091,27,26,1
2025-06-11,2025-06-10,1.1165629939597108,1.1164081749845383,-0.0071283708660803136,-0.007266039200900631,0.021277565792883202,0.019058948393295208,101,100,0.08932503951677687,0.09202177405682552,0.00015481897517257413,0.1624152103863707,0.08120760519318534,17,16,1
2025-06-12,2025-06-11,1.1235633213060654,1.12329648644944,0.006409077326602564,0.006170065410885384,0.02048962744045063,0.01824062274530481,101,100,0.15729886498284912,0.15677776148704212,0.00026683485662545566,0.2795362046037589,0.13976810230187944,29,28,1
2025-06-13,2025-06-12,1.121069982334605,1.1208219535750845,-0.0019821161569484325,-0.002202920514936313,0.020489138157790104,0.018280457562805514,101,100,0.14573909770349866,0.14598663718035862,0.00024802875952049377,0.2602208064445223,0.13011040322226114,27,26,1
2025-06-16,2025-06-13,1.1089263917702066,1.1087355225497049,-0.010613248399475639,-0.010783542369800614,0.02243620884727396,0.020235852816980652,101,100,0.11089263917702066,0.11303057908700638,0.00019086922050191938,0.20192793671956252,0.10096396835978126,21,20,1
2025-06-17,2025-06-16,1.1192728326007746,1.1188562340008035,0.009503898663621335,0.009128156575902269,0.02019284713674371,0.018047758526167544,101,100,0.24624002317217034,0.24441326006161118,0.0004165985999710749,0.4383679018579281,0.21918395092896406,45,44,1
2025-06-18,2025-06-17,1.1214920797052563,1.1212511211708185,0.0023558394942553296,0.0021404780142766366,0.031019297854985466,0.02766489796023115,100,100,0.13457904956463076,0.14564645881731036,0.00024095853443781997,0.249868468492072,0.124934234246036,27,25,2
2025-06-19,2025-06-18,1.115216467930281,1.1149840941855915,-0.005382071087015827,-0.0055893161370335065,0.017978656179938768,0.016124585340448975,101,100,0.14497814083093652,0.13216987290057902,0.00023237374468919865,0.248514993905956,0.124257496952978,26,25,1
2025-06-20,2025-06-19,1.1019941967617624,1.1017885395170084,-0.011650298413734106,-0.011834747004370039,0.017395117080176242,0.015788072262760827,101,100,0.12121936164379388,0.12084147978878526,0.00020565724475394003,0.21965709269965397,0.10982854634982699,23,22,1
2025-06-23,2025-06-20,1.0949061676942666,1.0947001673143888,-0.006246545118139268,-0.006433514189326139,0.01832814080865744,0.01674261259466287,101,100,0.12043967844636932,0.12157870255472854,0.000206000379878023,0.22104029380961276,0.11052014690480638,23,22,1
2025-06-24,2025-06-23,1.1120789352738318,1.1117373640768389,0.015875367957673747,0.01556334535350179,0.01914569942886926,0.017221423015468595,101,100,0.20017420834928976,0.2013333381664943,0.0003415711969927178,0.3610423089408839,0.18052115447044195,37,36,1
2025-06-25,2025-06-24,1.1317359838240622,1.1314668047688894,0.017988618889165142,0.017746494207679486,0.018718239485197546,0.016543339500818044,101,100,0.15844303773536866,0.15828475684686982,0.00026917905517277784,0.2798601432747909,0.13993007163739546,29,28,1
2025-06-26,2025-06-25,1.139429845893811,1.1392344717494418,0.007037803576171342,0.00686513024316171,0.020042020401967647,0.01759253331861573,101,100,0.1139429845893811,0.1154621396505204,0.000195374144369201,0.20133325896860954,0.10066662948430477,21,20,1
2025-06-27,2025-06-26,1.1395284074418706,1.1393601709172916,0.0002580115856021248,0.00011033652067848898,0.031928930392817384,0.02802356200244529,100,100,0.09116227259534965,0.10321741911077843,0.00016823652457906605,0.17057906624942454,0.08528953312471227,19,17,2
2025-06-30,2025-06-27,1.1449087494584085,1.1446575617132044,0.004869907411850116,0.004649443548345067,0.030007662259952786,0.026215405605708345,100,100,0.14883813742959315,0.14716805704193245,0.00025118774520388145,0.25854129825765537,0.12927064912882769,28,26,2
2025-07-01,2025-06-30,1.1497847500034966,1.1494698960272465,0.004479233319891973,0.004204169417130643,0.03161328487392987,0.02750249048121268,100,100,0.18396556000055944,0.18588603659078667,0.00031485397625020115,0.32167029227881255,0.16083514613940628,34,32,2
2025-07-02,2025-07-01,1.151803587227651,1.1515688352609228,0.002030232551953004,0.0018260062668282728,0.031182201029046074,0.027078017461266916,100,100,0.13821643046731813,0.13802009858916278,0.00023475196672846998,0.23982954396015735,0.11991477198007867,26,24,2
2025-07-03,2025-07-02,1.15784529426996,1.1575286671459608,0.0054503550433571135,0.005175402201369694,0.032404850230215165,0.0279948576220696,100,100,0.1852552470831936,0.18679452340836183,0.0003166271239991139,0.3213294317753727,0.16066471588768635,34,32,2
2025-07-04,2025-07-03,1.1632509984898518,1.1628331871094195,0.0049435763504674934,0.004582625134060603,0.03428774246023375,0.029486381056483695,100,100,0.24428270968286883,0.24658341329331965,0.00041781138043237254,0.4219778221668733,0.21098891108343665,44,42,2
2025-07-07,2025-07-04,1.157159693256502,1.1569246192615092,-0.004879026429423394,-0.005081182678143059,0.03315577534581937,0.028658544207472603,100,100,0.13885916319078023,0.1379622700713588,0.00023507399499296273,0.2392249184579724,0.1196124592289862,26,24,2
2025-07-08,2025-07-07,1.161683414869327,1.1614392107011768,0.00411331518803304,0.0039022347389836565,0.02152260159959386,0.018530975535603254,101,100,0.15101884393301251,0.13962987435493723,0.0002442041681502384,0.2501961503174629,0.12509807515873145,26,25,1
2025-07-09,2025-07-08,1.1736248003101186,1.1733244114356653,0.010491801462071404,0.010233166424020723,0.02223544033772544,0.018950803478569433,101,100,0.1760437200465178,0.17705694765910235,0.00030038887445292317,0.3008633318010295,0.15043166590051474,31,30,1
2025-07-10,2025-07-09,1.1720167852579424,1.1717591181602707,-0.0011144626029923055,-0.001334066912900389,0.020751762448996455,0.01770992188358467,101,100,0.15236218208353253,0.15113617129247528,0.00025766709767184235,0.25895393068898126,0.12947696534449063,27,26,1
2025-07-11,2025-07-10,1.1815311963805757,1.1812125071400714,0.008339664756052967,0.008067689709676085,0.017990123289474524,0.015230217408577783,101,100,0.18904499142089212,0.18660204150187473,0.00031868924050459745,0.3179323864435396,0.1589661932217698,33,32,1
2025-07-14,2025-07-11,1.1842573784515313,1.18397496040285,0.002577750652871247,0.0023386590017295816,0.01822115306787525,0.015389812856916724,101,100,0.16579603298321438,0.1663094808102964,0.0002824180486812548,0.28043356101167244,0.14021678050583622,29,28,1
2025-07-15,2025-07-14,1.1863043934576256,1.1860845500283699,0.001967468175157139,0.0017817856762798456,0.01618722571055664,0.013647615349318444,101,100,0.13049348328033883,0.12867939935227593,0.00021984342925570686,0.21847081074801086,0.10923540537400543,23,22,1
2025-07-16,2025-07-15,1.1753684146399432,1.1750294750739678,-0.00903488321146273,-0.009320646621809203,0.015173826276011526,0.01291357076387921,101,100,0.19981263048879036,0.1991381706202207,0.0003389395659755173,0.3394261715219085,0.16971308576095426,35,34,1
2025-07-17,2025-07-16,1.1804644501488384,1.180182756568909,0.004625394673208882,0.004385661469995528,0.015567624327037781,0.013190858992294396,101,100,0.16526502302083737,0.16594051465179302,0.00028169357992947474,0.28057222530578574,0.14028611265289287,29,28,1
2025-07-18,2025-07-17,1.1860960368082591,1.1858557023645842,0.005010478425004017,0.0048068367073654805,0.013846246398068451,0.011676164621428372,101,100,0.1423315244169911,0.1408504809316969,0.00024033444367506132,0.23875132920157152,0.11937566460078576,25,24,1
2025-07-21,2025-07-18,1.1945696279761686,1.1943041354771018,0.0073482174890326935,0.007124334854292647,0.014937673248444442,0.012507428220933963,101,100,0.15529405163690194,0.156650970986345,0.0002654924990671208,0.2611359064533911,0.13056795322669554,27,26,1
2025-07-22,2025-07-21,1.213773081648433,1.2134553956789416,0.016301497745005777,0.01603549684954353,0.022050745161564897,0.018171862962649124,101,100,0.18206596224726496,0.18949672012987656,0.00031768596949122293,0.3061220321944526,0.1530610160972263,31,30,1
2025-07-23,2025-07-22,1.224733874265393,1.2244427954318298,0.009294514348540117,0.00905463834271436,0.021388913135363036,0.017468282891745637,101,100,0.17146274239715503,0.17109198920451651,0.00029107883356326134,0.2796972785676718,0.1398486392838359,29,28,1
2025-07-24,2025-07-23,1.2184939355168958,1.218263700118855,-0.0048584220815607315,-0.0050464548740274395,0.0233196160092244,0.01914168172863504,101,100,0.13403433290685854,0.13619527117876065,0.00023023539804075183,0.22177345016574534,0.11088672508287267,23,22,1
2025-07-25,2025-07-24,1.236999037062513,1.2366401381261538,0.015378720503475662,0.015084121775528647,0.024239094025781935,0.019600766042181646,101,100,0.21028983630062723,0.21156821325354408,0.00035889893635927486,0.3410334502409578,0.1705167251204789,35,34,1
2025-07-28,2025-07-25,1.2399375547260845,1.239664965791892,0.002666431808470371,0.0024460047611922775,0.022659900180852427,0.018279051845574577,101,100,0.16119188211439095,0.1598852772036542,0.00027258893419265426,0.25894623329557476,0.12947311664778738,27,26,1
2025-07-29,2025-07-28,1.2357794104223998,1.2354667030304287,-0.0031343592637628204,-0.0033866107999440676,0.020150503982596546,0.016310034040715262,101,100,0.18536691156335997,0.18317022275707484,0.00031270739197079833,0.2982224264397363,0.14911121321986814,31,30,1
2025-07-30,2025-07-29,1.236732717258488,1.2364777676831777,0.00102472549438537,0.000818366573756224,0.022310191670500773,0.018043342350023802,101,100,0.14840792607101855,0.15082256333423302,0.00025494957531026755,0.24195243259074362,0.12097621629537181,25,24,1
2025-07-31,2025-07-30,1.2327833242853141,1.232489728056529,-0.0029878769310879294,-0.0032253225499728755,0.022192775082799585,0.018006458453649437,101,100,0.17258966539994397,0.17276584504102788,0.00029359622878509685,0.28014291208975106,0.14007145604487553,29,28,1
2025-08-01,2025-07-31,1.2203233926142831,1.2200948094771362,-0.009871348349028919,-0.010056812886333644,0.02231206715296427,0.018287158489368512,101,100,0.13423557318757115,0.13458344839488276,0.00022858313714691376,0.22028506804787734,0.11014253402393867,23,22,1
2025-08-04,2025-08-01,1.2231027868419817,1.2228736146093895,0.002465363627056627,0.0022775321316579333,0.022493814422917344,0.018394226643038924,101,100,0.13454130655261798,0.13495222605516333,0.0002291722325922506,0.22033596481584863,0.11016798240792432,23,22,1
2025-08-05,2025-08-04,1.2389916033981774,1.2387792258677974,0.013180420769759005,0.013006749894991065,0.0238713985307875,0.019270099168853076,101,100,0.12389916033981774,0.12548912197806764,0.00021237753037976515,0.20128327071296456,0.10064163535648228,21,20,1
2025-08-06,2025-08-05,1.2452604166142835,1.2450458862155798,0.005231917529086694,0.005058738649247552,0.026235166204347515,0.021071646029120646,101,100,0.12452604166142833,0.12710433973369226,0.00021453039870391837,0.20207048906225897,0.10103524453112948,21,20,1
2025-08-07,2025-08-06,1.253017477278981,1.2527408103716406,0.006402648409715717,0.006180434184197114,0.025731267353161415,0.020539976937071224,101,100,0.16289227204626755,0.16266504010242186,0.0002766669073404245,0.25981865221517975,0.12990932610758987,27,26,1
2025-08-08,2025-08-07,1.2508829244180868,1.2506706644454606,-0.0014830569405674954,-0.0016524934040952344,0.02516434872174675,0.020120683595712594,101,100,0.12508829244180866,0.1247336337830204,0.0002122599726264077,0.19971647333905906,0.09985823666952953,21,20,1
2025-08-11,2025-08-08,1.2518428258294128,1.2515006984138295,0.000937226255700141,0.000663671094210061,0.026300554904067353,0.021015213924691425,101,100,0.20029485213270604,0.20177318573060987,0.0003421274155832943,0.32118092588574315,0.16059046294287158,33,32,1
2025-08-12,2025-08-11,1.2669361818975076,1.26669786788552,0.012333579600268152,0.012143157004188332,0.027332191776297088,0.021577514630163788,101,100,0.13936298000872582,0.14063293089294301,0.00023831401198747294,0.22100237952184393,0.11050118976092196,23,22,1
2025-08-13,2025-08-12,1.2702724292702836,1.2699698611742503,0.0028219526340014234,0.0025830889683204905,0.027250767195876546,0.021457806227527094,101,100,0.1778381400978397,0.17805928361345272,0.00030256809603350165,0.280174091407888,0.140087045703944,29,28,1
2025-08-14,2025-08-13,1.2741236708462247,1.273928674193254,0.003270793897528934,0.003117249582083259,0.02710643538950957,0.021277828137964923,101,100,0.11467113037616022,0.11472179522276402,0.00019499665297073658,0.1800397644653836,0.0900198822326918,19,18,1
2025-08-15,2025-08-14,1.2539617271383166,1.2537249303476377,-0.015673520393582496,-0.01585939955265625,0.028965954693332352,0.02310391537424446,101,100,0.13793578998521483,0.14003210607971647,0.00023679679067881702,0.22167175444763032,0.11083587722381516,23,22,1
2025-08-18,2025-08-15,1.2735818475699758,1.2733657929610904,0.015838336417887344,0.015666006265032006,0.028336895356008196,0.02225353901655663,101,100,0.1273581847569976,0.126945180028559,0.0002160546088856134,0.19967571402715373,0.09983785701357686,21,20,1
2025-08-19,2025-08-18,1.2859837781353414,1.2857616751760352,0.009909159837652837,0.009734737876160082,0.03128362605387521,0.024330812356490664,101,100,0.12859837781353414,0.13176721147070708,0.00022210295930589837,0.20246413190512227,0.10123206595256114,21,20,1
2025-08-20,2025-08-19,1.2894554768846083,1.2892350118170068,0.002872850995552678,0.0027013844851893065,0.032206466923622445,0.024981067554341138,101,100,0.12894554768846084,0.13008885362580958,0.00022046506760146713,0.20088665794038196,0.10044332897019098,21,20,1
2025-08-21,2025-08-20,1.3058871238078953,1.305555386962436,0.012916273478657203,0.012658960543142195,0.030725301794945595,0.023534276754379965,101,100,0.19588306857118423,0.19473364028796686,0.00033173684545947387,0.2991198103861643,0.14955990519308215,31,30,1
2025-08-22,2025-08-21,1.306797178334484,1.3065094946809086,0.0009511594716309357,0.0007308060063944133,0.029420779199284368,0.022518611092428274,101,100,0.16988363318348293,0.1688667942413973,0.0002876836535756268,0.25922188465131096,0.12961094232565548,27,26,1
2025-08-25,2025-08-22,1.3166794078977078,1.3163197791426438,0.007784033149550895,0.007508773952026315,0.030417474185690296,0.023107967127487864,101,100,0.21066870526363324,0.212025029005103,0.0003596287550637935,0.32103010932907,0.160515054664535,33,32,1
2025-08-26,2025-08-25,1.3193957365957587,1.3191722030488477,0.002336785864540003,0.0021669688106198404,0.029499642174677685,0.022362237550562866,101,100,0.13193957365957587,0.131245275195474,0.00022353354691076704,0.19947377542245723,0.09973688771122861,21,20,1
2025-08-27,2025-08-26,1.3282309083703852,1.3279827045547843,0.006866961948259087,0.006678810761456155,0.02909201630078436,0.021906924089450146,101,100,0.14610539992074237,0.14594597786245017,0.0002482038156011406,0.21987997413906912,0.10993998706953456,23,22,1
2025-08-28,2025-08-27,1.3010221107202726,1.3006880702988461,-0.020301916389453556,-0.020553456127343828,0.03083050605465423,0.023703228128763118,101,100,0.19515331660804094,0.19722584678333735,0.0003340404214264957,0.30159300150106527,0.15079650075053264,31,30,1
2025-08-29,2025-08-28,1.3086301994912746,1.3082954327313399,0.006106098282737005,0.005848721616048769,0.03146488389872729,0.024050289492364717,101,100,0.19629452992369126,0.197263674527699,0.00033476675993468355,0.3007405794275454,0.1503702897137727,31,30,1
2025-09-01,2025-08-29,1.3057750279456568,1.305374963203445,-0.0019264798474616374,-0.002232270674367265,0.03151716793893067,0.024144149250102217,101,100,0.23503950503021825,0.23549185381263354,0.00040006474221202805,0.3603464216827052,0.1801732108413526,37,36,1
2025-09-02,2025-09-01,1.3107792617658647,1.3104701104997385,0.004140035403434883,0.00390320592926785,0.028649654696272307,0.02186211991156896,101,100,0.1835090966472211,0.18095073467068884,0.0003091512661260903,0.278048212959148,0.139024106479574,29,28,1
2025-09-03,2025-09-02,1.3058412052026718,1.3055274658248428,-0.003532247900947194,-0.0037716576939025304,0.031016979855426372,0.023758197868192374,101,100,0.18281776872837402,0.1854988332653571,0.0003137393778289174,0.28205313213145766,0.14102656606572883,29,28,1
2025-09-04,2025-09-03,1.283424603030623,1.2831405461861336,-0.016930216615745564,-0.017147796752452815,0.03111474775608691,0.024248900752586282,101,100,0.16684519839398096,0.167227023139131,0.0002840568444894327,0.2602975046171379,0.13014875230856895,27,26,1
2025-09-05,2025-09-04,1.287846773261449,1.2873676164282115,0.003667740910614725,0.003294315852337526,0.028364809138958245,0.022033185219973238,101,100,0.28332629011751875,0.2810555083336276,0.00047915683323750206,0.43823676090118974,0.21911838045059487,45,44,1
2025-09-08,2025-09-05,1.3011680518176287,1.3007693933609856,0.010719887010756324,0.01041021753363447,0.028421635034136642,0.021849864533404772,101,100,0.23421024932717316,0.23466573367899474,0.00039865845664319784,0.36035005805067627,0.18017502902533813,37,36,1
2025-09-09,2025-09-08,1.3132303287651612,1.3130266873488095,0.009579665287156258,0.009423110699239956,0.030688153663931794,0.023372071534886782,101,100,0.11819072958886451,0.1206608896350115,0.00020364141635183147,0.18188098004747552,0.09094049002373776,19,18,1
2025-09-10,2025-09-09,1.3093525085875197,1.309037837919707,-0.0027982513963279443,-0.003037904307304329,0.03314145642240863,0.025317416702848157,101,100,0.18330935120225272,0.18607732462854223,0.000314670667812748,0.2821140016978892,0.1410570008489446,29,28,1
2025-09-11,2025-09-10,1.307228548880966,1.3069618819323,-0.001382151826578304,-0.0015858640042873962,0.03286781192338781,0.02514825594974035,101,100,0.1568674258657159,0.15686044831536147,0.0002666669486663272,0.23999466233325426,0.11999733116662713,25,24,1
2025-09-12,2025-09-11,1.3202587902569776,1.320011587917832,0.010173906759253448,0.00998476402864834,0.03290601446375704,0.024928579995015444,101,100,0.14522846692826755,0.14551387180778227,0.00024720233914552104,0.22021617343631486,0.11010808671815743,23,22,1
2025-09-15,2025-09-12,1.3193035998811327,1.3191029542745913,-0.0005363498647887877,-0.0006883527777766796,0.03160732863869853,0.02396122951303692,101,100,0.11873732398930194,0.1176392837707849,0.00020064560654144467,0.1791677122546956,0.0895838561273478,19,18,1
2025-09-16,2025-09-15,1.3187461207177775,1.3184749702683392,-0.00027051228689733975,-0.00047606898628893557,0.03326912438181845,0.02523303447698172,101,100,0.15824953448613333,0.16018248067869148,0.0002711504494382408,0.24146574550035915,0.12073287275017958,25,24,1
2025-09-17,2025-09-16,1.3246330918855662,1.324336190524109,0.004670639758882711,0.004445454322562492,0.036751721339138094,0.027751051131958814,101,100,0.1722023019451236,0.17598180026390067,0.00029690136145736504,0.2628532416575801,0.13142662082879006,27,26,1
2025-09-18,2025-09-17,1.3259399911541354,1.3257824764920614,0.001211022277803897,0.0010920837007255546,0.03634675497407361,0.027415323115632724,101,100,0.09281579938078946,0.09256834767779908,0.00015751466207405263,0.13981337639362168,0.06990668819681084,15,14,1
2025-09-19,2025-09-18,1.3103116682961427,1.309957602352767,-0.011669190436770283,-0.011936252303745953,0.033866479575191274,0.02585311121090097,101,100,0.20964986692738283,0.20752365747187593,0.00035406594337549315,0.3183773254051292,0.1591886627025646,33,32,1
2025-09-22,2025-09-19,1.311136027994966,1.3108226131277756,0.0008995906738373805,0.0006603349401956837,0.03479351246039731,0.02654326536019693,101,100,0.18355904391929526,0.18479949167169163,0.00031341486719043787,0.28094608623812534,0.14047304311906267,29,28,1
2025-09-23,2025-09-22,1.3011078838132135,1.3008431913913694,-0.007411170067765038,-0.007613098550836028,0.033861923262433695,0.026030749506568356,101,100,0.1561329460575856,0.15546604928146612,0.0002646924218441641,0.2394874392935311,0.11974371964676556,25,24,1
2025-09-24,2025-09-23,1.2859446079143437,1.2857041771367916,-0.011453020299157068,-0.011637847170791749,0.03358434327769719,0.02612136125472353,101,100,0.1414539068705778,0.14141675766339334,0.00024043077755207934,0.21997111134728833,0.10998555567364417,23,22,1
2025-09-25,2025-09-24,1.303824399766201,1.3034252258653098,0.014093617296758065,0.0137831462661826,0.033370291706357996,0.02560199928937568,101,100,0.23468839195791616,0.23487351428746794,0.000399173900890964,0.36014198409661985,0.18007099204830992,37,36,1
2025-09-26,2025-09-25,1.2935058675518676,1.2931751717229458,-0.007610224289511525,-0.00786393721631351,0.033813989237532344,0.026148034680004487,101,100,0.19402588013278008,0.19480027349287624,0.00033069582892183215,0.30059867788737726,0.15029933894368863,31,30,1
2025-09-29,2025-09-26,1.2921665790823837,1.291923726589557,-0.000779935048720648,-0.0009677305602160402,0.034677811779864405,0.026841996215525438,101,100,0.14213832369906224,0.14324499873422128,0.0002428524928270807,0.2208564492017314,0.1104282246008657,23,22,1
2025-09-30,2025-09-29,1.2999010725660318,1.2996785693736352,0.0061747809195622505,0.006002554658973258,0.03583713591490782,0.027573845379461098,101,100,0.12999010725660318,0.131371934584043,0.0002225031923964093,0.20106302499213424,0.10053151249606712,21,20,1
2025-10-09,2025-09-30,1.3051075231725573,1.304863353417095,0.004177151125557499,0.003989281785232945,0.035697192185756024,0.027357034813089383,101,100,0.1435618275489813,0.14366605357529175,0.0002441697554622096,0.22007986010689531,0.11003993005344766,23,22,1
2025-10-10,2025-10-09,1.314867620153925,1.3145520251209426,0.0076669075812663134,0.007425046981720751,0.037796632958233226,0.02875248163324371,101,100,0.18408146682154952,0.1864965026270094,0.00031559503298264,0.2818367140299471,0.14091835701497354,29,28,1
2025-10-13,2025-10-10,1.2986298926755873,1.2984974844277948,-0.012112211720103239,-0.012212936716346934,0.03761695083729312,0.028969598546330397,101,100,0.07791779356053523,0.07787051968738759,0.00013240824779244751,0.11996359711614965,0.059981798558074825,13,12,1
2025-10-14,2025-10-13,1.3173492405398894,1.3171483803350021,0.014518130638044413,0.0143634440042264,0.03678497343674149,0.027927736909478366,101,100,0.11856143164859005,0.11793031445292573,0.0002008602048873724,0.17952091884502422,0.08976045942251211,19,18,1
2025-10-15,2025-10-14,1.312667389271564,1.3123145290458285,-0.003402039686901892,-0.0036699367826305007,0.032627291259670434,0.024862401914724993,101,100,0.21002678228345023,0.20622196033211446,0.000352860225735396,0.31710145770175097,0.15855072885087548,33,32,1
2025-10-16,2025-10-15,1.325098924593733,1.3248038963100706,0.00974186848117875,0.00951705325805019,0.034315373273686944,0.02590222852549297,101,100,0.17226286019718529,0.17424597049486445,0.00029502828366266207,0.2614965752826999,0.13074828764134994,27,26,1
2025-10-17,2025-10-16,1.3172247878665553,1.3169787639842925,-0.005720928557520932,-0.005906634444217129,0.03379921023850219,0.02566420291869286,101,100,0.14489472666532108,0.14462458751239912,0.0002460238822628316,0.21979491795522654,0.10989745897761327,23,22,1
2025-10-20,2025-10-17,1.3084749700413427,1.3081175773284668,-0.0064570471259710605,-0.006728420304225491,0.034794109366256265,0.026598610070904586,101,100,0.20935599520661483,0.2107082870472448,0.00035739271287593786,0.32103348697651224,0.16051674348825612,33,32,1
2025-10-21,2025-10-20,1.3076235159511844,1.3073582747680057,-0.0003776888147098978,-0.0005804543671156237,0.03315249175096515,0.02535838292441156,101,100,0.15691482191414213,0.15553844548202977,0.00026524118317871806,0.2389474214746657,0.11947371073733284,25,24,1
2025-10-22,2025-10-21,1.3191204979887712,1.3188948860180045,0.00899693943716584,0.008824368555012896,0.03416459442428195,0.025903955490669452,101,100,0.13191204979887713,0.13314976444296053,0.0002256119707665829,0.2009382877803586,0.1004691438901793,21,20,1
2025-10-23,2025-10-22,1.3207364086551332,1.3204746276276227,0.001396261867910198,0.0011977767344202306,0.04736037620766893,0.035866176613144805,100,100,0.14528100495206464,0.1587385677629621,0.0002617810275104971,0.23018943880300907,0.11509471940150454,25,23,2
2025-10-24,2025-10-23,1.3349455623420559,1.3346399296740947,0.010958888881062334,0.010727432205131837,0.03606894728859855,0.02702522716925322,101,100,0.18689237872788778,0.17590658247677862,0.0003056326679611891,0.27177060356541016,0.13588530178270508,28,27,1
2025-10-27,2025-10-24,1.3348803885300264,1.3344728844615352,0.00018016758721617343,-0.00012516125798833766,0.03478023376682028,0.02606290031951772,101,100,0.24027846993540478,0.2393972604821179,0.0004075040684915724,0.35933985886611364,0.17966992943305682,37,36,1
2025-10-28,2025-10-27,1.3346726772876472,1.3344011851339261,0.0001497166622403956,-5.372857586238844e-05,0.03379867575329537,0.025328721324466744,101,100,0.16016072127451764,0.15945065541471365,0.00027149215372089574,0.23946798501843386,0.11973399250921693,25,24,1
2025-10-29,2025-10-28,1.3340982364701803,1.3336693967229594,-0.00022702967227605786,-0.000548402099098344,0.031484396770753986,0.023607347404173945,101,100,0.25347866492933424,0.25159322569401393,0.00042883974722101594,0.3785867313337368,0.1892933656668684,39,38,1
2025-10-30,2025-10-29,1.3351144563381285,1.334704258664273,0.0010835216124174263,0.0007759508794731307,0.03257660838423891,0.024407360786306686,101,100,0.24032060214086315,0.24182301142820373,0.00041019767385554206,0.3611253037372251,0.18056265186861256,37,36,1
2025-10-31,2025-10-30,1.3253748860155246,1.3250629185951133,-0.006989842572380001,-0.007223577812517368,0.029108456908844893,0.0219676035759169,101,100,0.1855524840421734,0.18239629998719062,0.0003119674204112137,0.2776186480607979,0.13880932403039895,29,28,1
2025-11-03,2025-10-31,1.3406390031277562,1.3402082180628814,0.01175497730263042,0.01142987193681777,0.02664009626612873,0.019877580145444832,101,100,0.25472141059427367,0.2526838350164322,0.0004307850648746398,0.37848014598032154,0.18924007299016077,39,38,1
2025-11-04,2025-11-03,1.3455218757469056,1.3452013013416662,0.003964800105243693,0.0037256026425518396,0.026628793508024943,0.01979539677925239,101,100,0.18837306260456677,0.18868233425170255,0.000320574405239613,0.28022985255959815,0.14011492627979907,29,28,1
2025-11-05,2025-11-04,1.3352524464101307,1.3349584278683575,-0.007395811260078822,-0.007614379694022566,0.025360003254077522,0.01899684868432346,101,100,0.17358281803331702,0.17260804632114282,0.0002940185417732474,0.25926997197062257,0.12963498598531129,27,26,1
2025-11-06,2025-11-05,1.3484837418380173,1.3482071983838222,0.010131636826516743,0.009924481720842815,0.02640416058186596,0.01958464590125185,101,100,0.16181804902056207,0.1631387498025457,0.0002765434541951377,0.24097939688926726,0.12048969844463363,25,24,1
2025-11-07,2025-11-06,1.3493378119494774,1.3490601219518863,0.0008386051988229504,0.0006326353761398895,0.028331092360266433,0.02100061509436334,101,100,0.16192053743393728,0.16412515920992907,0.0002776899975912843,0.2416338545888717,0.12081692729443586,25,24,1
2025-11-10,2025-11-07,1.3639456683693967,1.363567107419906,0.011034012625006806,0.010753401743897273,0.03483228386010403,0.025544972206034258,101,100,0.21823130693910348,0.22511105938843184,0.00037856094949073724,0.32504400769684116,0.16252200384842058,33,32,1
2025-11-11,2025-11-10,1.3747882745702804,1.3745079507094466,0.008229273857746966,0.008023692585429565,0.03443109892765246,0.025049763378873866,101,100,0.16497459294843364,0.16485373187681568,0.0002803238608335573,0.23991208750186951,0.11995604375093476,25,24,1
2025-11-12,2025-11-11,1.3788616805860572,1.3786495894671116,0.0031674824975465032,0.0030131791929812746,0.03524199127764503,0.02556268942223897,101,100,0.12409755125274514,0.1251205347216832,0.0002120911189454985,0.1807419043427933,0.09037095217139665,19,18,1
2025-11-13,2025-11-12,1.3733574568964109,1.3731705767288669,-0.0038386350027829197,-0.0039741880606242175,0.0351492505703878,0.02559714806453214,101,100,0.10986859655171287,0.10996273601199988,0.00018688016754422754,0.16006854694661923,0.08003427347330962,17,16,1
2025-11-14,2025-11-13,1.3769218129092835,1.3767331958767348,0.0027318064077317405,0.002594447629627128,0.03619305716779492,0.026289085841898627,101,100,0.11015374503274268,0.11138616866269843,0.00018861703254861392,0.16089505708922702,0.08044752854461351,17,16,1
2025-11-17,2025-11-14,1.3773226934330078,1.3770406207279249,0.00042818576470637915,0.00022330023864514104,0.03690996230137601,0.026803829709732774,101,100,0.16527872321196097,0.16627770105062492,0.00028207270508286397,0.2407253041305622,0.1203626520652811,25,24,1
2025-11-18,2025-11-17,1.374658348337278,1.3743321233838708,-0.001729994275250557,-0.001966897202075546,0.03572579780512518,0.02599502492684328,101,100,0.192452168767219,0.19159422922437527,0.000326224953407144,0.2793758888934975,0.13968794444674876,29,28,1
2025-11-19,2025-11-18,1.3653594692511795,1.3650374094294582,-0.006528737835654219,-0.0067630769857341955,0.032771254383057793,0.024007587013131843,101,100,0.1911503256951651,0.18851784209481917,0.0003220598217213999,0.27807194833329146,0.13903597416664573,29,28,1
2025-11-20,2025-11-19,1.3574518558490993,1.3571065090693781,-0.005557029813219039,-0.005810024183436013,0.03169550440303833,0.023355207709358936,101,100,0.20361777837736486,0.20288737517706665,0.000345346779721192,0.2994619306775772,0.1497309653387886,31,30,1
2025-11-21,2025-11-20,1.3422375541813862,1.3419206930009937,-0.010956365464777074,-0.011189848377337719,0.02902286367483812,0.021627853140808992,101,100,0.18791325758539407,0.18555747803758643,0.0003168611803925814,0.2782448862792813,0.13912244313964064,29,28,1
2025-11-24,2025-11-21,1.313335941334847,1.3129134566997231,-0.021301371843533756,-0.0216162076138795,0.027034130014870036,0.020590945943098075,101,100,0.24953382885362096,0.24796757982877662,0.00042248463512382684,0.3788074269685695,0.18940371348428475,39,38,1
2025-11-25,2025-11-24,1.323999943491155,1.3235934293726328,0.008444187036744877,0.00813455953125497,0.027873193908917786,0.02105872792231172,101,100,0.23831998982840788,0.2395655678409778,0.00040651411852211987,0.36094076893182153,0.18047038446591077,37,36,1
2025-11-26,2025-11-25,1.3268829438876897,1.3266129217994367,0.0024852907562529225,0.002281283934927769,0.02700132427490575,0.02035358153927882,101,100,0.15922595326652272,0.15862410572076352,0.0002700220882527535,0.23954642001501963,0.11977321000750982,25,24,1
2025-11-27,2025-11-26,1.3227555437405711,1.322427571399288,-0.0029076891951522743,-0.003154914543174847,0.03863382636368912,0.02921432311246344,100,100,0.18518577612367998,0.1971462505537466,0.00032797234128332923,0.2890420898152081,0.14452104490760406,31,29,2
2025-11-28,2025-11-27,1.324228065895933,1.323790794341285,0.00136150707651983,0.0010308488506138858,0.026409293211858142,0.01994974834750935,101,100,0.2648456131791866,0.25305835158200335,0.0004372715546477157,0.3910987677268354,0.1955493838634177,40,39,1
2025-12-01,2025-11-28,1.3344427141217494,1.334102989871672,0.008046528066215197,0.007789898203302226,0.025561712576552598,0.01916022433846085,101,100,0.20016640711826247,0.19965855073303426,0.00033972425007729537,0.29961942436355365,0.14980971218177683,31,30,1
2025-12-02,2025-12-01,1.3448633710698443,1.3443588480011905,0.00806563007493688,0.00768745607151744,0.02646097848397358,0.019682972684946502,101,100,0.2958699416353657,0.29727373061144036,0.0005045230686538037,0.44104381530962344,0.22052190765481172,45,44,1
2025-12-03,2025-12-02,1.3424075294300721,1.3421105596817071,-0.0014514863899766084,-0.001672387043702095,0.02643463088199316,0.019696313907449144,101,100,0.1745129788259094,0.17478360097229398,0.0002969697483650691,0.26020159462789927,0.13010079731394963,27,26,1
2025-12-04,2025-12-03,1.337940517984622,1.3376089108122076,-0.0031070776300828884,-0.003354156508959427,0.038082413831325906,0.028470514455680426,100,100,0.18731167251784714,0.19929106263959404,0.0003316071724142616,0.2889536044097027,0.14447680220485135,31,29,2
2025-12-05,2025-12-04,1.3304939397191624,1.3302035359648343,-0.005319171422628166,-0.005536278046231469,0.03448709521364192,0.025926179175751064,100,100,0.17296421216349112,0.16965929730013526,0.0002904037543282436,0.2575160241135308,0.1287580120567654,28,26,2
2025-12-08,2025-12-05,1.3435687805863665,1.3433168209696755,0.010047518488843998,0.009858104154962799,0.03488263988896817,0.025967544918992436,100,100,0.14779256586450032,0.14844007015651745,0.00025195961669086944,0.2204819286525358,0.1102409643262679,24,22,2
2025-12-09,2025-12-08,1.3398966542637156,1.3397586046573697,-0.0025460611023176982,-0.0026488288218837752,0.03599926992893429,0.026869967323808124,100,100,0.08039379925582293,0.08164847890213488,0.0001380496063458421,0.12093640031290427,0.060468200156452136,14,12,2
2025-12-10,2025-12-09,1.3315023399205574,1.3312741583145489,-0.006162501743307569,-0.0063328172055223675,0.037431277615769254,0.028116881396660538,100,100,0.13315023399205572,0.13481042328489934,0.00022818160600862264,0.2012468542060111,0.10062342710300555,22,20,2
2025-12-11,2025-12-10,1.336405705713773,1.3360845622979451,0.003854613542353169,0.0036133834292153555,0.039909095898434166,0.029870187130816118,100,100,0.1870967987999282,0.18989576049842133,0.0003211434158282204,0.28209439520238966,0.14104719760119483,30,28,2
2025-12-12,2025-12-11,1.3183185946026286,1.3180512705559824,-0.013297038373649595,-0.013497118558833732,0.03817545671308034,0.0289635597384441,100,100,0.15819823135231542,0.1567319162136079,0.00026732404664635804,0.23888773840806704,0.11944386920403352,26,24,2
2025-12-15,2025-12-12,1.313487145693496,1.313197182697627,-0.0034627824914285066,-0.003682776206655358,0.03759670887251994,0.028629903694498596,100,100,0.17075332894015446,0.17046454409546308,0.0002899629958691021,0.25978013881168294,0.12989006940584147,28,26,2
2025-12-16,2025-12-15,1.3179174512985279,1.3173673896860403,0.0035944857810343844,0.003175613718456649,0.027907279701433058,0.021184128224157744,100,100,0.32947936282463197,0.32033999526603263,0.0005500616124874154,0.4930652958957373,0.24653264794786864,52,50,2
2025-12-17,2025-12-16,1.301615935957819,1.3013522226741592,-0.01195676608631946,-0.012156948120370492,0.025992323440124206,0.01997331928070355,100,100,0.1561939123149383,0.15454266933728933,0.0002637132836599813,0.23873139001142157,0.11936569500571079,26,24,2
2025-12-18,2025-12-17,1.3056946438397472,1.3053383007796209,0.003336853074769275,0.003063027853650979,0.026721541290794598,0.02047097007330207,100,100,0.20891114301435956,0.2099967039251563,0.00035634306012628764,0.3208314048892813,0.16041570244464065,34,32,2
2025-12-19,2025-12-18,1.317097071309854,1.3167834709071624,0.009008216891521537,0.008767972349164932,0.026527304269692374,0.020145532546377656,100,100,0.1843935899833795,0.18451295336496876,0.0003136004026914936,0.2800906261081201,0.14004531305406004,30,28,2
2025-12-22,2025-12-19,1.3312487452575474,1.3308862153407301,0.010985309787052255,0.010709995033467479,0.026555918086928774,0.019953560102153434,100,100,0.2129997992412076,0.21339094297526146,0.0003625299168175124,0.3202938171663615,0.16014690858318076,34,32,2
2025-12-23,2025-12-22,1.3321575719940588,1.3318319890601666,0.0009552707351494494,0.0007106345445124784,0.01339647427457296,0.010058681864239081,101,100,0.19982363579910878,0.18698977492064517,0.0003255829338921748,0.2903661089736906,0.1451830544868453,30,29,1
2025-12-24,2025-12-23,1.3263672175084937,1.3261623541045433,-0.004103198899381599,-0.0042570196557781825,0.014945446935798494,0.011269696270250424,101,100,0.11937304957576443,0.12112688564094046,0.00020486340395049313,0.18132228544404957,0.09066114272202479,19,18,1
2025-12-25,2025-12-24,1.3390625105428706,1.3388554271250663,0.009727433747761527,0.009571281360262862,0.01674459414628298,0.012506648445410395,101,100,0.12051562594885835,0.122521856577147,0.00020708341780417672,0.18149823522986638,0.09074911761493319,19,18,1
2025-12-26,2025-12-25,1.3450900470799994,1.344859818482967,0.004656679002542186,0.004484719736165932,0.017935537393820505,0.01333636201135982,101,100,0.13450900470799992,0.13593017655257006,0.000230228597032627,0.2010565626053477,0.10052828130267386,21,20,1
2025-12-29,2025-12-26,1.3451558039240468,1.344948381512635,0.0002200864632966315,6.58529821850884e-05,0.01919499990175244,0.01427192312032394,101,100,0.12106402235316421,0.12253090727250776,0.00020742241141165707,0.181090494435711,0.0905452472178555,19,18,1
2025-12-30,2025-12-29,1.3360210918917104,1.3357263262694747,-0.006637644792645725,-0.006856809800230734,0.01845019875909573,0.013812858514681633,101,100,0.17368274194592231,0.1732327064255012,0.00029476562223560457,0.25966315238348225,0.12983157619174113,27,26,1
2025-12-31,2025-12-30,1.3392059794573017,1.3390006690980971,0.002605064465222684,0.0024513575604721005,0.018619292352302835,0.01390536448711719,101,100,0.12052853815115715,0.12090294210356883,0.00020531035920461988,0.18027957159552366,0.09013978579776183,19,18,1
