date,signal_date,pre_trade_nav,nav,gross_return,net_return,cash,cash_ratio,holding_count,desired_count,buy_notional,sell_notional,total_cost,gross_turnover,one_way_turnover,attempted_order_count,executed_order_count,blocked_order_count
2024-01-02,,1.0,1.0,0.0,0.0,1.0,1.0,0,100,0.0,0.0,0.0,0.0,0.0,0,0,0
2024-01-03,2024-01-02,1.0,0.9994003597841296,0.0,-0.000599640215870445,0.0,0.0,100,100,0.9994003597841293,0.0,0.000599640215870476,0.9994003597841293,0.49970017989206467,100,100,0
2024-01-04,2024-01-03,0.9970734445553432,0.9967666546787752,-0.002328311377923664,-0.0026352853284175026,0.001225394245245301,0.0012293692204623406,100,100,0.17947322001996177,0.18100540414177493,0.00030678987656792964,0.36153668130485256,0.18076834065242628,36,36,0
2024-01-05,2024-01-04,0.9920427593817858,0.9917019510433163,-0.004739218828013314,-0.005081132692075441,0.004078949797456034,0.004113080339475777,100,100,0.1984085518763572,0.20160291576703737,0.00034080833846955583,0.40321998609482407,0.20160999304741203,40,40,0
2024-01-08,2024-01-05,0.9765365723788513,0.9761356881949543,-0.015292274708656461,-0.0156965132840422,0.005911940491935344,0.006056474077766336,100,100,0.23436877737092432,0.2366026522493005,0.00040088418389678474,0.4822875486096076,0.2411437743048038,48,48,0
2024-01-09,2024-01-08,0.9539694836737483,0.953675615245043,-0.0227081181328338,-0.023009170980567206,0.007394223609719183,0.007753394856194649,100,100,0.17171450706127467,0.17349065860776391,0.0002938684287053053,0.3618618536304214,0.1809309268152107,36,36,0
2024-01-10,2024-01-09,0.9529086958071564,0.9526160047595895,-0.0008041722212740465,-0.0011110806111794824,0.008102429516735413,0.008505451804560235,100,100,0.17152356524528814,0.17252446219987133,0.00029269104756703157,0.3610503597658277,0.18052517988291386,36,36,0
2024-01-11,2024-01-10,0.9475489280932203,0.9473037229534945,-0.005319117714852939,-0.0055765195834974746,0.011111918069744235,0.011730047924967088,100,100,0.14213233921398302,0.14538703290671762,0.0002452051397257791,0.3034348555480761,0.15171742777403804,30,30,0
2024-01-12,2024-01-11,0.9648615759949459,0.9644349787209551,0.01853455509148616,0.01808422721495151,0.010802100251294812,0.011200444290833046,100,100,0.25086400975868595,0.25098078921422734,0.0004265972739908617,0.5201210323412673,0.26006051617063364,52,52,0
2024-01-15,2024-01-12,0.959513185946579,0.959136404806461,-0.005103291443144697,-0.005493966966566344,0.011890304941194018,0.012396886283962185,100,100,0.22068803276771312,0.2221530185977304,0.00037678114011813093,0.46152680114403216,0.23076340057201608,46,46,0
2024-01-16,2024-01-15,0.9588507973782332,0.95857154400216,-0.0002977756102224838,-0.0005889264566232288,0.01356150213860794,0.014147616026642015,100,100,0.16300463555429964,0.16495508612778667,0.00027925337607314526,0.34203415440527357,0.17101707720263679,34,34,0
2024-01-17,2024-01-16,0.9516691922210311,0.9514093716217199,-0.007200664180276761,-0.007471713953177805,0.014180389745699283,0.01490461432130753,100,100,0.15226707075536497,0.15314577896176745,0.00025982059931116316,0.3209233336684481,0.16046166683422405,32,32,0
2024-01-18,2024-01-17,0.9246989713607925,0.9244625159227073,-0.02807456081223836,-0.02832309256432952,0.014541389205985689,0.015729560642566354,100,100,0.13870484570411887,0.1393023006024905,0.0002364554380852108,0.3006461074542912,0.1503230537271456,30,30,0
2024-01-19,2024-01-18,0.920058000167715,0.9197918242822932,-0.00476440707884862,-0.0050523320956418205,0.014528961841749677,0.01579592409737553,100,100,0.15640986002851154,0.15666360854969735,0.0002661758854217739,0.3402757962227811,0.17013789811139055,34,34,0
2024-01-22,2024-01-19,0.9101691981265762,0.9098900377647068,-0.010461743518133115,-0.010765247370308706,0.014839426245926894,0.016309032553408723,100,100,0.1638304556627837,0.16442008042883025,0.0002791603618693835,0.3606478188530881,0.18032390942654405,36,36,0
2024-01-23,2024-01-22,0.8544490797831052,0.85412877635289,-0.060931492466717474,-0.06128351679594546,0.015191372248637577,0.017785810136855925,100,100,0.18797879755228308,0.18865104698520901,0.00032030343021509947,0.4407867635987114,0.2203933817993557,44,44,0
2024-01-24,2024-01-23,0.8687349247117745,0.8683659360501483,0.017100639579493482,0.016668633690168688,0.014619036881260454,0.01683511095305816,100,100,0.21718373117794362,0.21698038447219262,0.00036898866162617854,0.4997659277876753,0.24988296389383766,50,50,0
2024-01-25,2024-01-24,0.8750395149959191,0.8747408031974881,0.00768521503287678,0.007341222038644846,0.015409746294088702,0.0176163570257162,100,100,0.17500790299918378,0.17609732421044308,0.00029871179843099776,0.40124499658882756,0.20062249829441378,40,40,0
2024-01-26,2024-01-25,0.902901384941463,0.9025640150835743,0.03219305837916542,0.03180737857932603,0.01478577636400396,0.016381969718385955,100,100,0.19863830468712182,0.1983517046149257,0.00033736985788869104,0.4396825787655484,0.2198412893827742,44,44,0
2024-01-29,2024-01-26,0.8964079091509726,0.8960867077280955,-0.006820686211417071,-0.0071765628223933176,0.01554075613212784,0.01734291558852523,100,100,0.18824566092170425,0.18932184211270517,0.000321201422876998,0.42120054852262545,0.21060027426131273,42,42,0
2024-01-30,2024-01-29,0.86589009204725,0.8655091068934163,-0.033698318946617234,-0.034123484447397434,0.013579528386133006,0.015689642405813838,100,100,0.22513142393228497,0.2235511813401238,0.00038098515383350786,0.5181750078830155,0.25908750394150776,52,52,0
2024-01-31,2024-01-30,0.8354174521341419,0.835128388455867,-0.03476757727862945,-0.03510155837249962,0.00494469003794595,0.0059208740910946245,101,100,0.17543766494816973,0.1670918902782577,0.0002890636782749853,0.4100100546755491,0.20500502733777454,42,41,1
2024-02-01,2024-01-31,0.7963571326729546,0.7959800132389105,-0.046425503334402984,-0.04687707394229634,0.0027979695964974773,0.0035151254428013846,101,100,0.22297999714842723,0.2212103961410229,0.0003771194340441816,0.5577778801309096,0.2788889400654548,57,56,1
2024-02-02,2024-02-01,0.795917832169869,0.7956444993707219,-7.811888239317444e-05,-0.00042151041811133716,0.004998033351407083,0.006281741852498252,101,100,0.15918356643397374,0.16165696298803053,0.00027333279914721785,0.4031076028882448,0.2015538014441224,41,40,1
2024-02-05,2024-02-02,0.7495827375077708,0.7493635273847323,-0.05789239025642923,-0.05816790290461804,0.007124924954462485,0.009507968688212473,101,100,0.12742906537632104,0.12977516710241496,0.00021921012303844888,0.3431298769417961,0.17156493847089804,35,34,1
2024-02-06,2024-02-05,0.6892229736163165,0.6889739091062689,-0.08025551227226857,-0.0805878803432325,0.009613959050408932,0.013954024852523195,101,100,0.14473682445942643,0.1474749230654205,0.00024906451004761847,0.4239727326435846,0.2119863663217923,43,42,1
2024-02-07,2024-02-06,0.7487503991764525,0.7483745707686075,0.08676161648519476,0.08621612644141008,0.0037524072472129126,0.005014076364672648,101,100,0.22462511975293584,0.21913939635758478,0.00037582840784510424,0.5926734951976191,0.29633674759880957,61,60,1
2024-02-08,2024-02-07,0.788519150027167,0.7881641433384663,0.05364236149463175,0.05316799116917292,0.00928942273014458,0.011786152426063063,101,100,0.2050149790070634,0.2109070011786958,0.00035500668870080363,0.5274722626221943,0.26373613131109713,53,52,1
2024-02-19,2024-02-08,0.8489482144570748,0.8483804231666299,0.07712108148074637,0.07640068421928259,0.013211289857893159,0.015572365294075553,100,100,0.3310898036382591,0.33557946205645267,0.0005677912904450531,0.7852884950362545,0.39264424751812727,79,79,0
2024-02-20,2024-02-19,0.837005802638518,0.8366353699247323,-0.01340745285665057,-0.013844088007191946,0.013273719888891531,0.01586559732716739,100,100,0.2176215086860147,0.2180543714307987,0.0003704327137854881,0.5205171562053925,0.26025857810269626,52,52,0
2024-02-21,2024-02-20,0.8363280103112853,0.835999734369568,-0.0003673758300161145,-0.00075975219075608,0.014101525479455132,0.01686785880391358,100,100,0.19235544237159563,0.19351152390387663,0.00032827594171722167,0.4613823302795403,0.23069116513977014,46,46,0
2024-02-22,2024-02-21,0.849424790047807,0.8490504174254481,0.01605868414343803,0.015610869859572052,0.012751575727980758,0.015018631951971718,100,100,0.22085044541242982,0.2198748682833145,0.00037437262235910364,0.5188514849807239,0.25942574249036193,52,52,0
2024-02-23,2024-02-22,0.8593299572146378,0.8590360343306401,0.012107101743568993,0.011760923380111032,0.014049196975370255,0.016354607273625456,100,100,0.17186599144292758,0.17345753557431465,0.0002939228839975025,0.4018520756992411,0.20092603784962054,40,40,0
2024-02-26,2024-02-23,0.8677706958585014,0.8675053214915726,0.010167980362625118,0.009859059250677094,0.013635217150539907,0.015717733151303058,100,100,0.15619872525453027,0.15605011979662886,0.00026537436692900977,0.3598287503154801,0.17991437515774006,36,36,0
2024-02-27,2024-02-26,0.8694716032974211,0.8691600414224552,0.002266593365061853,0.0019074464327637486,0.014378666719973662,0.016543175059499673,100,100,0.18258903669245852,0.18364404813685817,0.00031156187496601925,0.42121339379043404,0.21060669689521702,42,42,0
2024-02-28,2024-02-27,0.8885095049165879,0.8882044511824515,0.022262256169146566,0.02191128083710403,0.016764978862869387,0.01887513493154696,100,100,0.17770190098331756,0.1803932668603497,0.00030505373413637523,0.4030290794438769,0.20151453972193845,40,40,0
2024-02-29,2024-02-28,0.856799933482619,0.8563773982543401,-0.0353573072708927,-0.03583302570229252,0.016463226427227425,0.019224265447437605,100,100,0.2484719807099595,0.2485927635025964,0.000422535228278831,0.5801409696568789,0.29007048482843945,58,58,0
2024-03-01,2024-02-29,0.888459419249565,0.8881087664659092,0.03746247981394846,0.037053019236905405,0.019080892488350452,0.02148485997304125,100,100,0.20434566642739996,0.20731398527217867,0.0003506527836558365,0.463340972902607,0.2316704864513035,46,46,0
2024-03-04,2024-03-01,0.8921236612287357,0.8917900997714309,0.0045207241662561515,0.004145137898110107,0.01866297467227574,0.02092754189249144,100,100,0.19626720547032186,0.196182849111552,0.0003335614573048999,0.43990544319982094,0.21995272159991047,44,44,0
2024-03-05,2024-03-04,0.8856078620789786,0.8852607190378998,-0.006932391034658036,-0.007321656447189295,0.01910707436376627,0.0215835560675637,100,100,0.20368980827816516,0.20448105101073433,0.0003471430410787069,0.4608934459216655,0.23044672296083274,46,46,0
2024-03-06,2024-03-05,0.8764969960326943,0.8760937213718206,-0.009899595471410949,-0.010355138852248924,0.01957883578891851,0.022347878213601655,100,100,0.23665418892882745,0.2375292250148534,0.0004032746608736353,0.5409983332401441,0.27049916662007206,54,54,0
2024-03-07,2024-03-06,0.8864292367288626,0.8859590608417116,0.011797271347702809,0.011260598300423252,0.021861095715523325,0.024675063083337098,100,100,0.2747930633859475,0.2775454991997033,0.0004701758871512419,0.6231050823909114,0.3115525411954557,62,62,0
2024-03-08,2024-03-07,0.8795406080005709,0.879135677260448,-0.007244638183442564,-0.007701691740452543,0.022566711384961836,0.02566920211369871,100,100,0.23747596416015412,0.23858651056971558,0.00040493074012278024,0.5412626437022459,0.27063132185112293,54,54,0
2024-03-11,2024-03-08,0.8814917946804636,0.8811769080185239,0.002680038452492095,0.002321860903696793,0.022428271303798965,0.0254526317016554,100,100,0.18511327688289736,0.1852897234636742,0.00031488666193978023,0.42020016814886046,0.21010008407443023,42,42,0
2024-03-12,2024-03-11,0.9005415044066254,0.9002045168711997,0.021975832788952765,0.021593403866497995,0.022259477202550254,0.024727133429541675,100,100,0.19811913096945766,0.19828732440363456,0.0003369875354256722,0.44018676921980165,0.22009338460990083,44,44,0
2024-03-13,2024-03-12,0.9113806160453172,0.9108855231765186,0.012415066759453364,0.011865088549480207,0.021129669488047266,0.023196844115341803,100,100,0.2916417971345015,0.29100708228879707,0.0004950928687983772,0.6393035677580475,0.31965178387902377,64,64,0
2024-03-14,2024-03-13,0.9107804092514199,0.910469880297734,-0.00011539751420375222,-0.0004563063834137626,0.02160424466209429,0.023728675851450963,100,100,0.18215608185028392,0.18294118597801698,0.0003105289536859889,0.4008620125331618,0.2004310062665809,40,40,0
2024-03-15,2024-03-14,0.9076041906059673,0.9072498105239397,-0.0031474843416342546,-0.0035367120247199457,0.020801540489852298,0.022928128778378406,100,100,0.20874896383937253,0.20830063974915805,0.00035438008202769687,0.4595060356762841,0.22975301783814206,46,46,0
2024-03-18,2024-03-15,0.9208690322101871,0.9205247761023703,0.01501154536299354,0.014632095178685356,0.020321911445877666,0.02207644158359698,100,100,0.20259118708624113,0.20245581415008343,0.000344256107816837,0.439852994365732,0.219926497182866,44,44,0
2024-03-19,2024-03-18,0.927045287231509,0.9266982148680999,0.007083471622292947,0.006706434118882498,0.020299771795811654,0.021905482788375705,100,100,0.203949963190932,0.2042748959042751,0.0003470723634092616,0.44035050360302624,0.22017525180151312,44,44,0
2024-03-20,2024-03-19,0.9209413383209523,0.920566974254583,-0.006212245210774459,-0.006616221457154237,0.018670862578667458,0.020281916580578988,100,100,0.22102592119702855,0.2197713760462536,0.0003743640663690961,0.47863775780435464,0.23931887890217732,48,48,0
2024-03-21,2024-03-20,0.9261372312242788,0.9258844845363635,0.006050898115486092,0.005776342656748312,0.01917935318378331,0.020714628556916977,100,100,0.1481819569958846,0.14894319428891578,0.0002527466879153381,0.3208219486997892,0.1604109743498946,32,32,0
2024-03-22,2024-03-21,0.9205138104213493,0.9202948623027833,-0.0058005876593812955,-0.006037062211253219,0.018838433870292402,0.02046999786911168,100,100,0.12887193345898895,0.12874996226406388,0.00021894811856586365,0.2798674966159724,0.1399337483079862,28,28,0
2024-03-25,2024-03-22,0.9013330714614723,0.9011797389182601,-0.02060403857288129,-0.020770650981026817,0.018781393203305276,0.020840895985799354,100,100,0.09013330714614724,0.09022959902237242,0.00015333254321229798,0.20010683273395158,0.10005341636697579,20,20,0
2024-03-26,2024-03-25,0.8897907934373656,0.8894291177252848,-0.012637817950240882,-0.013039153773120038,0.017184325089627528,0.019320623473151458,100,100,0.21354979042496772,0.2123143980233707,0.00036167571208068803,0.4786115922858399,0.23930579614291994,48,48,0
2024-03-27,2024-03-26,0.8892594687933298,0.8890015565723357,-0.00019073912532663329,-0.0004807141394724823,0.017759353334804377,0.01997674042695486,100,100,0.15117410969486608,0.152007050161037,0.00025791222099406057,0.34093666752551,0.170468333762755,34,34,0
2024-03-28,2024-03-27,0.8681696633947563,0.8677555043420437,-0.023432909676670888,-0.023898779561431827,0.01817273331551536,0.02094222764889798,100,100,0.24308750575053184,0.24391504478395537,0.0004141590527126702,0.5609531996662815,0.28047659983314077,56,56,0
2024-03-29,2024-03-28,0.8862098325933921,0.8857852634794317,0.02126673718461869,0.02077746444381079,0.020232922061442282,0.02284179122823271,100,100,0.24813875312614983,0.2506235109860371,0.0004245691139603311,0.5628038030819585,0.28140190154097927,56,56,0
2024-04-01,2024-03-29,0.9006226512871596,0.9002242259055011,0.016750547135369498,0.016300748072227034,0.02015283285193268,0.022386459142067317,100,100,0.23416188933466145,0.2344802255068103,0.00039842538165828825,0.5203534623204222,0.2601767311602111,52,52,0
2024-04-02,2024-04-01,0.923618802033929,0.923055571634149,0.02598749895327046,0.025361843273749685,0.017749323302415708,0.019228878355604155,100,100,0.33250276873221435,0.3306624895824775,0.0005632303997800541,0.7180075339028564,0.3590037669514282,72,72,0
2024-04-03,2024-04-02,0.9199127757735295,0.9195239110430999,-0.0034047742705843875,-0.003826054139727142,0.01545300468629057,0.016805440838140704,100,100,0.22997819394338237,0.2280707400576867,0.00038886473042948436,0.4979264839711659,0.24896324198558295,50,50,0
2024-04-08,2024-04-03,0.9125995923546405,0.9121666961802276,-0.0075303302125168115,-0.008001113157053652,0.01365535255937296,0.014970238023988227,100,100,0.25552788585929936,0.2541631299067948,0.00043289617441305333,0.5585045402562768,0.2792522701281384,56,56,0
2024-04-09,2024-04-08,0.8918975551144613,0.8915922616029465,-0.02222087382782656,-0.022555564310162035,0.015212188844139267,0.01706182242630738,100,100,0.17837951102289232,0.18024164081917332,0.0003052935115148259,0.40208782924182607,0.20104391462091303,40,40,0
2024-04-10,2024-04-09,0.9086635188683165,0.9082458259233662,0.01914693296538772,0.018678453187199295,0.015354850253642542,0.016906051000049535,100,100,0.24533915009444546,0.24589950444889913,0.00041769294495045615,0.540616679709065,0.2703083398545325,54,54,0
2024-04-11,2024-04-10,0.8860114461643878,0.8856791820490804,-0.02448057466861897,-0.024846405268467375,0.015836981085490073,0.01788117120338102,100,100,0.19492251815616524,0.19573691310332006,0.0003322641153073509,0.4409191697812486,0.2204595848906243,44,44,0
2024-04-12,2024-04-11,0.8921050630038726,0.891846440512026,0.007255314435556048,0.006963309726527811,0.016309384628696563,0.01828721166317941,100,100,0.15165786071065834,0.15238888674571144,0.00025862249184667777,0.34081943939718445,0.17040971969859223,34,34,0
2024-04-15,2024-04-12,0.8854889204794527,0.8851400146104461,-0.007128491793860103,-0.00751970922004197,0.018396570668016636,0.020783797325119285,100,100,0.20366245171027406,0.2060985436186007,0.0003489058690066254,0.4627511263574111,0.23137556317870556,46,46,0
2024-04-16,2024-04-15,0.8655329760640338,0.8652848915991223,-0.022151341282476644,-0.022431618369509798,0.016280699684026387,0.018815421189127927,100,100,0.14714060593088577,0.14527281941180709,0.0002480844649115193,0.3378420388700009,0.16892101943500046,34,34,0
2024-04-17,2024-04-16,0.8388886183322758,0.8386323813073607,-0.03050587560596818,-0.03080200584862325,0.015603651482184316,0.01860606843949845,100,100,0.15099995129980964,0.1505791401228827,0.0002562370249150569,0.3594983706206868,0.1797491853103434,36,36,0
2024-04-18,2024-04-17,0.8728536795050574,0.872570491379312,0.04080607780055967,0.04046839929915946,0.016462633597693482,0.018866823666785073,100,100,0.16584219910596087,0.16698436934721556,0.00028318812574551375,0.38130854720335516,0.19065427360167758,38,38,0
2024-04-19,2024-04-18,0.8690759291487608,0.8687647910117399,-0.004004905351574717,-0.0043614818575359315,0.01694970483782063,0.019510119439902097,100,100,0.18250594512123974,0.1833041544983878,0.0003111381370209703,0.42091845758279123,0.21045922879139561,42,42,0
2024-04-22,2024-04-19,0.8586865354372853,0.8584526254704877,-0.01160067221729566,-0.011869916515887868,0.017031457742427022,0.019839717693323704,100,100,0.13738984566996565,0.13770550854136956,0.0002339099667974859,0.32036761129746044,0.16018380564873022,32,32,0
2024-04-23,2024-04-22,0.868588164409334,0.868233357937158,0.011806753964193728,0.011393444642690431,0.01706074317665489,0.01964995127253534,100,100,0.20846115945824012,0.20884525136464394,0.00035480647217605264,0.4804422025559892,0.2402211012779946,48,48,0
2024-04-24,2024-04-23,0.8733396196203941,0.8729530478313817,0.005881208820826878,0.005435969317554523,0.01717933242415747,0.019679560621083718,100,100,0.2270683011013025,0.22757346213781737,0.00038657178901238125,0.5205784245042433,0.26028921225212165,52,52,0
2024-04-25,2024-04-24,0.8807043088583119,0.8803127183604402,0.00887935616490032,0.00843077476771703,0.01889609952296336,0.021465212451044508,100,100,0.2289831203031611,0.2310914778998386,0.00039159049787171877,0.5223939449091723,0.2611969724545862,52,52,0
2024-04-26,2024-04-25,0.8846533591820847,0.8843245175605616,0.004930794172471664,0.0045572432573657284,0.016732044436976554,0.01892070626191893,100,100,0.1946237390200587,0.19278852555559486,0.0003288416215231893,0.43792549991992297,0.21896274995996148,44,44,0
2024-04-29,2024-04-26,0.9031835740857185,0.9027059606125314,0.02132594556710954,0.020785857099920202,0.017741457912778695,0.019653639930260595,100,100,0.27998690796657283,0.28147393491556194,0.00047761347318706147,0.6216464282474299,0.31082321412371494,62,62,0
2024-04-30,2024-04-29,0.9236614272956855,0.9230855957135797,0.02321405595786108,0.02257616099844939,0.012482484818565402,0.013522564837463391,100,100,0.3417547280994036,0.3370715865872961,0.0005758315821056674,0.7349298072067176,0.3674649036033588,74,74,0
2024-05-06,2024-04-30,0.9307017919016786,0.9302120824903779,0.008250801684551501,0.007720288140006248,0.0112923817421401,0.012139577580961928,100,100,0.2885175554895203,0.2878171618243957,0.0004897094113005476,0.6192474564127639,0.30962372820638195,62,62,0
2024-05-07,2024-05-06,0.9350763667778029,0.9346668281615284,0.0052292207110471445,0.004788957007765493,9.71445146547012e-17,1.0393491212883054e-16,102,100,0.24794690806661435,0.237064064940749,0.0004095386162747925,0.5186859493398082,0.2593429746699041,54,52,2
2024-05-08,2024-05-07,0.9361195833335968,0.9357865754578008,0.0015543026972788532,0.001198017585019917,6.591949208711867e-17,7.044287000470152e-17,102,100,0.19567151007807812,0.19600451795387408,0.0003330078757961082,0.4184038396431816,0.2092019198215908,44,42,2
2024-05-09,2024-05-08,0.9221219666583301,0.9218070857925836,-0.014602270600842626,-0.014938758507385241,0.0009209346640609156,0.0009990535745004413,102,100,0.184424393331666,0.18566020886147347,0.00031488086574662063,0.4013401866287665,0.20067009331438326,42,40,2
2024-05-10,2024-05-09,0.9380846242514206,0.9377164547707898,0.017658291750753063,0.017258892043042984,0.0018058493182452826,0.0019257946355294515,102,100,0.21575946357782672,0.21701254771264183,0.00036816948063060243,0.4613357900795091,0.23066789503975454,48,46,2
2024-05-13,2024-05-10,0.9209236402657055,0.9205458410826256,-0.01790820073557209,-0.01831109350892357,0.0033029027273724643,0.0035879828901166097,102,100,0.2210216736637693,0.22289652625597645,0.00037779918307983624,0.48203583935761074,0.24101791967880537,50,48,2
2024-05-14,2024-05-13,0.9120936790864165,0.9118619580900488,-0.009181685060103861,-0.009433406360691343,0.0022867346407381833,0.002507764054032795,102,100,0.13681405186296247,0.13602960477269593,0.0002317209963677432,0.29913994898961227,0.14956997449480613,32,30,2
2024-05-15,2024-05-14,0.916053899553164,0.9156939229161076,0.004597122871421666,0.004202351893355827,0.003562723759200411,0.00389073648960627,102,100,0.2106923968972278,0.2123283626527462,0.00035997663705635734,0.46178588373054963,0.23089294186527481,48,46,2
2024-05-16,2024-05-15,0.9097278942055116,0.9094432055653532,-0.006515308839875944,-0.006826208184115168,0.009016130147734613,0.009913901266797366,101,100,0.1637510209569921,0.16948911598568472,0.0002846886401584487,0.36630748498011473,0.18315374249005736,38,37,1
2024-05-17,2024-05-16,0.907935862277472,0.9076106776122885,-0.001657435317188538,-0.002014999883280799,0.009646911255694224,0.010628908951438289,101,100,0.19066653107826917,0.1916224968514122,0.00032518466518351494,0.42105290011427143,0.21052645005713572,43,42,1
2024-05-20,2024-05-17,0.9224937142550298,0.9221264299494476,0.016398040492312305,0.01599336884769431,0.0010131452829760627,0.0010987053944778538,102,100,0.22139849142120716,0.21313200975407118,0.00036728430558220294,0.47103898320455045,0.23551949160227523,49,47,2
2024-05-21,2024-05-20,0.925057229326739,0.9246158433944096,0.0031783053625868973,0.0026996443916031954,0.0015342058686135425,0.0016592900495639707,102,100,0.25901602421148695,0.2599784707294537,0.0004413859323292909,0.561040418351919,0.2805202091759595,58,56,2
2024-05-22,2024-05-21,0.9154328995595945,0.9151098732381796,-0.009931631499091598,-0.010280994235759677,0.011919484605874693,0.013025195066136456,101,100,0.18308657991191896,0.19379488497059483,0.00032302632141480554,0.41169753136885034,0.20584876568442517,42,41,1
2024-05-23,2024-05-22,0.9206562611863802,0.9202410185338697,0.006060898379966373,0.005607135761231952,0.019061137467970037,0.020713201307129614,100,100,0.23937062790845887,0.24692752342306465,0.0004152426525104469,0.5282081617572099,0.26410408087860493,53,53,0
2024-05-24,2024-05-23,0.9028749376043863,0.9025355019189873,-0.018871231101120767,-0.019240086301620107,0.02032211881419837,0.022516697427402147,100,100,0.198632486272965,0.20023290330459223,0.00033943568539883086,0.4417725788644368,0.2208862894322184,44,44,0
2024-05-27,2024-05-24,0.8977391369509473,0.8973570459062594,-0.005314322769400137,-0.005737675694437949,0.02044176548185831,0.022779968770639952,100,100,0.22443478423773683,0.2249365219500847,0.00038209104468773516,0.5005588903186865,0.25027944515934325,50,50,0
2024-05-28,2024-05-27,0.9045358092181676,0.9041344712180377,0.007999896300650455,0.007552651804203059,0.021434220623108846,0.023706894610746293,100,100,0.23517931039672357,0.23657310353810404,0.0004013380001299488,0.5215408932705331,0.26077044663526655,52,52,0
2024-05-29,2024-05-28,0.8937053605822752,0.8934619492250384,-0.011534910975922075,-0.011804131279964825,0.021484899409824454,0.02404679844335822,100,100,0.14299285769316403,0.14328694783711637,0.00024341135723672622,0.3203290683450312,0.1601645341725156,32,32,0
2024-05-30,2024-05-29,0.8932346528134435,0.8928410342501516,-0.00025439965495122063,-0.0006949540217413563,0.020008414254325278,0.022409828274894704,100,100,0.2322410097314953,0.2311581431392881,0.0003936185632921135,0.518787701989845,0.2593938509949225,52,52,0
2024-05-31,2024-05-30,0.8986275270828591,0.8982964936156188,0.006480988900299911,0.006110224727797098,0.028971417216068773,0.03225150874123933,99,100,0.18871178068740044,0.19800581711638418,0.00033103346724046285,0.4303424791127357,0.21517123955636785,44,43,1
2024-06-03,2024-05-31,0.9066849395582671,0.9063396725881047,0.009338170639946464,0.00895381316708943,0.04824473819157489,0.05323030608801366,97,100,0.19040383730723606,0.21002242525290468,0.00034526697016253684,0.4416377123846643,0.22081885619233216,47,44,3
2024-06-04,2024-06-03,0.8896414320114634,0.8893239622255369,-0.018423821754330216,-0.018774098582685306,0.04780708176775145,0.05375665539036419,97,100,0.18682470072240726,0.18670451408451016,0.00031746978592640584,0.4198649044057835,0.20993245220289175,45,42,3
2024-06-05,2024-06-04,0.8924717019173674,0.8921527420257934,0.0035394747308430397,0.0031808203988763495,0.04780402550286526,0.05358278156979893,97,100,0.18741905740264708,0.18773496102933496,0.0003189598915738567,0.4203539648663471,0.21017698243317354,45,42,3
2024-06-06,2024-06-05,0.882827562287494,0.8825222483853078,-0.010452447545164611,-0.010794669104101873,0.038539132009459603,0.043669303612426866,98,100,0.18539378808037377,0.1764342084891543,0.0003053139021862941,0.4098512688389517,0.20492563441947584,43,41,2
2024-06-07,2024-06-06,0.8606755897934559,0.8603844932255492,-0.02475479641654732,-0.025084642568799276,0.03685427851159743,0.04283466148190575,98,100,0.17213511795869116,0.17074136102873563,0.00029109656790682375,0.3983806245390437,0.19919031226952186,42,40,2
2024-06-11,2024-06-07,0.8639846373111923,0.8636031283613999,0.0041843432953403426,0.003740926482512563,0.03613435147171147,0.04184138556824449,98,100,0.22463600570091002,0.22429758761081664,0.0003815089497924443,0.5196083054310473,0.25980415271552365,54,52,2
2024-06-12,2024-06-11,0.8746309221459274,0.8742446240134847,0.01276951579072172,0.012322206002514102,0.035485566843005856,0.04058997432560536,98,100,0.2274040397579411,0.2271415532616782,0.0003862981324426107,0.5196998888449782,0.2598499444224891,54,52,2
2024-06-13,2024-06-12,0.8781210536521195,0.8778370929724374,0.004434033143765781,0.004109226251183928,0.03549940557467747,0.040439628102833074,98,100,0.16684300019390272,0.16714079960525632,0.00028396067968212366,0.3803391325263357,0.19016956626316786,40,38,2
2024-06-14,2024-06-13,0.8669251029082007,0.8666311094282217,-0.012430541101068893,-0.012765447750984316,0.034513543903926386,0.03982495381073665,98,100,0.17338502058164013,0.17269315239086794,0.0002939934799789387,0.3992019285305602,0.1996009642652801,42,40,2
2024-06-17,2024-06-14,0.8646026311753496,0.8643237331815499,-0.0023406478613610116,-0.002662466442260758,0.03389950402847565,0.039220841366570586,98,100,0.16427449992331639,0.16393935804166537,0.00027889799379982174,0.3796123746683543,0.18980618733417715,40,38,2
2024-06-18,2024-06-17,0.8651551132858013,0.8647944099414286,0.0009618850811734525,0.0005445607262757335,0.013815877320834556,0.015975909605810572,100,100,0.22494032945430834,0.20521740609103994,0.0003607033443727286,0.49720302052153165,0.24860151026076582,50,50,0
2024-06-19,2024-06-18,0.8705171440432153,0.870233606267242,0.006617450385894896,0.006289583123209264,0.01567846540593225,0.018016386971290457,100,100,0.1653982573682109,0.16754438322928183,0.00028353777597313643,0.3824653458875066,0.1912326729437533,38,38,0
2024-06-20,2024-06-19,0.8562612518520446,0.8559983656158516,-0.016055866280699105,-0.01635795325401257,0.016206754739130552,0.018933160844846395,100,100,0.15412702533336803,0.15491820090275937,0.00026288623619305615,0.36092398852298885,0.18046199426149442,36,36,0
2024-06-21,2024-06-20,0.8351849424539476,0.8348875952627788,-0.024314793109365018,-0.024662161986588105,0.015169559104944906,0.01816958257736519,100,100,0.17538883791532903,0.17464898947231214,0.00029734719116874094,0.4191141501655394,0.2095570750827697,42,42,0
2024-06-24,2024-06-21,0.8308803519747661,0.8305987681187275,-0.0047997398820514015,-0.00513701145925094,0.014055735582714845,0.016922413230338055,100,100,0.16617607039495322,0.16534383072876174,0.00028158385603860986,0.3989983640072684,0.1994991820036342,40,40,0
2024-06-25,2024-06-24,0.8065181870970163,0.8062980716804872,-0.028991833296662217,-0.029256841414875168,0.014510592565011736,0.01799656116598263,100,100,0.12904290993552262,0.1297178823343486,0.00022011541652909692,0.32083689668704873,0.16041844834352437,32,32,0
2024-06-26,2024-06-25,0.8057596238996776,0.8054990297785138,-0.0006678023918467169,-0.0009910006361641965,0.014553419029370062,0.018067581078740444,100,100,0.1530943285409387,0.15339774912646073,0.00026059412116367014,0.38037656464350184,0.19018828232175092,38,38,0
2024-06-27,2024-06-26,0.8331104990674955,0.8326854066252819,0.034278712038391834,0.033750974044305604,0.014315679032081738,0.017192181967137513,100,100,0.2499331497202487,0.250120502165174,0.00042509244221384027,0.6002248830678946,0.3001124415339473,60,60,0
2024-06-28,2024-06-27,0.8148873533270484,0.8145952506477037,-0.021374282720247995,-0.021725078683550225,0.015103480177283244,0.01854108548420104,100,100,0.17112634419868017,0.17220624802322648,0.00029210267934475734,0.42132521853497573,0.21066260926748787,42,42,0
2024-07-01,2024-06-28,0.8170222961831561,0.8168265021258355,0.002979449651250299,0.0027390921765844123,0.01612836869176827,0.01974515842690377,100,100,0.11438312146564188,0.1156038040374475,0.00019579405732057722,0.2814940627416268,0.1407470313708134,28,28,0
2024-07-02,2024-07-01,0.8257055806828743,0.825423272352966,0.010870213605864265,0.010524597579482098,0.017271908067413543,0.02092491046221406,100,100,0.16514111613657478,0.16656696384212846,0.00028230832990828623,0.4017268233846431,0.20086341169232155,40,40,0
2024-07-03,2024-07-02,0.8198808506848806,0.8196582447206546,-0.006714641873721394,-0.006984328919970362,0.016684186502866766,0.020355052377412315,100,100,0.1311809361095809,0.13081582050926005,0.00022260596422593452,0.31955467236487367,0.15977733618243684,32,32,0
2024-07-04,2024-07-03,0.8145304481263014,0.8142523759624825,-0.0062560178310666625,-0.006595271618373699,0.017435033844402363,0.02141232173107678,100,100,0.16290608962526032,0.16393500913061476,0.00027807216381883244,0.40126320570056206,0.20063160285028103,40,40,0
2024-07-05,2024-07-04,0.7933306578634696,0.7930911811123482,-0.025694389990919553,-0.02598849628792399,0.014211529652539913,0.017919162375009096,100,100,0.14279951841542451,0.1398154909746834,0.00023947675112140663,0.3562386081879434,0.1781193040939717,36,36,0
2024-07-08,2024-07-05,0.8034238582564992,0.8031072855599224,0.0130283596517351,0.012629196599470482,0.01610765513630734,0.02005666668193299,100,100,0.18478748739899484,0.187000185579339,0.00031657269657667,0.4627540857264881,0.23137704286324404,46,46,0
2024-07-09,2024-07-08,0.7795497959122399,0.7792846336705412,-0.029332929823016496,-0.02966310020805263,0.01594732115703113,0.02046405185986664,100,100,0.15590995918244802,0.1560147874448706,0.0002651622416988264,0.4001344728238944,0.2000672364119472,40,40,0
2024-07-10,2024-07-09,0.7871892402672429,0.7869351446501387,0.010143413914720512,0.009817351259144402,0.015541855083494281,0.019749855104519435,100,100,0.14956595565077618,0.1494145851943435,0.00025409561710424344,0.37980770766584515,0.18990385383292258,38,38,0
2024-07-11,2024-07-10,0.7984014133535463,0.7981172435507697,0.01457079249968607,0.014209682941028756,0.014476320016420307,0.018138087020919555,100,100,0.16766429680424477,0.1668829315399473,0.00028416980277648875,0.41902133782427137,0.20951066891213568,42,42,0
2024-07-12,2024-07-11,0.8091650065760388,0.8088752041649566,0.01384228083598149,0.01347917326823489,0.015032430091353648,0.018584362598767504,100,100,0.16992465138096824,0.17077056386698372,0.0002898024110822629,0.42104541407394164,0.21052270703697082,42,42,0
2024-07-15,2024-07-12,0.8053442088828163,0.8050847098953294,-0.004365315272317538,-0.004686129887663371,0.014202756574584335,0.017641319478581156,100,100,0.1530153996877351,0.15244522515845269,0.00025949898748693905,0.3792920113871888,0.1896460056935944,38,38,0
2024-07-16,2024-07-15,0.7945247159531659,0.794198442317252,-0.01311662463883645,-0.01352189085728972,0.01579243912498207,0.01988475207645093,100,100,0.1906859318287598,0.1926018880150714,0.00032627363591383453,0.4824114494462429,0.24120572472312146,48,48,0
2024-07-17,2024-07-16,0.7913002723497181,0.7910844171966638,-0.003649176091403361,-0.003920966039044793,0.0161415648585395,0.02040435193470219,100,100,0.1266080435759549,0.12717302446256668,0.00021585515305439632,0.320713990512014,0.160356995256007,32,32,0
2024-07-18,2024-07-17,0.7873133968741891,0.7869515896650763,-0.004766900017874054,-0.005224256023437901,0.01617099396532065,0.02054890564768154,100,100,0.2125746171560311,0.21296585347192507,0.0003618072091127356,0.5404969257698997,0.27024846288494986,54,54,0
2024-07-19,2024-07-18,0.7913604126773226,0.791036529627416,0.005602406895349965,0.005190840219381432,0.016763475946552926,0.021191784852778728,100,100,0.18992649904255743,0.19084286407369627,0.0003238830499066,0.4811579616777122,0.2405789808388561,48,48,0
2024-07-22,2024-07-19,0.7962576139629782,0.7959457470968231,0.006600307495308044,0.006206056592252818,0.016933553712733182,0.02127475870622787,100,100,0.18313925121148497,0.1836211958438204,0.0003118668661550934,0.46060526219640996,0.23030263109820498,46,46,0
2024-07-23,2024-07-22,0.7923746594553741,0.7920656012317534,-0.004486596799435638,-0.004874887364148095,0.015933342556090094,0.020116190541934795,100,100,0.1822461716747361,0.18155501874171376,0.00030905822362072667,0.4591277447798529,0.22956387238992645,46,46,0
2024-07-24,2024-07-23,0.7706393382477936,0.7704027661661009,-0.027051121713453363,-0.027349799097403427,0.016384447009695546,0.0212673782198791,100,100,0.13871508088460285,0.1394027574199009,0.00023657208169265259,0.3608923454866211,0.18044617274331054,36,36,0
2024-07-25,2024-07-24,0.7577762052859403,0.757427622640834,-0.016389558078817146,-0.016842026138921606,0.01672983425562593,0.022087700204669033,100,100,0.20459957542720386,0.2052935453182405,0.00034858264510638666,0.5409157979442951,0.27045789897214756,54,54,0
2024-07-26,2024-07-25,0.7687947912883542,0.7685345182932819,0.015007597171974751,0.014663969626197204,0.015453894018979156,0.020108262740492506,100,100,0.15375895825767086,0.15274329101609635,0.0002602729950723086,0.3986788838151825,0.19933944190759126,40,40,0
2024-07-29,2024-07-26,0.7803451131128403,0.7799476703716263,0.015367682958192574,0.014850539314343436,0.01457166357477209,0.0186828733879403,100,100,0.23410353393385208,0.23361874623085901,0.0003974427412142562,0.5993787521766373,0.29968937608831864,60,60,0
2024-07-30,2024-07-29,0.7699540787419253,0.7696398027313616,-0.012813156586440222,-0.01321610158198594,0.014379884325001029,0.018683914571424844,100,100,0.1847889788980621,0.18491147565885468,0.00031427601056357757,0.48015909619050634,0.24007954809525317,48,48,0
2024-07-31,2024-07-30,0.7727676310077645,0.7725308144014635,0.00406401574516102,0.003756317773381923,0.014460987002861882,0.018718977590642612,100,100,0.1390981735813976,0.13941609286555942,0.00023681660630095412,0.3604114034690443,0.18020570173452216,36,36,0
2024-08-01,2024-07-31,0.8067280833557783,0.8063327978162044,0.04426654356928128,0.04375486748826929,0.011855332808306102,0.01470277885311619,100,100,0.23395114417317575,0.2317407755181938,0.00039528553957391923,0.5772600821756604,0.2886300410878302,58,58,0
2024-08-02,2024-08-01,0.7954142387779242,0.7951172910456387,-0.013541008213793337,-0.01390927765922545,0.011070027787535276,0.013922509184748532,100,100,0.17499113253114337,0.174502775242658,0.0002969477322856095,0.4393860340126227,0.21969301700631136,44,44,0
2024-08-05,2024-08-02,0.7904339174280985,0.790109333485945,-0.005890166985780376,-0.006298388446700498,0.012642629157164628,0.016001113543850476,100,100,0.18970414018274365,0.19160132549452655,0.0003245839421536256,0.48240018206449936,0.24120009103224968,48,48,0
2024-08-06,2024-08-05,0.7884578891254437,0.7880551369025971,-0.002090146629726841,-0.0025998890233138727,0.012820512745829026,0.016268547904172384,100,100,0.2365373667376331,0.2371180025491442,0.0004027522228466387,0.6007364195596484,0.3003682097798242,60,60,0
2024-08-07,2024-08-06,0.7941968072114703,0.7937896324723016,0.007793452540659329,0.007276769481185719,0.01435367208913879,0.018082463541925442,100,100,0.23825904216344107,0.2401993762459194,0.0004071747391685753,0.6024431401195014,0.3012215700597507,60,60,0
2024-08-08,2024-08-07,0.7905843942658588,0.7902626999666376,-0.004037893763439437,-0.0044431576848380505,0.013246401754331456,0.016762023254913435,100,100,0.18974025462380611,0.18895467858822002,0.00032169429922132575,0.479006335008275,0.2395031675041375,48,48,0
2024-08-09,2024-08-08,0.797626839716907,0.7972896607101776,0.009318597158362918,0.00889193016934331,0.011261586247134796,0.014124836683701195,100,100,0.19940670992922677,0.1977590734287594,0.0003371790067291712,0.4979343266569965,0.24896716332849825,50,50,0
2024-08-12,2024-08-09,0.7862533179753247,0.7860385919104608,-0.013842325165765224,-0.0141116451826242,0.01183337143201521,0.0150544407791153,100,100,0.12580053087605195,0.12658704212579638,0.00021472606486400738,0.32100032805174006,0.16050016402587003,32,32,0
2024-08-13,2024-08-12,0.7801590637140507,0.7799092796283752,-0.007479948512604029,-0.007797724367690773,0.009576958342607453,0.012279579936747066,100,100,0.14823022210566963,0.14622359310193736,0.00024978408567553315,0.3774279232312197,0.18871396161560985,38,38,0
2024-08-14,2024-08-13,0.7851783273214854,0.7849254176964645,0.00675597512523618,0.00643169429972601,0.008684980804886054,0.011064721066587487,100,100,0.1491838821910822,0.14854481427838173,0.000252909625020869,0.3791860856439064,0.1895930428219532,38,38,0
2024-08-15,2024-08-14,0.7759463263317967,0.7756403558273661,-0.011439419799933237,-0.011829228178579565,0.010720365604810935,0.013821309740099394,100,100,0.1784676550563133,0.18080901036066874,0.00030597050443052385,0.46301741914988376,0.23150870957494188,46,46,0
2024-08-16,2024-08-15,0.7842071800388181,0.783808845413211,0.011044840752662655,0.010531284924095718,0.008857452603712424,0.011300526468341808,100,100,0.2352621540116454,0.23379757563615378,0.000398334625606756,0.5981324088674894,0.2990662044337447,60,60,0
2024-08-19,2024-08-16,0.7764863253284606,0.7760104452023592,-0.009342226905962203,-0.00994936489488163,0.008991113387025445,0.011586330367861022,100,100,0.2795350771182459,0.2801446180276603,0.0004758801261013742,0.7207849988976389,0.36039249944881946,72,72,0
2024-08-20,2024-08-19,0.7768320838366191,0.7764477796875424,0.0010587984212577783,0.0005635677817057427,0.009812201733504911,0.012637297691099754,100,100,0.22528130431261945,0.22648669680817562,0.0003843041490765656,0.5815516770234345,0.29077583851171723,58,58,0
2024-08-21,2024-08-20,0.7586846480882069,0.7583241149047384,-0.022877432409535325,-0.02334176908857588,0.008905569439720939,0.011743750811405579,100,100,0.21243170146469792,0.21188560235438247,0.00036053318346863916,0.5592802027671292,0.2796401013835646,56,56,0
2024-08-22,2024-08-21,0.758332084493165,0.7579450539395881,1.050947513081546e-05,-0.0004998666898492488,0.008774166599897965,0.011576256820058764,100,100,0.22749962534794954,0.22775525306170327,0.00038703055357664396,0.600337092045795,0.3001685460228975,60,60,0
2024-08-23,2024-08-22,0.7445435046927799,0.7442267693275161,-0.01768142581992016,-0.018099312794203515,0.008734136479506436,0.011735853693355601,100,100,0.18613587617319496,0.1864125814180672,0.0003167353652637911,0.5003716441593113,0.2501858220796557,50,50,0
2024-08-26,2024-08-23,0.745317068937627,0.7450009436152403,0.0014650099338620048,0.0010402397758733084,0.007841254873819925,0.01052516099613101,100,100,0.18632926723440674,0.18575251095110693,0.00031612532238686135,0.4992261598354082,0.2496130799177041,50,50,0
2024-08-27,2024-08-26,0.7514558146681729,0.7510734036448028,0.008664245472776555,0.008150942735850597,0.006702987386338177,0.008924543664853495,100,100,0.22543674440045186,0.22468088793634028,0.000382411023370245,0.5989941438347305,0.29949707191736524,60,60,0
2024-08-28,2024-08-27,0.7415585460506282,0.7411798278915381,-0.012668345794167313,-0.013172581674777972,0.006799997049372588,0.009174557635650707,100,100,0.22246756381518842,0.22294329163731294,0.00037871815909015804,0.6006415242932039,0.30032076214660197,60,60,0
2024-08-29,2024-08-28,0.7409647140558866,0.7406748073637708,-0.0002902316382024095,-0.0006813738161277616,0.006682353011716824,0.009021979612754524,100,100,0.1704218842328539,0.17059414688731397,0.0002899066921157579,0.4602324842886473,0.23011624214432366,46,46,0
2024-08-30,2024-08-29,0.7582276761971987,0.7578420187819288,0.023698482328435855,0.023177798471720745,0.005352423241396922,0.0070627163824985755,100,100,0.2274683028591596,0.22652403050410957,0.00038565741527001566,0.5987546321709253,0.29937731608546264,60,60,0
2024-09-02,2024-08-30,0.772190398586466,0.7717659546145443,0.018933206986331053,0.01837313778799876,0.008902883897167525,0.011535730287058383,100,100,0.2471009275476691,0.25107583217536134,0.0004244439719214992,0.645147570644453,0.3225737853222265,64,64,0
2024-09-03,2024-09-02,0.7578342152683178,0.7574597237002902,-0.018051767200827906,-0.01853700701451555,0.009327755874975557,0.012314523905519683,100,100,0.2197719224278122,0.22057128597364778,0.0003744915680276998,0.5810548000205462,0.2905274000102731,58,58,0
2024-09-04,2024-09-03,0.7585567311448993,0.7582471462592307,0.0014482716509995885,0.0010395570012537991,0.009103388590560396,0.012005832973419613,100,100,0.18205361547477583,0.18213883307602918,0.00030958488566849764,0.4801123417639769,0.24005617088198844,48,48,0
2024-09-05,2024-09-04,0.7592408307561831,0.7589803325475278,0.0013105021256651916,0.0009669489584158697,0.010985005107519524,0.014473372545304572,100,100,0.1518481661512366,0.15399028087685104,0.00026049820865527807,0.4028213903136386,0.2014106951568193,40,40,0
2024-09-06,2024-09-05,0.7651453067493434,0.7649240759008525,0.008122706132743573,0.007831221835978841,0.010858187750163048,0.014195118302918286,100,100,0.1300747021473884,0.13016911563852274,0.0002212308484908083,0.34012339289060717,0.17006169644530358,34,34,0
2024-09-09,2024-09-06,0.7490536690937311,0.7487491866340051,-0.0207476889630267,-0.021145744756168372,0.009525125959300553,0.01272138404867011,100,100,0.17977288058249546,0.178744301251359,0.0003044824597259921,0.47862682825867353,0.23931341412933677,48,48,0
2024-09-10,2024-09-09,0.7514477746959111,0.7509986819217644,0.003604128204849788,0.003004337537743318,0.010877258823784383,0.014483725585176894,100,100,0.2630067211435689,0.2648079467821994,0.0004490927741465603,0.7023970070832393,0.35119850354161963,70,70,0
2024-09-11,2024-09-10,0.7472992109202472,0.7469548025682653,-0.004926068567857489,-0.005384669042495682,0.011803772444138338,0.01580252567297681,100,100,0.20177078694846673,0.20304170892080256,0.0003444083519819625,0.5417006868918953,0.27085034344594766,54,54,0
2024-09-12,2024-09-11,0.7473047650682375,0.7469732249011155,0.00046851897701039036,2.466324975336498e-05,0.01259174224217452,0.016857019532181248,100,100,0.19429923891774176,0.19541874888289992,0.00033154016712183554,0.5214980634641825,0.26074903173209124,52,52,0
2024-09-13,2024-09-12,0.7442907607865626,0.7440121910151486,-0.0035911114684303858,-0.003964042869620821,0.012499560543484407,0.016800209317040488,100,100,0.16374396737304373,0.16393035544576776,0.00027856977141417104,0.44025042373564727,0.22012521186782363,44,44,0
2024-09-18,2024-09-13,0.735478622239201,0.7351672120810578,-0.011469662566018113,-0.011888217748182939,0.011126099195771047,0.015134106925519836,100,100,0.18386965555980028,0.18280760437022997,0.00031141015814313295,0.4985559727265263,0.24927798636326315,50,50,0
2024-09-19,2024-09-18,0.733232605835054,0.7329460593122987,-0.0026315186725037742,-0.003021289214560685,0.010705528921911133,0.014606162057758805,100,100,0.16864349934206246,0.16850947559095783,0.00028654652275529103,0.45981721523287705,0.22990860761643853,46,46,0
2024-09-20,2024-09-19,0.7479010916405983,0.7475430246414618,0.02040400127443398,0.019915470100022148,0.01222571602779738,0.016354531611957858,100,100,0.20941230565936753,0.21129055976439026,0.00035806699913645026,0.562511366978891,0.2812556834894455,56,56,0
2024-09-23,2024-09-20,0.7415690072894492,0.7413027551982185,-0.007991536480295491,-0.008347706068471794,0.013333969053141059,0.017987210973707576,100,100,0.15572949153078436,0.15710399664735863,0.0002662520912305652,0.4218535093876137,0.21092675469380684,42,42,0
2024-09-24,2024-09-23,0.744772251331696,0.7445200422104029,0.004680268768932017,0.004340044589911329,0.012160447059418102,0.016333270254639477,100,100,0.1489544502663392,0.14803313739390933,0.0002522091212931036,0.3987629602596196,0.1993814801298098,40,40,0
2024-09-25,2024-09-24,0.7798188295222174,0.7794222392393656,0.04741146686530562,0.046878787742693495,0.010748111135938914,0.013789844059912819,100,100,0.23394564885666516,0.23292990321603774,0.0003965902828516398,0.598697459458308,0.299348729729154,60,60,0
2024-09-26,2024-09-25,0.7774678104856296,0.7771764300308377,-0.002507535268230554,-0.002881376865406793,0.011008997654119208,0.014165377678376556,100,100,0.17104291830683852,0.17159518527981077,0.0002913804547918949,0.4407103406282856,0.2203551703141428,44,44,0
2024-09-27,2024-09-26,0.8250728408022002,0.8246642762894808,0.06162874853199307,0.061103044847562904,0.012240071508718012,0.01484249028439956,100,100,0.239271123832638,0.2409107621999563,0.00040856451271953457,0.5819872649858695,0.29099363249293475,58,58,0
2024-09-30,2024-09-27,0.8903759429580798,0.8899185035013619,0.07968293105197177,0.07912823325570484,0.014826019151426305,0.016659974023569245,100,100,0.26711278288742385,0.2701561699868501,0.0004574394567179894,0.6034180922378868,0.3017090461189434,60,60,0
2024-10-08,2024-09-30,1.0424311792754397,1.0419094049260218,0.17137825000156814,0.17079193299909545,0.18254886163123082,0.17520607911605546,85,100,0.19806192406233358,0.366306540891556,0.000521774349418112,0.5413963781725752,0.2706981890862876,68,53,15
2024-10-09,2024-10-08,0.9843393299815764,0.9838596682813675,-0.055254396084977286,-0.055714764038218845,0.02483713123209133,0.025244587244314526,100,100,0.38389233869281475,0.226660269993884,0.0004796617002089608,0.6202663960385758,0.3101331980192879,63,63,0
2024-10-10,2024-10-09,0.9300946342303321,0.9295635167324177,-0.054647055656782406,-0.05518688619871559,0.018417649488222443,0.019813223256613794,100,100,0.31623217563831296,0.3103438113923585,0.0005311174979145825,0.6736690697599529,0.33683453487997644,68,68,0
2024-10-11,2024-10-10,0.9274609630021766,0.9270042415834626,-0.0022618720425172656,-0.00275320094096565,0.01749107711846732,0.018868389521702653,100,100,0.2689636792706312,0.26849382831959007,0.00045672141871392767,0.5794934008332596,0.2897467004166298,58,58,0
2024-10-14,2024-10-11,0.8967835302780207,0.8963392362998366,-0.0326004024035752,-0.03307968174044773,0.01902832655585774,0.021228934074567867,100,100,0.260067223780626,0.26204876719620057,0.00044429397818419555,0.5822096117386993,0.29110480586934967,58,58,0
2024-10-15,2024-10-14,0.9095042336035818,0.9091313798728083,0.014687516478795848,0.014271542575530649,0.020270021427911324,0.022296030999113894,100,100,0.21828101606485964,0.2198955646676867,0.00037285373077337153,0.48177519635772337,0.24088759817886168,48,48,0
2024-10-16,2024-10-15,0.8811555352974133,0.8808711140951371,-0.03077205912671166,-0.03108490852182988,0.01981102238474202,0.0224902622730371,100,100,0.1674195517065085,0.16724497386561532,0.0002844212022760821,0.3798018762478359,0.18990093812391795,38,38,0
2024-10-17,2024-10-16,0.8958474844656525,0.8955890270268573,0.017001772598593812,0.01670836141203136,0.019150306568397037,0.021382917823336338,100,100,0.15229407235916095,0.15189181398161122,0.000258457438795269,0.33955097448558486,0.16977548724279243,34,34,0
2024-10-18,2024-10-17,0.8836932743358104,0.8834056021757286,-0.013282602099914054,-0.013603812109640012,0.020898300291306987,0.023656517730742056,100,100,0.167901722123804,0.16993738800679575,0.0002876721600817578,0.38230358874748915,0.19115179437374458,38,38,0
2024-10-21,2024-10-18,0.9194239472448373,0.9190630030147231,0.04077214926009032,0.040363566578222265,0.02185505309871242,0.023779711539930533,100,100,0.21146750786631263,0.21278520490383224,0.0003609442301140029,0.46143317676406875,0.23071658838203438,46,46,0
2024-10-22,2024-10-21,0.9162205156331853,0.9158915508648604,-0.0030928101470887315,-0.003450745095232466,0.023229764915676354,0.025363008200851828,100,100,0.19240630828296887,0.19410998486825784,0.00032896476832486467,0.42185946129367285,0.21092973064683643,42,42,0
2024-10-23,2024-10-22,0.9314677488637044,0.9310721778046633,0.01700659645144187,0.016574699182963393,0.022558980924098047,0.024229035580559326,100,100,0.2328669372159261,0.2325917242833889,0.00039557105904128385,0.49970453842028034,0.24985226921014017,50,50,0
2024-10-24,2024-10-23,0.9352124319472959,0.9348932266791834,0.004446759597515504,0.004103923375231355,0.023360722247346,0.024987583159977723,100,100,0.1870424863894592,0.1881634329808196,0.00031920526811257726,0.4011986010376556,0.2005993005188278,40,40,0
2024-10-25,2024-10-24,0.935066448234817,0.9348258089750985,0.00018528485466617894,-7.211273133767016e-05,0.025117642459145773,0.02686879439783936,100,100,0.14025996723522255,0.14225752670674086,0.00024063925971854846,0.30213627542223254,0.15106813771111627,30,30,0
2024-10-28,2024-10-25,0.9515262573472136,0.951171532526304,0.017864770325954904,0.017485314797979656,0.023721100057898088,0.024938824645955326,100,100,0.20933577661638694,0.20829395903604878,0.0003547248209094854,0.43890510895280727,0.21945255447640363,44,44,0
2024-10-29,2024-10-28,0.9678274187492742,0.9674155715308944,0.01751091748796596,0.017077928059354708,0.023782494122466233,0.024583534545377886,100,100,0.24195685468731853,0.24243009597026663,0.0004118472183796848,0.5004889728000883,0.25024448640004415,50,50,0
2024-10-30,2024-10-29,0.9428746093011675,0.9424876708330648,-0.025367549326182348,-0.025767520630645024,0.025437035207064057,0.0269892498270882,100,100,0.22628990623228018,0.22833138578498074,0.00038693846810284677,0.4821651654764716,0.2410825827382358,48,48,0
2024-10-31,2024-10-30,0.9408649981998596,0.940514314570102,-0.0017216910983790523,-0.0020937740874833466,0.023995551968752145,0.025513223559728834,100,100,0.20699029960396903,0.2058994999954146,0.0003506836297573375,0.4388406417385687,0.21942032086928434,44,44,0
2024-11-01,2024-10-31,0.9430748327427311,0.9427339755408851,0.0027224659241888993,0.002360050172971251,0.02745422800046468,0.02912192486190292,100,100,0.19804571487597344,0.2018452481095321,0.0003408572018460698,0.4240288777747449,0.21201443888737245,42,42,0
2024-11-04,2024-11-01,0.9401941268750605,0.9397460358579894,-0.002694130827699648,-0.003169440966823478,0.027513966690940667,0.02927808752693527,100,100,0.26325435552501697,0.26376218523256395,0.0004480910170708301,0.5605401328226064,0.2802700664113032,56,56,0
2024-11-05,2024-11-04,0.9625832269797188,0.962189357451449,0.02430144980699911,0.0238823264340442,0.028152435037354248,0.029258726278080655,100,100,0.2310199744751325,0.23205231234981583,0.0003938695282698768,0.481072466095137,0.2405362330475685,48,48,0
2024-11-06,2024-11-05,0.9833243915556816,0.982987990951403,0.021965566279191773,0.02161594631959285,0.029698135478248483,0.030212104065996368,100,100,0.19666487831113633,0.19854697935630916,0.000336400604278622,0.4019140184676953,0.20095700923384766,40,40,0
2024-11-07,2024-11-06,0.9810866742725087,0.9807515627855592,-0.0019342216755405817,-0.0022751327446830505,0.03076485826113581,0.03136865586403611,100,100,0.1962173348545017,0.19761916912433863,0.00033511148694947366,0.40142885874061673,0.20071442937030837,40,40,0
2024-11-08,2024-11-07,1.0258889510036182,1.025467026727702,0.04602326412803115,0.04559305907720468,0.033398919355143344,0.032569471747639085,100,100,0.24621334824086838,0.24926933361079232,0.0004219242759163931,0.482978865662735,0.2414894328313675,48,48,0
2024-11-11,2024-11-08,1.0148603907997864,1.0144064832977395,-0.010343224746837243,-0.010785859653875907,0.03779883850157186,0.03726202377836882,100,100,0.2638637016079445,0.2687175282564199,0.0004539075020468285,0.5247827530687746,0.2623913765343873,52,52,0
2024-11-12,2024-11-11,1.0305318870313118,1.0302174436615812,0.015896392618814925,0.015586414937374782,0.03666676994914281,0.03559129208570028,100,100,0.1854957396656361,0.18467811448293775,0.00031444336973061296,0.359206598851537,0.1796032994257685,36,36,0
2024-11-13,2024-11-12,1.0260264015242047,1.0255778033401135,-0.0040681141279076405,-0.004503554419518996,0.0317586395988336,0.030966582442991355,100,100,0.2667668643962932,0.2623073322300751,0.00044859818409085864,0.5156535892647662,0.2578267946323831,52,52,0
2024-11-14,2024-11-13,1.0284576865655497,1.0280532111467715,0.0028080592384673864,0.002413671394404293,0.033489130844466995,0.03257528937350488,100,100,0.23654526791007652,0.2386802345744879,0.0004044754187779831,0.4620758915921384,0.2310379457960692,46,46,0
2024-11-15,2024-11-14,1.0032985399378214,1.0029922568536511,-0.024079173082234506,-0.024377098404435138,0.03252260316862532,0.0324255775120812,100,100,0.18059373718880786,0.17993349259713637,0.0003062830841701348,0.3593419260913981,0.17967096304569904,36,36,0
2024-11-18,2024-11-15,0.9997232745494933,0.9993827004090328,-0.0032592298512976736,-0.0035987879467199724,0.03278950822248647,0.032809761674948146,100,100,0.19994465490989868,0.2005521341042203,0.0003405741404605814,0.4006076473458072,0.2003038236729036,40,40,0
2024-11-19,2024-11-18,0.9916122094533165,0.9910899086111471,-0.007775290639447596,-0.008297914096863535,0.03201375991442787,0.0323015698538289,100,100,0.3073997849305282,0.30714633746463893,0.0005223008421694197,0.619744408687718,0.309872204343859,62,62,0
2024-11-20,2024-11-19,1.0083460078074662,1.0079510854133638,0.017411234890385208,0.017012762067010634,0.03221802392925158,0.031963876417712145,100,100,0.2319195817957173,0.2325187682046435,0.0003949223941025377,0.46059422698586294,0.23029711349293147,46,46,0
2024-11-21,2024-11-20,1.023100041780643,1.0226469797838171,0.015029455879862041,0.014579967801142457,0.03253930589487186,0.03181870825233408,100,100,0.2660060108629672,0.2667803548254133,0.00045306199682573436,0.5207568604543289,0.26037843022716445,52,52,0
2024-11-22,2024-11-21,1.0201393184202463,1.0197408127264436,-0.002452128068770043,-0.0028418086737888038,0.03180554592851645,0.03118983327094571,100,100,0.23463204323665665,0.2342967889641039,0.00039850569380250883,0.4596713642279057,0.22983568211395286,46,46,0
2024-11-25,2024-11-22,0.9833389446439578,0.9830041243532881,-0.03569717680040618,-0.036025515419878085,0.031911679720417224,0.03246342403844105,100,100,0.19666778892879155,0.19710874301136197,0.0003348202906697728,0.4004484253216779,0.20022421266083895,40,40,0
2024-11-26,2024-11-25,0.9874492735297362,0.9870783430817365,0.004522004604377905,0.00414466086917864,0.03301749445391017,0.03344972026316264,100,100,0.21723884017654196,0.21871558535803462,0.0003709304479997636,0.44149551498095074,0.22074775749047537,44,44,0
2024-11-27,2024-11-26,0.9818796417983449,0.9814788490610717,-0.00526675650400843,-0.005672795943615472,0.03278565027959329,0.033404337048075536,100,100,0.23565111403160277,0.235820062594559,0.00040079273727297647,0.4801720664690092,0.2400860332345046,48,48,0
2024-11-28,2024-11-27,1.0019349197138678,1.0015098016169195,0.02084209015035343,0.020408949795515552,0.031720310427878345,0.03167249124937817,100,100,0.250483729928467,0.24984350817370027,0.0004251180969481509,0.49936101463062144,0.24968050731531072,50,50,0
2024-11-29,2024-11-28,0.9951899989906227,0.9949279352924868,-0.006310275362351514,-0.0065719439927660606,0.038994836178070716,0.03919362879946385,99,100,0.1492784998485934,0.15681508929692156,0.0002620636981357697,0.3075730156613031,0.15378650783065154,32,31,1
2024-12-02,2024-11-29,1.0114018495928656,1.0110222073077348,0.01655789702551247,0.016176319353739643,0.039867915150255735,0.03943327343562567,99,100,0.22250840691043047,0.22376112816774618,0.00037964228513077855,0.441238598938513,0.2206192994692565,45,44,1
2024-12-03,2024-12-02,1.0254469788200067,1.0250668462815566,0.014267512036836294,0.01389152371956448,0.03641084476768564,0.03552045888496585,99,100,0.22559833534040152,0.22252139749628141,0.0003801325384501506,0.43699941790490165,0.21849970895245083,45,44,1
2024-12-04,2024-12-03,1.0236106385434796,1.0232730936669399,-0.0014205978306287559,-0.001749888430323976,0.02654353574115093,0.025939835519402852,100,100,0.20472212770869588,0.19519236355870084,0.0003375448765397886,0.3906900497209025,0.19534502486045124,39,39,0
2024-12-05,2024-12-04,1.0094928482287389,1.0090844180230072,-0.013466830627607895,-0.013865971588373327,0.023005217948480598,0.02279811038362112,100,100,0.24227828357489734,0.23914839598795884,0.0004084302057316931,0.47689954456593703,0.23844977228296851,48,48,0
2024-12-06,2024-12-05,1.0181818080487892,1.017729463928949,0.009015489550027622,0.00856721771888913,0.024650838085611915,0.024221405549611632,100,100,0.2647272700926852,0.26682523434965677,0.00045234411984023325,0.5220605006300318,0.2610302503150159,52,52,0
2024-12-09,2024-12-06,1.0323593711972952,1.0319588031337488,0.014375045419111165,0.013981455493945694,0.021446224029722127,0.020782054443061478,100,100,0.23744265537537784,0.2346386093830346,0.00040056806354656446,0.4572838470104734,0.2286419235052367,46,46,0
2024-12-10,2024-12-09,1.0542209223532235,1.053754901402363,0.02157268211857999,0.021121093402591384,0.021030478697408456,0.019957656822682936,100,100,0.2740974398118381,0.2741477154303848,0.00046602095086052675,0.5200476898318755,0.2600238449159378,52,52,0
2024-12-11,2024-12-10,1.035018140254195,1.0345240825781499,-0.01778094803946606,-0.018249802490712286,0.02179918582510179,0.02107170455691643,100,100,0.2898050792711746,0.29106784407491304,0.0004940576760451095,0.56122004122887,0.280610020614435,56,56,0
2024-12-12,2024-12-11,1.0476389066350524,1.0472113085536863,0.012677156847058502,0.012263828546086986,0.021518321797518863,0.02054821373848419,100,100,0.2514333375924126,0.2515800716461958,0.0004275980813662625,0.4801400616690101,0.24007003083450504,48,48,0
2024-12-13,2024-12-12,1.0552831770455495,1.0548326541023896,0.007707965360889135,0.007277753292436406,0.022911065141230702,0.02172009470139781,100,100,0.2638207942613874,0.2656640605482593,0.00045052294315991727,0.5017467029959034,0.2508733514979517,50,50,0
2024-12-16,2024-12-13,1.0367284420499305,1.0362149142409938,-0.01716311301328155,-0.017649946452632848,0.024598161883168133,0.023738475045194444,100,100,0.3006512481944797,0.30285187274535386,0.0005135278089365771,0.5821226624655176,0.2910613312327588,58,58,0
2024-12-17,2024-12-16,1.0260141188742753,1.0254773200649887,-0.009844285414662646,-0.010362323518447014,0.020506243655334593,0.019996779308619938,100,100,0.3180643768510253,0.3145092574324782,0.000536798809286341,0.6165350190088537,0.30826750950442683,62,62,0
2024-12-18,2024-12-17,1.0172056918149892,1.0168067841653372,-0.008066125001648272,-0.008455122049020103,0.0211802670534161,0.02083017873528674,100,100,0.23395730911744758,0.23503024016518104,0.00039890764965216805,0.4610547827802843,0.23052739139014214,46,46,0
2024-12-19,2024-12-18,1.0073037371201272,1.0069268287272048,-0.009345971322379354,-0.009716649802098298,0.02096408160538407,0.020819865959757468,100,100,0.221606822166428,0.22176754511131827,0.00037690839292230674,0.44015955757828296,0.22007977878914148,44,44,0
2024-12-20,2024-12-19,1.0149549248297862,1.0146094811560418,0.007972869401770888,0.007629802096492,0.020945000933659877,0.020643411403760224,100,100,0.20299098496595724,0.20331734796797749,0.0003454436737443495,0.4003215541833791,0.20016077709168956,40,40,0
2024-12-23,2024-12-20,1.017870713275214,1.0175258419498796,0.00321427325462853,0.0028743677720366456,0.019504932172795378,0.019168979664848783,100,100,0.20357414265504287,0.20247894521951276,0.0003448713253344894,0.3989240308997535,0.19946201544987674,40,40,0
2024-12-24,2024-12-23,1.0011361246235033,1.0006933559450613,-0.016107421208063633,-0.01654256364886253,0.01930444654760311,0.019291070968860253,100,100,0.26029539240211086,0.2605376754553609,0.0004427686784421636,0.5202420081018864,0.2601210040509432,52,52,0
2024-12-25,2024-12-24,1.013914221375958,1.013516661261895,0.01321170501667912,0.012814420362293077,0.019924753256406316,0.019659028823067085,100,100,0.23320027091647036,0.23421813773933658,0.00039756011406315273,0.46100389835886213,0.23050194917943106,46,46,0
2024-12-26,2024-12-25,1.0022554539630713,1.0019646591726534,-0.011111023359796524,-0.011397939995242523,0.02067301685010576,0.02063248105694264,100,100,0.17038342717372212,0.17142248555783945,0.00029079479041785653,0.3410367201096375,0.17051836005481874,34,34,0
2024-12-27,2024-12-26,1.0090750710451601,1.0086598531826327,0.007096469728161914,0.006682066027665856,0.02345346584289769,0.02325210601858969,100,100,0.2421780170508384,0.2453736839061577,0.0004152178625272764,0.4831669267698877,0.24158346338494385,48,48,0
2024-12-30,2024-12-27,1.0155368895879837,1.015154753801622,0.006817993581931248,0.006439138623883789,0.02518495701640508,0.024808982987165953,100,100,0.22341811570935644,0.2255317426692255,0.00038213578636176143,0.4420812901840785,0.22104064509203925,44,44,0
2024-12-31,2024-12-30,1.0111763818664612,1.0108329702695737,-0.0039189807467897575,-0.004257265718220382,0.024488479104049027,0.024226039142271272,100,100,0.2022352763732922,0.20188221005782372,0.00034341159688758115,0.39965083607390345,0.19982541803695172,40,40,0
2025-01-02,2024-12-31,0.9849032184060559,0.9844522406827336,-0.02565186596219038,-0.026098010613766154,0.023043997811555583,0.023407938810291292,100,100,0.2659238689696351,0.2649303654004639,0.00045097772332229104,0.5389912678214424,0.2694956339107212,54,54,0
2025-01-03,2025-01-02,0.9606507876372155,0.9604211048654885,-0.02417735676949806,-0.02441066699241723,0.023766937102836415,0.024746371130781313,100,100,0.13449111026921015,0.1354437323322179,0.00022968277172696596,0.28099164241081903,0.14049582120540952,28,28,0
2025-01-06,2025-01-03,0.9428566448720453,0.9425496905736438,-0.01828829031813406,-0.018607894184444973,0.025652348357067267,0.02721591085712948,100,100,0.17914276252568861,0.18133512807832106,0.0003069542984015661,0.38232523742029734,0.19116261871014867,38,38,0
2025-01-07,2025-01-06,0.949618497116604,0.9491380547517692,0.0074996645945084595,0.006989938296107834,0.0216600253605665,0.022820732191831998,100,100,0.2848855491349812,0.28137366850331524,0.0004804423648346354,0.5963017984144904,0.2981508992072452,60,60,0
2025-01-08,2025-01-07,0.9558622087427839,0.9555518165083196,0.00708448466200573,0.006757459280491984,0.022848488617420597,0.023911302582115563,100,100,0.1816138196611289,0.18311267515244747,0.00031039223446436935,0.38156806648239594,0.19078403324119797,38,38,0
2025-01-09,2025-01-08,0.9408173002150865,0.940575931962675,-0.015419902969861399,-0.0156724986410135,0.023934248416598036,0.025446375569758702,100,100,0.141122595032263,0.14244972308385193,0.00024136825241159499,0.30141061187042967,0.15070530593521483,30,30,0
2025-01-10,2025-01-09,0.9479193952920779,0.9475942007267427,0.007807411480410309,0.007461671647734924,0.026247209247532752,0.027698786281514662,100,100,0.18958387905841553,0.19222203445468541,0.0003251945653352035,0.40278310097817643,0.20139155048908822,40,40,0
2025-01-13,2025-01-10,0.9215056670624955,0.9212094895236853,-0.02753133529546614,-0.027843892652384405,0.024615766571409573,0.026721138732664646,100,100,0.1750860767418741,0.17375081160456118,0.00029617753881014164,0.37855099628245426,0.18927549814122713,38,38,0
2025-01-14,2025-01-13,0.939732786970137,0.9393637326837982,0.020107584276003454,0.01970696499175184,0.02571831831533673,0.0273784450266762,100,100,0.21613854100313157,0.2176101470333974,0.00036905428633861656,0.46156598349091416,0.23078299174545708,46,46,0
2025-01-15,2025-01-14,0.9655630271610941,0.9652673930384357,0.027890468373143795,0.027575750961376544,0.02557889905376084,0.026499288423329475,100,100,0.1738013448889969,0.17395755975007948,0.0002956341226584857,0.3601617862911982,0.1800808931455991,36,36,0
2025-01-16,2025-01-15,0.9651273559462165,0.96481589629442,-0.0001450759584641359,-0.0004677426661999773,0.02501609015277137,0.02592835612353711,100,100,0.1833741976297811,0.1831228483805881,0.0003114596517965156,0.379739568827218,0.189869784413609,38,38,0
2025-01-17,2025-01-16,0.9636917815031292,0.9633644455336134,-0.001165108074616339,-0.0015043810600355867,0.024398539460161295,0.02532638564073931,100,100,0.19273835630062583,0.19244814157753146,0.0003273359695156603,0.3996988510967254,0.1998494255483627,40,40,0
2025-01-20,2025-01-17,0.977876531566201,0.977477255170843,0.015063962656987284,0.014649502275758675,0.024274508954787274,0.024833835085548445,100,100,0.23469036757588824,0.23496561346587208,0.0003992763953579925,0.4802814730501232,0.2401407365250616,48,48,0
2025-01-21,2025-01-20,0.9806018576065757,0.9802046459111702,0.0031965986105595423,0.0027902344795229794,0.021264694988523958,0.02169413813454935,100,100,0.23534444582557817,0.23273184355472046,0.0003972116954055393,0.47733571556020254,0.23866785778010127,48,48,0
2025-01-22,2025-01-21,0.9708939583524745,0.9705474697946018,-0.009498718045802268,-0.0098522039829666,0.02080858346785843,0.021440047102757556,100,100,0.2038877312540197,0.2037781082912268,0.0003464885578727617,0.4198870906942517,0.20994354534712584,42,42,0
2025-01-23,2025-01-22,0.974079763061255,0.9736834277047762,0.0036394853179111397,0.0032311226475487675,0.019422078247742183,0.01994701531844395,100,100,0.23377914313470122,0.2327889732710638,0.00039633535647899134,0.4789834817422697,0.23949174087113484,48,48,0
2025-01-24,2025-01-23,0.9643876231807762,0.9639467811953776,-0.009547050159734782,-0.009999807157394569,0.01733402386109728,0.01798234529047505,100,100,0.2603846582588095,0.2587374458575632,0.00044084198539860535,0.5382919602433164,0.2691459801216582,54,54,0
2025-01-27,2025-01-24,0.9809222944270968,0.9804887432298723,0.01761042576506977,0.017160659029310077,0.01688551183443554,0.017221525439254114,100,100,0.2550397965510452,0.25502483572160783,0.00043355119722439617,0.5199847482012364,0.2599923741006182,52,52,0
2025-02-05,2025-01-27,0.9842918784214528,0.9837564470896877,0.0038788157618745434,0.0033327296028418107,0.016328762233316994,0.016598378878861186,100,100,0.3149734010948649,0.31495208282551146,0.0005354313317649811,0.6399783415165553,0.31998917075827765,64,64,0
2025-02-06,2025-02-05,0.9789810103400666,0.9784967672948963,-0.004854287627540921,-0.005346526378913641,0.017303980163048238,0.0176842486775771,100,100,0.28390449299861936,0.2853639539735208,0.00048424304517004455,0.5814907960006237,0.29074539800031185,58,58,0
2025-02-07,2025-02-06,0.9959156561554607,0.9954718061296145,0.01780168258370418,0.017348078605968764,0.020183135433097306,0.020274944311651735,100,100,0.2589380706004198,0.26226107589631514,0.00044385002584619874,0.5233366332533853,0.26166831662669265,52,52,0
2025-02-10,2025-02-07,1.0092108863990643,1.008851450093559,0.013801576483484013,0.013440505177102269,0.01904917100121247,0.018882037587839007,100,100,0.21193428614380352,0.211159758017424,0.00035943630550544893,0.4192325408526428,0.2096162704263214,42,42,0
2025-02-11,2025-02-10,1.0141184736929048,1.0137555167561823,0.005220811843861917,0.004861039414839841,0.019519524622861238,0.019254666731994583,100,100,0.21296487947551,0.21379819003388134,0.00036295693672257564,0.420821709277553,0.2104108546387765,42,42,0
2025-02-12,2025-02-11,1.0091512703381638,1.0086528788521223,-0.004541771997208177,-0.005033400873997063,0.01982105110469823,0.019651013267572476,100,100,0.29265386839806756,0.2934537863659459,0.000498391486041381,0.5807926640845533,0.29039633204227666,58,58,0
2025-02-13,2025-02-12,1.012480034186594,1.012152725222077,0.0037943235127897434,0.003469822416942492,0.019746390753415756,0.019509299596148586,100,100,0.19237120649545286,0.19262385510868724,0.00032730896451682796,0.38024953441520193,0.19012476720760096,38,38,0
2025-02-14,2025-02-13,1.0097852290239768,1.009373958703405,-0.0023390701216366994,-0.002745402397708707,0.018678708732842456,0.018505241364495138,100,100,0.24234845496575447,0.24169204326575303,0.0004112703205717811,0.47934994919599305,0.23967497459799653,48,48,0
2025-02-17,2025-02-14,1.0176263839119957,1.0171045223222026,0.008175785730782481,0.007658770619293431,0.020767878050408542,0.02041862718591827,100,100,0.3052879151735987,0.3078989460809581,0.0005218615897932135,0.6025658050426346,0.3012829025213173,60,60,0
2025-02-18,2025-02-17,1.0159987383613154,1.0156323163500889,-0.0010871881272954687,-0.0014474480643862364,0.023774602976915166,0.02340867122302167,100,100,0.21335973505587622,0.21673288199360946,0.0003664220112264964,0.4233200306362326,0.2116600153181163,42,42,0
2025-02-19,2025-02-18,1.002391418121038,1.002017836555337,-0.013037098185921359,-0.013404929693138112,0.022207544432925153,0.022162823477542688,100,100,0.22052611198662833,0.21933263500833944,0.00037358156570114993,0.43880937031511486,0.21940468515755743,44,44,0
2025-02-20,2025-02-19,1.0100183674282912,1.009605713584694,0.007984419619173622,0.007572596766782347,0.02230975394060211,0.022097491763779113,100,100,0.2424044081827899,0.24291927153406412,0.0004126538435971448,0.4805097564241185,0.24025487821205924,48,48,0
2025-02-21,2025-02-20,1.0160299986706898,1.015664785592603,0.006363162370769171,0.006001424047409332,0.024208512281799932,0.023835139925300407,100,100,0.21336629972084484,0.2156302711401294,0.00036521307808664926,0.42222825253412455,0.21111412626706227,42,42,0
2025-02-24,2025-02-21,1.0147794119876794,1.0144678908783675,-0.0008717183242767934,-0.001178434785978344,0.02480481775770249,0.024451062454254192,100,100,0.1826602941577823,0.18356812074299672,0.00031152110931196566,0.36089460485154723,0.18044730242577361,36,36,0
2025-02-25,2025-02-24,1.014098772785464,1.0138053160955438,-0.0003638538944628067,-0.0006531254352959426,0.024858765236052235,0.024520255360063112,100,100,0.17239679137352887,0.17274419554179876,0.0002934566899200959,0.3403425742911764,0.1701712871455882,34,34,0
2025-02-26,2025-02-25,1.0084604038317573,1.0082729751702268,-0.005272128858399894,-0.0054570052430023,0.023622760223603406,0.0234289332406387,100,100,0.1109306444214933,0.10988206807057496,0.00018742866153052834,0.21896022060267892,0.10948011030133946,22,22,0
2025-02-27,2025-02-26,1.0214769282930227,1.021162915636854,0.013095613437984488,0.0127841772853734,0.02461848948673862,0.024108287825341912,100,100,0.18386584709274406,0.18517558901204814,0.0003140126561688993,0.36128220411350137,0.18064110205675069,36,36,0
2025-02-28,2025-02-27,1.0233037835499643,1.0229372451254597,0.002096499863369239,0.0017375577015534827,0.02536010904155819,0.02479146121856953,100,100,0.2148937945454925,0.2160019525248168,0.0003665384245045938,0.4210829218040023,0.21054146090200115,42,42,0
2025-03-03,2025-02-28,1.015515324595615,1.0151195052721353,-0.007255499362460283,-0.007642443258936704,0.023830500229600066,0.023475561355913003,100,100,0.2335685246569914,0.23243473516851285,0.00039581932347955857,0.4588835328615744,0.2294417664307872,46,46,0
2025-03-04,2025-03-03,1.0161360881672725,1.015840344441322,0.0010014415936818732,0.0007101027666622794,0.025426026021929254,0.025029549339185494,100,100,0.17274313498843633,0.17463440450671602,0.0002957437259504492,0.34186123644293637,0.17093061822146818,34,34,0
2025-03-05,2025-03-04,1.0230061026657218,1.0226936971833038,0.007054020116065374,0.006746486078726299,0.024536906905133327,0.023992429964820074,100,100,0.18414109847982993,0.1835643848454519,0.0003124054824178952,0.3594362559198081,0.17971812795990405,36,36,0
2025-03-06,2025-03-05,1.0209264537585256,1.0206310777249428,-0.0017280280788328772,-0.0020168496824043425,0.024539974913712154,0.024043922872124816,100,100,0.17355749713894936,0.1738559411811109,0.0002953760335825915,0.3402923266813812,0.1701461633406906,34,34,0
2025-03-07,2025-03-06,1.0268844288414642,1.0264804627624937,0.006126945625113178,0.005731145332738219,0.026367160919734258,0.025686958375003257,100,100,0.23618341863353684,0.23841457071852945,0.0004039660789705039,0.46217273923172636,0.23108636961586318,46,46,0
2025-03-10,2025-03-07,1.0308522065177,1.030519692850618,0.004258964406824495,0.003935028706979704,0.02562410577714308,0.02486522669572846,100,100,0.19586191923836296,0.19545137776285387,0.0003325136670821573,0.37960174555293824,0.18980087277646912,38,38,0
2025-03-11,2025-03-10,1.029981840488395,1.0295963507985186,-0.0005219234197604283,-0.0008959965137057546,0.025489962935825724,0.024757239005418586,100,100,0.22659600490744689,0.22684735175600554,0.00038548968987607476,0.4402440303689621,0.22012201518448105,44,44,0
2025-03-12,2025-03-11,1.042842232828975,1.0424507794299809,0.012865121384883826,0.012484920543369027,0.026398876733466387,0.02532385917338128,100,100,0.2294252912223745,0.23072565841900938,0.0003914533989943355,0.44124694527676284,0.22062347263838142,44,44,0
2025-03-13,2025-03-12,1.042745428347535,1.0424448033369873,0.00028265019641038336,-5.732733968311088e-06,0.025436053318425134,0.024400383825600513,100,100,0.17726672281908096,0.17660452441458718,0.0003006250105474945,0.33936494719948745,0.16968247359974373,34,34,0
2025-03-14,2025-03-13,1.0418318458892104,1.041478285687032,-0.0005879999073473696,-0.0009271643418062858,0.024480106367279736,0.023505152919372625,100,100,0.20836636917784207,0.20776398242887525,0.000353560202178468,0.39942180040728864,0.19971090020364432,40,40,0
2025-03-17,2025-03-14,1.0667696955159167,1.0663144048502486,0.024284145119934708,0.023846987022713595,0.025764402132568642,0.02416210642506227,100,100,0.26669242387897923,0.2684320103099364,0.00045529066566831746,0.5016307047699888,0.2508153523849944,50,50,0
2025-03-18,2025-03-17,1.0711718681579365,1.0707530597035466,0.004555376243247977,0.004162613609183463,0.025327642714605164,0.023654046547032504,100,100,0.24636952967632533,0.24635157871275173,0.00041880845438982227,0.4599832417522273,0.22999162087611366,46,46,0
2025-03-19,2025-03-18,1.069685985068355,1.0693761385480949,-0.0009965646378699011,-0.0012859371663462849,0.025660769445037812,0.023996018351295695,100,100,0.18184661746162037,0.18248959071231347,0.000309846520260517,0.34060108598193145,0.17030054299096573,34,34,0
2025-03-20,2025-03-19,1.0676420655806833,1.0673166319049932,-0.0016215743973546637,-0.0019258954533041273,0.02418552088072357,0.022660118054710906,100,100,0.19217557180452302,0.19102575691589901,0.0003254336756902027,0.3589230333595009,0.17946151667975044,36,36,0
2025-03-21,2025-03-20,1.0666448497174663,1.0662649774622435,-0.0006294122732143359,-0.0009853256393771437,0.022969324874235947,0.021541854379296906,100,100,0.2239954184406679,0.22315909468940306,0.00037987225522274426,0.41921593044630884,0.20960796522315442,42,42,0
2025-03-24,2025-03-21,1.0536873031187832,1.0534525989461423,-0.01179601188195789,-0.012016129936664677,0.024406692202997238,0.02316828704719445,100,100,0.13697934940544182,0.13865142090684388,0.00023470417264079337,0.2615868763877603,0.13079343819388015,26,26,0
2025-03-25,2025-03-24,1.0540377937097876,1.0536235920508887,0.0005555017513181326,0.00016231684740009023,0.025876928324314347,0.024559936318381645,100,100,0.24242869255325122,0.24431313033346705,0.0004142016588987639,0.4617878275252195,0.23089391376260976,46,46,0
2025-03-26,2025-03-25,1.0533227677540689,1.0529819613034057,-0.0002855140100216369,-0.0006089753042014534,0.02606630067246657,0.024754745694029832,100,100,0.20013132587327312,0.20066150467208863,0.00034080645066326113,0.3805033393514754,0.1902516696757377,38,38,0
2025-03-27,2025-03-26,1.0550132238392842,1.054637131904164,0.00192905729682602,0.001571888846708891,0.025192221655068295,0.02388709907224994,100,100,0.22155277700624973,0.2210547899239716,0.00037609193512011844,0.41952798024609983,0.20976399012304991,42,42,0
2025-03-28,2025-03-27,1.0615733315893863,1.0610176572891514,0.0065768589739474415,0.006049972252984537,0.02120486961590959,0.01998540690650427,100,100,0.32908773279270986,0.32565605505378564,0.0005556743002347905,0.6167673662885012,0.3083836831442506,62,62,0
2025-03-31,2025-03-28,1.0469506634088435,1.046558272903233,-0.013258020527432524,-0.01362784519803506,0.02156789501540604,0.020608403348219725,100,100,0.23032914594994558,0.23108456185505255,0.00039239050561052497,0.44072153916274087,0.22036076958137044,44,44,0
2025-04-01,2025-03-31,1.0440934541860216,1.043525200967128,-0.0023551662444689647,-0.002898139563400459,0.02124180526588057,0.020355814355220065,100,100,0.3341099053395269,0.33435206880889495,0.0005682532188935013,0.6402319365842178,0.3201159682921089,64,64,0
2025-04-02,2025-04-01,1.0534633465458372,1.052978999325489,0.009523627766247156,0.009059482559308885,0.021491589212650763,0.02041027335437622,100,100,0.284435103567376,0.2851692347344944,0.0004843472203483697,0.5406968739534465,0.2703484369767232,54,54,0
2025-04-03,2025-04-02,1.048379182084701,1.0480227517512803,-0.004368384596211805,-0.004706881692211784,0.021118260253730425,0.02015057422984484,100,100,0.20967583641694026,0.20965893779144065,0.00035643033342074926,0.3999838811893748,0.1999919405946874,40,40,0
2025-04-07,2025-04-03,1.0031389207203096,1.002689880166331,-0.04282715328075504,-0.04325561778997311,0.025808447899926118,0.025739212502718076,100,100,0.2608161193872805,0.2659553475874547,0.00044904055397856896,0.5251231470477528,0.2625615735238764,52,52,0
2025-04-08,2025-04-07,0.9412350858988859,0.9405515478234326,-0.0612899316957809,-0.06197163606816358,0.02102966224393884,0.02235886198114756,100,100,0.4047310869365209,0.400635839355987,0.0006835380754534972,0.8556490704162147,0.42782453520810737,86,86,0
2025-04-09,2025-04-08,0.9497032979373022,0.9490732446731189,0.009730195155223553,0.009060318777218246,0.02076322502565256,0.021877368414072042,100,100,0.37038428619554803,0.3707479022414449,0.0006300532641829179,0.780382873310735,0.3901914366553675,78,78,0
2025-04-10,2025-04-09,0.9846497273645264,0.9841497848400719,0.03748549744826146,0.03695872827922164,0.018237067500033864,0.018530784420175896,100,100,0.295394918209358,0.2933687032081938,0.0004999425244546281,0.5979421971642775,0.2989710985821388,60,60,0
2025-04-11,2025-04-10,0.9809264725961977,0.9806245627737119,-0.0032752252690864125,-0.003581997497396072,0.019522723015276036,0.019908458095375163,100,100,0.17656676506731556,0.17815433040504358,0.0003019098224859372,0.36161843459431386,0.18080921729715693,36,36,0
2025-04-14,2025-04-11,1.0066142623133199,1.0063573713179523,0.026503210837484747,0.026241244122475083,0.019451612454057486,0.01932873252429516,100,100,0.150992139346998,0.15117791978114686,0.00025689099536746035,0.30018455970782887,0.15009227985391443,30,30,0
2025-04-15,2025-04-14,1.0076289776700507,1.0071674575690994,0.0012635733471431099,0.0008049687658036042,0.018097728899170225,0.017968937303485682,100,100,0.27205982397091366,0.2711674605169777,0.00046152010095122355,0.5391143928234384,0.2695571964117192,54,54,0
2025-04-16,2025-04-15,1.002783111558122,1.0023735085641718,-0.004353145028692107,-0.004759833103124889,0.018113111754820277,0.01807022192831693,100,100,0.24066794677394932,0.2410929326235496,0.0004096029939502743,0.4804238063492513,0.24021190317462565,48,48,0
2025-04-17,2025-04-16,0.9871244947143674,0.9869047033626132,-0.015212905887394768,-0.015432176797765429,0.019381355332438753,0.019638527677902418,100,100,0.12832618431286774,0.12981421924224038,0.00021979135175418524,0.26150744403298715,0.13075372201649357,26,26,0
2025-04-18,2025-04-17,0.9940020555588384,0.9937633281837168,0.007191527380549401,0.006949632317826415,0.021101615137825762,0.021234044907244464,100,100,0.13916028777823738,0.14111927495874588,0.0002387273751215628,0.2819708079772604,0.1409854039886302,28,28,0
2025-04-21,2025-04-18,0.996475136667315,0.9961031014786454,0.002728827283810631,0.0023544572722411505,0.020141841363751127,0.020220639142526482,100,100,0.21922453006680936,0.21863679148140422,0.00037203518866962994,0.43941018238812185,0.21970509119406093,44,44,0
2025-04-22,2025-04-21,1.0154131845709202,1.0149484066790757,0.019385626913128062,0.018919030743359544,0.018498190859859945,0.018225745011400396,100,100,0.2741615598341484,0.2729826872221019,0.00046477789184480123,0.5388390217598517,0.2694195108799258,54,54,0
2025-04-23,2025-04-22,1.0200444123033345,1.0196266354910954,0.005020950415532077,0.004609326721667584,0.019533770428554684,0.019157767901136078,100,100,0.2448106589528003,0.2462640153337339,0.0004177768122387869,0.4814247971592255,0.24071239857961274,48,48,0
2025-04-24,2025-04-23,1.0222589718366841,1.021844432462298,0.0025816669101830225,0.0021751069401343415,0.016808061851184254,0.016448748280286203,100,100,0.24534215324080416,0.24303098403781992,0.0004145393743860849,0.4777391548847629,0.23886957744238144,48,48,0
2025-04-25,2025-04-24,1.0172766279842336,1.016861298027532,-0.004470156447452078,-0.004876607707063885,0.016648270516438732,0.01637221374117827,100,100,0.24414639071621608,0.2444019293381722,0.00041532995670171853,0.48025119875452416,0.24012559937726208,48,48,0
2025-04-28,2025-04-25,1.0141590151809927,1.0137957077397783,-0.002657474379033853,-0.003014757562019743,0.017423756525090477,0.017186654463093087,100,100,0.21297339318800848,0.2141121866378746,0.00036330744121446757,0.42112289437141465,0.21056144718570732,42,42,0
2025-04-29,2025-04-28,1.0016960283146004,1.001341698995569,-0.011935027276998245,-0.012284534891132126,0.014091097136240687,0.014072216457554158,100,100,0.21035616594606604,0.20737783587624778,0.0003543293190315118,0.41702671270961356,0.20851335635480678,42,42,0
2025-04-30,2025-04-29,1.0130469308386794,1.012633972508448,0.011689547988315674,0.01127714298146798,0.013346486486933018,0.013179971094463425,100,100,0.24313126340128305,0.24279961108220652,0.0004129583302311965,0.47967261899821173,0.23983630949910587,48,48,0
2025-05-06,2025-04-30,1.0221830204055724,1.0217981753676626,0.009429910665025298,0.009049867087229213,0.01527853988374749,0.014952600476361174,100,100,0.224880264489226,0.2271971629239502,0.00038484503790988067,0.44226661800134875,0.22113330900067438,44,44,0
2025-05-07,2025-05-06,1.0524835112804127,1.051959981561708,0.030030720990188664,0.029518359810333905,0.01898714438629895,0.018049302938417115,100,100,0.3052202182713196,0.3094523524925759,0.0005235297187046257,0.5840210931343784,0.2920105465671892,58,58,0
2025-05-08,2025-05-07,1.0451103275558808,1.0447714499508751,-0.006511325645352395,-0.006833464900595332,0.01983642060416895,0.01898637314898072,100,100,0.19857096223561738,0.19975911605849306,0.00033887760500571313,0.38113686927738466,0.19056843463869233,38,38,0
2025-05-09,2025-05-08,1.0552753738002414,1.0547901994419624,0.010053800618173625,0.009589417371194786,0.020081211431910752,0.01903810960941307,100,100,0.28492435092606516,0.28565431611208586,0.00048517435827893294,0.5406917295751836,0.2703458647875918,54,54,0
2025-05-12,2025-05-09,1.0560728953312521,1.0555871471281137,0.0012160673183807535,0.0007555509015659823,0.020514321575562433,0.01943403880141472,100,100,0.28513968173943804,0.2860585400862282,0.0004857482031385134,0.5408700709495076,0.2704350354747538,54,54,0
2025-05-13,2025-05-12,1.0655975343539725,1.0652039380282081,0.009483240917714353,0.009110371347603285,0.015632405173529942,0.01467550448833956,100,100,0.23443145755787403,0.22994313748160586,0.0003935963257644909,0.4357879781703989,0.21789398908519944,44,44,0
2025-05-14,2025-05-13,1.059250710227138,1.0588373899869,-0.005588815050843743,-0.005976834870788483,0.014449278150756013,0.013646361837425085,100,100,0.24362766335224179,0.24285785656970604,0.00041332024023802214,0.4592732534657724,0.2296366267328862,46,46,0
2025-05-15,2025-05-14,1.0594680382625112,1.0590541907684803,0.0005956044635135882,0.00020475361337868314,0.013667695266156007,0.012905567425438667,100,100,0.24367764880037765,0.2433099134098087,0.0004138474940310162,0.45965290563066735,0.22982645281533368,46,46,0
2025-05-16,2025-05-15,1.0492357230761065,1.0487723237827062,-0.009270977611872011,-0.009708537179115684,0.012874390336642151,0.012275677041330448,100,100,0.2728012879997877,0.2724713823636739,0.00046339929339991366,0.51968557529175,0.259842787645875,52,52,0
2025-05-19,2025-05-16,1.054045974201263,1.0535958283088338,0.005028403495179745,0.004599191279886394,0.0144027475291224,0.013670087847861726,100,100,0.2635114935503157,0.2654899966352249,0.0004501458924289364,0.5018770557768208,0.2509385278884104,50,50,0
2025-05-20,2025-05-19,1.0584808375643264,1.05804792354842,0.004636511577056801,0.004225619654106172,0.014927864586465353,0.014108873761030732,100,100,0.2540354010154383,0.2549934320886881,0.0004329140159068196,0.4809051000634591,0.24045255003172955,48,48,0
2025-05-21,2025-05-20,1.0679966227142221,1.06734441751484,0.009402881423779874,0.008786458306389466,0.012994992369530535,0.01217506941179074,100,100,0.38447878417712,0.383198117159567,0.0006522051993817951,0.7188008697871177,0.35940043489355883,72,72,0
2025-05-22,2025-05-21,1.0634674226666265,1.063176412186077,-0.00363237469048705,-0.0039050237771119933,0.014292474238296639,0.0134431822174354,100,100,0.17015478762666025,0.171743279975976,0.0002910104805495699,0.3214936915936105,0.16074684579680526,32,32,0
2025-05-23,2025-05-22,1.0546596302953306,1.054317301050532,-0.00801069492619233,-0.008332682172029204,0.01547213064171944,0.014675022999530463,100,100,0.20038532975611278,0.20190731540433418,0.00034232924479843564,0.3814431060073809,0.19072155300369045,38,38,0
2025-05-26,2025-05-23,1.046983689201428,1.0465549573188797,-0.006955792000943983,-0.007362436074906276,0.01646388726281932,0.01573150759803134,100,100,0.25127608540834273,0.25269657391199096,0.00042873188254819567,0.4813567436802495,0.24067837184012475,48,48,0
2025-05-27,2025-05-26,1.051507419841969,1.0510429291055332,0.004732157148991778,0.004288328821403731,0.01574890276786712,0.014984071850680613,100,100,0.2733919291589119,0.27314143540039554,0.00046449073643578255,0.5197617765183682,0.2598808882591841,52,52,0
2025-05-28,2025-05-27,1.0514509459281722,1.0510386434443135,0.0003882018624932204,-4.077532040791532e-06,0.016414022103086783,0.015616953958321739,100,100,0.24183371756347966,0.242911139382558,0.00041230248385890175,0.46102470003308366,0.23051235001654183,46,46,0
2025-05-29,2025-05-28,1.050449330709716,1.0501085404747068,-0.0005606955921870771,-0.0008849369862926615,0.017432414768214076,0.016600583745689436,100,100,0.19958537283484604,0.20094455573498268,0.0003407902350093888,0.38129390619842496,0.19064695309921248,38,38,0
2025-05-30,2025-05-29,1.0652188536684415,1.0646948414534427,0.01438928702256237,0.01389027935354381,0.015871420862381434,0.014907013957835039,100,100,0.30891346756384813,0.3078764858730141,0.0005240122149986244,0.5790265083205552,0.2895132541602776,58,58,0
2025-06-03,2025-05-30,1.0581491613553093,1.057661866794791,-0.006147940088821802,-0.006605624808936672,0.016842394898177557,0.01592417711836191,100,100,0.2857002735659335,0.28715854216224806,0.0004872945605180334,0.5413781314105534,0.2706890657052767,54,54,0
2025-06-04,2025-06-03,1.0645202275708228,1.064104526397288,0.006484454995825617,0.006091417119935771,0.015948297865556862,0.01498752939201623,100,100,0.24483965234128924,0.24436125648220366,0.0004157011735351973,0.4595505995595995,0.22977529977979974,46,46,0
2025-06-05,2025-06-04,1.072245336376402,1.0719003159515874,0.007650385631453149,0.007326150167496603,0.01440798759064845,0.013441536844643668,100,100,0.20372661391151634,0.20253132406142235,0.0003450204248144747,0.3788852459324902,0.1894426229662451,38,38,0
2025-06-06,2025-06-05,1.0789458363580124,1.0784838545320543,0.00657292502070983,0.006141931747284168,0.017064047133619475,0.015822255532071394,100,100,0.2697364590895031,0.27285450045843207,0.0004619818259579778,0.5028898961040101,0.25144494805200507,50,50,0
2025-06-09,2025-06-06,1.0818642179053994,1.0814213374426749,0.0031343662300924446,0.0027237152399421927,0.017966495597574912,0.016613779454418522,100,100,0.2596474122972958,0.26099274122397587,0.0004428804627247509,0.48124352844323165,0.24062176422161582,48,48,0
2025-06-10,2025-06-09,1.092418164554386,1.0920065164152526,0.010168864559040536,0.009788209836518735,0.020358252540175873,0.01864297715640584,100,100,0.240331996201965,0.24313540128369926,0.0004116481391332485,0.4425662380695381,0.22128311903476905,44,44,0
2025-06-11,2025-06-10,1.0832589103060135,1.0827801237824621,-0.008010580502719855,-0.008449027083719307,0.019866816194905546,0.01834796904611164,100,100,0.2816473166795635,0.28163466685784444,0.00047878652355136695,0.5199883224392629,0.2599941612196314,52,52,0
2025-06-12,2025-06-11,1.0881185839954732,1.0877478984108724,0.0049303271234444335,0.004587980993829399,0.020155463376071603,0.018529535571171776,100,100,0.21762371679909465,0.2182830495648615,0.0003706855846008041,0.4006059383374796,0.2003029691687398,40,40,0
2025-06-13,2025-06-12,1.0816075051702367,1.0813684738531009,-0.005645051808058077,-0.005864800628060496,0.019912848870829107,0.01841448992855897,100,100,0.1406089756721308,0.14060539248402398,0.00023903131713570483,0.2599966871641611,0.12999834358208054,26,26,0
2025-06-16,2025-06-13,1.065661412050788,1.065298115387242,-0.014525170820216315,-0.014861130922928956,0.020432991705917003,0.01918053867812344,100,100,0.21313228241015764,0.2140157219087913,0.00036329666354576503,0.4008290058067634,0.2004145029033817,40,40,0
2025-06-17,2025-06-16,1.0772152382853604,1.0767022741134853,0.011186655384053168,0.010705133672462841,0.020110680671811598,0.01867803306013257,100,100,0.30162026671990094,0.3018109198576708,0.0005129641718753789,0.5601769870412094,0.2800884935206047,56,56,0
2025-06-18,2025-06-17,1.0764076453010343,1.07604183935181,-0.0002736400020085794,-0.0006133866135084043,0.01958792001524004,0.018203678796578655,100,100,0.2152815290602068,0.21512457435285945,0.00036580594922426947,0.3998541865546639,0.19992709327733196,40,40,0
2025-06-19,2025-06-18,1.0717423292882837,1.0714320756548301,-0.003995671828259328,-0.004284000424887524,0.019750484826719844,0.018433725548723082,100,100,0.18219619597900824,0.18266901442394184,0.00031025363345374104,0.34044116802333224,0.17022058401166612,34,34,0
2025-06-20,2025-06-19,1.0618979454602417,1.06157171749245,-0.008898492411440473,-0.009202970852215553,0.020594435477982787,0.019399947397458105,100,100,0.1911416301828435,0.19231180880189813,0.00032622796779179387,0.36110196900187747,0.18055098450093873,36,36,0
2025-06-23,2025-06-20,1.0538743293150097,1.053551042753325,-0.007250935618012044,-0.007555471389225299,0.020999346111162415,0.019931968418239354,100,100,0.18969737927670177,0.19042557647156608,0.0003232865616847439,0.36069097156521274,0.18034548578260637,36,36,0
2025-06-24,2025-06-23,1.0697782266565365,1.069377004266456,0.015402370881626881,0.0150215422612765,0.021621154003570734,0.020218457959456367,100,100,0.23535120986443805,0.2363742401469267,0.0004012223900802823,0.4409563012753457,0.22047815063767284,44,44,0
2025-06-25,2025-06-24,1.090635715888379,1.0900433281114805,0.019879529424242204,0.01932557345311592,0.020194173004318645,0.01852602780414739,100,100,0.3490034290842813,0.3481688358619277,0.00059238777689869,0.6392347644495818,0.3196173822247909,64,64,0
2025-06-26,2025-06-25,1.098163246688746,1.0977700709380598,0.0074491704759420685,0.007088473115987037,0.020829607815861156,0.018974472311913154,100,100,0.2306142818046367,0.23164289236686555,0.0003931757506863346,0.4209366645308249,0.21046833226541245,42,42,0
2025-06-27,2025-06-26,1.0948740486750412,1.0945951691089653,-0.0026380954807265766,-0.0028921373547572404,0.02026589521691618,0.01851451183857613,100,100,0.16423110730125617,0.1639462742683872,0.0002788795660759795,0.2997398485851284,0.1498699242925642,30,30,0
2025-06-30,2025-06-27,1.0992354631116779,1.09884244322655,0.004239278715700845,0.003880223700459151,0.02041180696535161,0.018575735849277963,100,100,0.23083944725345235,0.23137837888701557,0.0003930198851277882,0.42049027860876836,0.21024513930438418,42,42,0
2025-07-01,2025-06-30,1.1029122761690935,1.1025937513694117,0.003703745671302272,0.0034138726311359058,0.019896147500972183,0.018044857842030523,100,100,0.1874950869487459,0.18729795228404822,0.0003185247996817003,0.33982125988715767,0.16991062994357883,34,34,0
2025-07-02,2025-07-01,1.1064668506292452,1.1060180847452106,0.003512716496917534,0.0031057072213096504,0.017017753415147573,0.01538650556429906,100,100,0.26555204415101885,0.263122415949229,0.00044876588403476385,0.47780415635551293,0.23890207817775647,48,48,0
2025-07-03,2025-07-02,1.1087031215022758,1.1081011767346813,0.0024276608078102058,0.0018834158484404284,0.015334235462930092,0.01383829905146076,100,100,0.35478499888072823,0.353703425696105,0.000601944767594152,0.6390244699742905,0.31951223498714526,64,64,0
2025-07-04,2025-07-03,1.1136175631309,1.1131427479839422,0.00497823349712001,0.0045497390988404884,0.016248222704304614,0.01459671073968943,100,100,0.27840439078272494,0.27979319317105744,0.00047481514695779843,0.5012471089127113,0.25062355445635565,50,50,0
2025-07-07,2025-07-04,1.108455525988421,1.1080589148973767,-0.004210800460237807,-0.004567098959924909,0.016662946400952366,0.01503796068686078,100,100,0.23277566045756848,0.23358699524526055,0.0003966110910443276,0.4207319506905509,0.21036597534527546,42,42,0
2025-07-08,2025-07-07,1.1099528790064517,1.1094993232222798,0.0017092630036286138,0.0012999383927492225,0.01684121746876021,0.015179114683773627,100,100,0.2663886909615484,0.26702051781352804,0.00045355578417181035,0.4805692375450615,0.24028461877253074,48,48,0
2025-07-09,2025-07-08,1.1211278973914238,1.1206137216073317,0.010480920470840482,0.010017490008711993,0.015943477311176006,0.01422745144357841,100,100,0.3027045322956844,0.30232096792219215,0.0005141757840918218,0.5396578763454333,0.26982893817271664,54,54,0
2025-07-10,2025-07-09,1.1216122400579975,1.121247468641769,0.0008910460682505228,0.0005655356722995553,0.017842944703899105,0.015913476019271,100,100,0.21310632561101955,0.21537056441997116,0.00036477141622858026,0.3820187358233845,0.19100936791169226,38,38,0
2025-07-11,2025-07-10,1.1261691867971542,1.1257115744882629,0.004389502133143708,0.003981374291887052,0.01569013301140143,0.013937968985114155,100,100,0.270280604831317,0.26858540544771065,0.0004576123088912717,0.478494720506048,0.239247360253024,48,48,0
2025-07-14,2025-07-11,1.1332250833454498,1.1327041029426455,0.006674452877152293,0.006211651912312766,0.015923779471048595,0.014058198809097892,100,100,0.3059707725032715,0.30672539936572296,0.000520980402804258,0.5406659108358455,0.27033295541792274,54,54,0
2025-07-15,2025-07-14,1.1327521853422091,1.1323465971383446,4.244921461715734e-05,-0.0003156215320241351,0.01660516735568157,0.014664385796403672,100,100,0.23787795892186392,0.23896493501036145,0.0004055882038645163,0.4209595886042534,0.2104797943021267,42,42,0
2025-07-16,2025-07-15,1.1229366621833619,1.1226122822231623,-0.008310118985444426,-0.008596586009780749,0.01614557360340877,0.014382145874473175,100,100,0.19089923257117153,0.19076401877909846,0.0003243799601997114,0.339879589119648,0.169939794559824,34,34,0
2025-07-17,2025-07-16,1.1278963179738126,1.127570719865182,0.004706910688867527,0.004416874570622342,0.015489132527633809,0.013736728220014233,100,100,0.19174237405554814,0.19141153108840375,0.00032559810863057336,0.3397066725355228,0.1698533362677614,34,34,0
2025-07-18,2025-07-17,1.1314051807461811,1.1310770525936715,0.0034006389252974056,0.0031096344262191433,0.016208327351346953,0.014329993977138565,100,100,0.1923388807268508,0.1933862037030735,0.00032812815250949105,0.34092568338385365,0.17046284169192683,34,34,0
2025-07-21,2025-07-18,1.1361635412493776,1.1357758134802074,0.004497031076744262,0.004154235890261537,0.01712256789628916,0.015075658147555319,100,100,0.2272327082498755,0.22853467656398796,0.0003877277691703123,0.40114593389670006,0.20057296694835003,40,40,0
2025-07-22,2025-07-21,1.1495553179949187,1.1491023031607939,0.01213223978813982,0.011733380410480665,0.019886557415332656,0.01730616791962859,100,100,0.26439772313883136,0.26761472749199955,0.00045301483412449773,0.46279847720488954,0.23139923860244477,46,46,0
2025-07-23,2025-07-22,1.157273092766701,1.1568011535565879,0.007110585004861614,0.006699882486195463,0.019207152990929288,0.01660367724554635,100,100,0.2777455422640082,0.2775380770497179,0.0004719392101130946,0.47982072925086816,0.23991036462543408,48,48,0
2025-07-24,2025-07-23,1.1547525983378513,1.154418050188281,-0.0017708793014584723,-0.002060080387177976,0.01962228543292685,0.01699755598045832,100,100,0.19630794171743474,0.19705762230900267,0.00033454814957036396,0.34064921316708624,0.17032460658354312,34,34,0
2025-07-25,2025-07-24,1.1709232111793586,1.1704259112613733,0.014297386452321703,0.013866606703248907,0.018813670273185895,0.01607420862112521,100,100,0.29273080279483965,0.29241948755308395,0.0004972999179852965,0.4997341283879391,0.24986706419396956,50,50,0
2025-07-28,2025-07-25,1.1730561002559596,1.1725950962919378,0.0022472067384016192,0.001853329638120238,0.02047905614716239,0.017464729480724157,100,100,0.2698029030588707,0.271929292896869,0.0004610039640218787,0.46181269236614886,0.23090634618307443,46,46,0
2025-07-29,2025-07-28,1.1693671452353775,1.1688508068731596,-0.002752826672026809,-0.003193164827841044,0.019488248715783613,0.01667299932650722,100,100,0.30403545776119817,0.3035609886920374,0.0005163383622179599,0.5195942514110354,0.2597971257055177,52,52,0
2025-07-30,2025-07-29,1.1650700774876224,1.1646882150026132,-0.0032345696844331417,-0.003561268765927328,0.024147158940213895,0.020732723684475263,100,100,0.22136331472264828,0.22640408743208748,0.00038186248500888544,0.3843265832732648,0.1921632916366324,38,38,0
2025-07-31,2025-07-30,1.1664105902630606,1.1660534417633095,0.0014788294740695207,0.0011721821712544767,0.023996246013640976,0.02057902764503982,100,100,0.20995390624735094,0.21016014182052908,0.00035714849975099254,0.36017681215765684,0.18008840607882842,36,36,0
2025-08-01,2025-07-31,1.151399790745753,1.1511257325710251,-0.012566877719941583,-0.012801908263922024,0.023744937412079392,0.020627579368802197,100,100,0.1611959707044054,0.1612187202775718,0.00027405817472797236,0.28001975818768526,0.14000987909384263,28,28,0
2025-08-04,2025-08-01,1.153635200142951,1.1532432969781818,0.0021800117058639046,0.0018395596130296177,0.023050485811652647,0.019987530707571706,100,100,0.23072704002859026,0.2304244915929329,0.00039190316476938003,0.3997377434082977,0.19986887170414885,40,40,0
2025-08-05,2025-08-04,1.1666665335498854,1.166187853237485,0.011639553082056553,0.011224479945577404,0.02500850251010806,0.021444660429862386,100,100,0.27999996805197247,0.2824366650628283,0.00047868031240029497,0.48208859767618556,0.24104429883809278,48,48,0
2025-08-06,2025-08-05,1.1730992634292108,1.1727194755714643,0.0059264981816942175,0.0056008320750784435,0.025425801614688524,0.021681060257226967,100,100,0.22288886005155006,0.22368594701387676,0.00037978785774619447,0.38067947102787936,0.19033973551393968,38,38,0
2025-08-07,2025-08-06,1.1777509216125952,1.177370667738692,0.004290408870952778,0.003966159225727184,0.02490038976123478,0.02114915076749748,100,100,0.22377267510639307,0.22362751712684262,0.0003802538739033631,0.3798767498484724,0.1899383749242362,38,38,0
2025-08-08,2025-08-07,1.1777138579164108,1.1772931967146107,0.0002914886425513519,-6.580002900014037e-05,0.024677323581450524,0.020961068704309,100,100,0.24731991016244623,0.2475175051844623,0.00042066120180037634,0.42016777846391784,0.21008388923195892,42,42,0
2025-08-11,2025-08-08,1.1780165527607553,1.17765484520916,0.0006144230240718862,0.00030718643032878745,0.025437876439306853,0.021600451560821205,100,100,0.21204297949693596,0.2131652399063876,0.0003617075515951877,0.36095266947380455,0.18047633473690228,36,36,0
2025-08-12,2025-08-11,1.1878249970468793,1.1874392589164153,0.008635935969772968,0.008308388274424816,0.026934553234021656,0.022682889277722287,100,100,0.22568674943890707,0.2275691643640858,0.0003857381304638391,0.3815847577966946,0.1907923788983473,38,38,0
2025-08-13,2025-08-12,1.1911148828917077,1.1908327932208458,0.003095420626943568,0.00285785927907356,0.025383671503061242,0.021315898963788205,100,100,0.16675608360483912,0.1654872915447408,0.0002820896708621182,0.2789347861584787,0.13946739307923936,28,28,0
2025-08-14,2025-08-13,1.1946021531850672,1.194397188217562,0.003165314211768022,0.002993195196678622,0.02689016241159467,0.022513584824930592,100,100,0.11946021531850673,0.12117167119454524,0.0002049649675051039,0.2014326576186686,0.1007163288093343,20,20,0
2025-08-15,2025-08-14,1.180389334707261,1.180007389093857,-0.01172796926222286,-0.012047750334358454,0.027126269792254593,0.02298822027977741,100,100,0.22427397359437956,0.22489202658844334,0.00038194561340391573,0.38052360096443694,0.19026180048221847,38,38,0
2025-08-18,2025-08-15,1.198509129870662,1.1981375622563455,0.015679343153107483,0.015364457316162206,0.031139993610930145,0.02599033248927358,100,100,0.21573164337671916,0.22011693480971137,0.00037156761431671447,0.36365895538356513,0.18182947769178257,36,36,0
2025-08-19,2025-08-18,1.2064221253653067,1.2060300328863935,0.006914534165308739,0.006587282528047078,0.03294620333204138,0.027317896265975385,100,100,0.22922020381940825,0.23141850601943248,0.00039209247891302043,0.38182216668096874,0.19091108334048437,38,38,0
2025-08-20,2025-08-19,1.2100142010478523,1.209501242115616,0.0033035397567366953,0.0028782112671894566,0.03125405966435876,0.025840452722223163,100,100,0.3025035502619631,0.30132436552651665,0.0005129589322363462,0.49902547859816415,0.24951273929908208,50,50,0
2025-08-21,2025-08-20,1.2256964565749189,1.2252808615906243,0.013389994069766153,0.013046385506316094,0.029800454733761896,0.024321325557208003,100,100,0.24513929131498374,0.24410128136868148,0.0004155949842945398,0.3991531264198944,0.1995765632099472,40,40,0
2025-08-22,2025-08-21,1.2283996899589138,1.22802472586845,0.0025453987457542127,0.002239375774027552,0.028583477312851605,0.023275978659662234,100,100,0.2211119441926045,0.22026993086215813,0.0003749640904639362,0.35931454449449224,0.17965727224724612,36,36,0
2025-08-25,2025-08-22,1.233234902936123,1.2328339198435274,0.0042427297740184056,0.003916202885635212,0.030589965990204582,0.02481272253937261,100,100,0.23431463155786336,0.2367221033278117,0.0004009830925953107,0.38195215993661596,0.19097607996830798,38,38,0
2025-08-26,2025-08-25,1.2384317987770932,1.2379471495095942,0.004540659405507075,0.004147541354731388,0.030489347792715893,0.02462895754862724,100,100,0.28483931371873145,0.28522334478874184,0.0004846492674988551,0.4603100946458171,0.23015504732290856,46,46,0
2025-08-27,2025-08-26,1.2491984436711963,1.2486854946835644,0.0090886708419331,0.008674316329436271,0.03295460118167143,0.02639143428988307,100,100,0.2998076264810871,0.30278582885767463,0.0005129489876320942,0.4823840906876533,0.24119204534382666,48,48,0
2025-08-28,2025-08-27,1.2243507843743526,1.223913468772127,-0.019488262186771466,-0.019838482962209025,0.03271944212858957,0.02673346030043682,100,100,0.2571136647186141,0.2573158212677578,0.00043731560222570157,0.42016511325979755,0.21008255662989878,42,42,0
2025-08-29,2025-08-28,1.2214409836806337,1.2210464867116915,-0.0020201469749112633,-0.002342471206981389,0.032299064444783865,0.026451953137153726,100,100,0.23207378689932037,0.2320479061844571,0.00039449696894249485,0.3799788113259592,0.1899894056629796,38,38,0
2025-09-01,2025-08-29,1.22199587049864,1.2214787755057233,0.0007775164969396897,0.00035403139744172307,0.029733558501736645,0.0243422637363684,100,100,0.30549896762466,0.3034505566745294,0.0005170949929167784,0.4983237169620755,0.24916185848103775,50,50,0
2025-09-02,2025-09-01,1.2223294539197778,1.2218316735275856,0.0006964332341363733,0.0002889104820640309,0.02839030083025532,0.023235852732716333,100,100,0.29335906894074665,0.2925135916614574,0.0004977803921920515,0.4793083065481421,0.23965415327407105,48,48,0
2025-09-03,2025-09-02,1.2159122407351741,1.2154162455031436,-0.004844720365876021,-0.005250664361908242,0.02780615815360523,0.022877889164706997,100,100,0.29181893777644174,0.29173079033182236,0.0004959952320308697,0.47992750509315857,0.23996375254657928,48,48,0
2025-09-04,2025-09-03,1.1953392092663244,1.195056054855205,-0.01651865055375168,-0.0167516196391716,0.026308166755087542,0.022014169668614487,100,100,0.1673474892972854,0.16613265230988705,0.00028315441111924697,0.278983688497808,0.139491844248904,28,28,0
2025-09-05,2025-09-04,1.2031698484548976,1.2027168919191449,0.006789466959920665,0.006410441613023954,0.028556130610974246,0.02374301949431171,100,100,0.2646973666600774,0.2673982870517171,0.0004529565357529348,0.44224483716501706,0.22112241858250853,44,44,0
2025-09-08,2025-09-05,1.211197066278343,1.210825328755748,0.007050848305345081,0.006741766820672623,0.02919459337359062,0.024111317033309154,100,100,0.21801547193010173,0.21902567221531294,0.00037173752259490487,0.3608340511328312,0.1804170255664156,36,36,0
2025-09-09,2025-09-08,1.2219200735176996,1.2215047284451996,0.009162960584374824,0.00881993416872584,0.028681291486464956,0.023480295097156215,100,100,0.24438401470353988,0.244286057888914,0.0004153450724999292,0.39991983369718775,0.19995991684859388,40,40,0
2025-09-10,2025-09-09,1.2159764022056787,1.2155410213704072,-0.004525832860719059,-0.004882262782873847,0.029407055818615028,0.024192565533873438,100,100,0.2553550444631925,0.2565161896306141,0.00043538083527159155,0.42095490764896043,0.21047745382448022,42,42,0
2025-09-11,2025-09-10,1.2142416378263923,1.2139942019967092,-0.0010689754777259974,-0.001272535724013757,0.028914652322210792,0.023817784528668756,100,100,0.14570899653916708,0.14546402887244603,0.000247435829683191,0.2397982545985167,0.11989912729925835,24,24,0
2025-09-12,2025-09-11,1.2252912606985582,1.224895806793225,0.00930569411556359,0.008979947991996529,0.02823267853285735,0.023049044968788367,100,100,0.23280533953272606,0.2325188196487058,0.00039545390533321154,0.37976616181539,0.189883080907695,38,38,0
2025-09-15,2025-09-12,1.2217400398259652,1.2213252627108488,-0.002576355433464572,-0.0029149777985800762,0.027259266486269695,0.022319415898894232,100,100,0.2443480079651931,0.24378937303372175,0.00041477711511620993,0.3995427546669005,0.19977137733345024,40,40,0
2025-09-16,2025-09-15,1.2178568433938732,1.2173802100380475,-0.0028398817439321267,-0.0032301408914157115,0.027192933184060526,0.02233725582183618,100,100,0.28010707398059076,0.2805173740342076,0.0004766333558259825,0.46033690335267424,0.23016845167633712,46,46,0
2025-09-17,2025-09-16,1.2235632688682818,1.2230425714679334,0.005078987467720619,0.004651267848118534,0.02729315494684306,0.022315784898709595,100,100,0.3058908172170705,0.30651173638020146,0.0005206974003484639,0.5005074679658416,0.2502537339829208,50,50,0
2025-09-18,2025-09-17,1.2253218645043058,1.2248640593915583,0.0018636252650117147,0.0014893086848470904,0.026412382036779612,0.0215635211387456,100,100,0.2695708101909473,0.2691478423936315,0.00045780511274756274,0.439654810862706,0.219827405431353,44,44,0
2025-09-19,2025-09-18,1.2097359049941336,1.2093027102343186,-0.012350884395236017,-0.012704552017772208,0.027178316124226685,0.022474369646422545,100,100,0.25404454004876803,0.25524366889603006,0.00043319475981489376,0.42099123192286153,0.21049561596143077,42,42,0
2025-09-22,2025-09-19,1.2088180321135078,1.20834450072584,-0.00040079139549509257,-0.0007923653030538214,0.027508000292195016,0.022765031227163484,100,100,0.2780281473861067,0.2788313629417429,0.00047353138766758176,0.46066446357871715,0.23033223178935858,46,46,0
2025-09-23,2025-09-22,1.199550082182188,1.1991610117491458,-0.007278072220603615,-0.007600058568709267,0.02858779940221395,0.02383983395233523,100,100,0.22791451561461573,0.2293833851576768,0.00038907043304221346,0.38122451706258814,0.19061225853129407,38,38,0
2025-09-24,2025-09-23,1.1848848524202769,1.1845822949756126,-0.01190512298931834,-0.012157430595802987,0.028659612227571893,0.024193854955566356,100,100,0.1777327278630415,0.1781070981330636,0.0003025574446641949,0.30031595498014624,0.15015797749007312,30,30,0
2025-09-25,2025-09-24,1.2003365388161489,1.1999876948851784,0.013299408498132825,0.013004921629259147,0.03008046943497222,0.02506731490930037,100,100,0.20405721159874532,0.20582691273711579,0.00034884393097007457,0.3414743374721525,0.17073716873607625,34,34,0
2025-09-26,2025-09-25,1.193821891816794,1.1934351204360623,-0.005138221912329155,-0.005460534701352215,0.030754525031461984,0.025769750282046977,100,100,0.22682615944519083,0.2278869864224125,0.0003867713807317682,0.3808885973565179,0.19044429867825896,38,38,0
2025-09-29,2025-09-26,1.1923029168385448,1.191759349580583,-0.0009486930442467179,-0.0014041574835396142,0.026847520621579093,0.022527635827675755,100,100,0.3219217875464071,0.318558350394486,0.0005435672579617786,0.5371790414126978,0.2685895207063489,54,54,0
2025-09-30,2025-09-29,1.1974369101907587,1.1970101781800804,0.004764016000523785,0.0044059470574704385,0.025736273829333245,0.021500463653920103,100,100,0.2514617511400593,0.25077723635849186,0.00042673201067837694,0.4194283500235027,0.20971417501175135,42,42,0
2025-10-09,2025-09-30,1.2050918086367441,1.204616241998388,0.006751513566034095,0.006354218165355752,0.029238653717504857,0.024272172911266446,100,100,0.2771711159864511,0.28114906251297905,0.000475566638356148,0.4633009489385111,0.23165047446925555,46,46,0
2025-10-10,2025-10-09,1.2099202416839767,1.209529042790019,0.004403061739222336,0.004078311930678424,0.029206232908761485,0.024146780999480186,100,100,0.22988484591995556,0.2302436240051699,0.0003911988939576605,0.38029653036031114,0.19014826518015557,38,38,0
2025-10-13,2025-10-10,1.2015042342511915,1.2011148340234377,-0.0066346555187436485,-0.0069565991959748,0.03001170549080085,0.024986541370294345,100,100,0.22828580450772637,0.22948067731751973,0.00038940022775390794,0.3809944807315124,0.1904972403657562,38,38,0
2025-10-14,2025-10-13,1.2158074746361058,1.215517341315704,0.012232502835263004,0.011990949478179136,0.030422609841515548,0.025028528024606717,100,100,0.17021304644905477,0.1709140841201711,0.000290133320401621,0.28057660253431654,0.14028830126715827,28,28,0
2025-10-15,2025-10-14,1.216191732946892,1.2158191335178323,0.0005548186013191181,0.0002482829260186392,0.030454336574499308,0.025048410355562673,100,100,0.21891451193044056,0.21931883809248434,0.0003725994290599973,0.36033245264795877,0.18016622632397938,36,36,0
2025-10-16,2025-10-15,1.2280230474461222,1.2276051372511172,0.010037606410238986,0.009693879137420147,0.030384025355175127,0.02475065021576218,100,100,0.24560460948922444,0.24595220846490512,0.00041791019500493035,0.4002830557426455,0.20014152787132275,40,40,0
2025-10-17,2025-10-16,1.222309476722303,1.2218724997744048,-0.00431381424541144,-0.004669773123912702,0.030503834505833015,0.024964826126674396,100,100,0.2566849901116836,0.25724177621023975,0.0004369769478982739,0.4204555197428798,0.2102277598714399,42,42,0
2025-10-20,2025-10-17,1.2122757367872004,1.2119038221349947,-0.007854144347283598,-0.008158525248133985,0.031003080534111795,0.02558212951213743,100,100,0.21820963262169604,0.2190807933021804,0.00037191465220541613,0.3607186159501906,0.1803593079750953,36,36,0
2025-10-21,2025-10-20,1.2111929945437285,1.2107011894623068,-0.0005865379564641282,-0.0009923499296909943,0.028364311496422767,0.023428003328401656,100,100,0.2906863186904948,0.28853935473422754,0.0004918050814219469,0.47822739731327774,0.23911369865663887,48,48,0
2025-10-22,2025-10-21,1.218914174566767,1.2185622686890738,0.006783659895558403,0.006492997029480252,0.02768484311282157,0.022719268291972353,100,100,0.2072154096763504,0.2068878471704426,0.0003519058776932967,0.33973126696469486,0.16986563348234743,34,34,0
2025-10-23,2025-10-22,1.218836291075765,1.2184206666297193,0.0002248735199934515,-0.0001162042047362366,0.02837840692129056,0.023291140489095807,100,100,0.243767258215153,0.2448764464696677,0.00041562444604572636,0.400910038749778,0.200455019374889,40,40,0
2025-10-24,2025-10-23,1.2286578671736135,1.2281980587067176,0.008402024706468003,0.008024643987731839,0.028182620793265445,0.02294631602246751,100,100,0.270304730778195,0.2705687531170656,0.0004598084668956893,0.440214886784942,0.220107443392471,44,44,0
2025-10-27,2025-10-24,1.2327123401107354,1.2322927430240584,0.0036755321114667616,0.003333895773823814,0.028194742833207723,0.022879906574810746,100,100,0.24654246802214713,0.2469741871487663,0.00041959708667693106,0.40035021887310746,0.20017510943655373,40,40,0
2025-10-28,2025-10-27,1.2348094632104245,1.2343896239843433,0.002042307074039851,0.0017016094366821832,0.02777854777956995,0.02250387336366843,100,100,0.24696189264208485,0.24696553681452837,0.00041983922608123184,0.4000029512022316,0.2000014756011158,40,40,0
2025-10-29,2025-10-28,1.2359298663080847,1.235492283356459,0.0012477764668579194,0.0008932830855759022,0.02402822787665743,0.01944830267282609,100,100,0.25954527192469784,0.2562325349734109,0.00043758295162557093,0.4173196400203658,0.2086598200101829,42,42,0
2025-10-30,2025-10-29,1.2376313391880944,1.2372519478931174,0.001731338884468192,0.0014242618593116596,0.024263477659122637,0.019610781539233176,100,100,0.222773641053857,0.22338828213129913,0.00037939129497674304,0.3604966269501913,0.18024831347509565,36,36,0
2025-10-31,2025-10-30,1.2279406394978145,1.2275214762123987,-0.007525798129603967,-0.007864583844291784,0.02535655799820112,0.02065671231793069,100,100,0.24558812789956294,0.24710037152405745,0.00041916328541620137,0.40123152828064473,0.20061576414032237,40,40,0
2025-11-03,2025-10-31,1.2421749917241725,1.2415827440988143,0.0119374819876783,0.011455007638483616,0.025648246097477477,0.020657701807940236,100,100,0.34780899768276824,0.3486929334074026,0.0005922476253578038,0.5607116032205794,0.2803558016102897,56,56,0
2025-11-04,2025-11-03,1.2427931649908353,1.2423490020156085,0.0009749015100073422,0.000617162183057296,0.025645733417732297,0.020642937995783966,100,100,0.2609865646480754,0.2614282149435569,0.0004441629752267584,0.4203553691055943,0.21017768455279714,42,42,0
2025-11-05,2025-11-04,1.227997040065285,1.22747215243246,-0.011552278729276999,-0.011974774849105918,0.02783801923697843,0.02267914525132999,100,100,0.3069992600163213,0.30971643346839256,0.0005248876328250247,0.5022126872976231,0.25110634364881157,50,50,0
2025-11-06,2025-11-05,1.2404825474246024,1.2401226652090727,0.010599340250905032,0.010306150531841585,0.028735190952296784,0.023171248908229823,100,100,0.2108820330621824,0.21213908699303047,0.00035988221552964264,0.3410133588202896,0.1705066794101448,34,34,0
2025-11-07,2025-11-06,1.2438887437275437,1.243506690175394,0.00303685967858347,0.0027287824513317904,0.029647316099405442,0.023841702126446745,100,100,0.2238999738709579,0.2251941525702163,0.00038205355214981224,0.36104042962506455,0.18052021481253228,36,36,0
2025-11-10,2025-11-07,1.248627183249246,1.2480539501487597,0.004117784901607413,0.0036568037866562264,0.02917701333951561,0.023378006484445567,100,100,0.3371293394772964,0.33723226981789267,0.0005732331004860598,0.5400824348067839,0.27004121740339193,54,54,0
2025-11-11,2025-11-10,1.2586906636201385,1.25813505144709,0.008522639161641088,0.008077456344838696,0.027958582737687122,0.022222242918619538,100,100,0.327259572541236,0.32659675411245603,0.0005556121730484433,0.5194734064151445,0.25973670320757225,52,52,0
2025-11-12,2025-11-11,1.2551938633876167,1.2548526194832905,-0.002337736363111631,-0.002608966310909122,0.02746386018307756,0.021886124120604956,100,100,0.20083101814201867,0.20067753949173522,0.00034124390432612014,0.3198777251428961,0.15993886257144804,32,32,0
2025-11-13,2025-11-12,1.2504799324596583,1.2501379690628005,-0.0034846219832833647,-0.0037571347800440247,0.02878812881248822,0.02302796133299592,100,100,0.20007678919354532,0.20174302121981383,0.00034196339685792275,0.32133247402298654,0.16066623701149327,32,32,0
2025-11-14,2025-11-13,1.2538793676687037,1.2535195376466084,0.002992788554936787,0.002704956306817108,0.02611819409846628,0.020835889121841124,100,100,0.21315949250367963,0.2108493878117528,0.00035983002209513584,0.33815763401847665,0.16907881700923832,34,34,0
2025-11-17,2025-11-14,1.2480477580911549,1.2476476938277843,-0.004365133044297309,-0.004684285838773672,0.022940709387169078,0.018387169311223556,100,100,0.23712907403731945,0.23435165358939294,0.0004000642633707239,0.37777458800761404,0.18888729400380702,38,38,0
2025-11-18,2025-11-17,1.2415485457215434,1.241126813657939,-0.0048885179176892946,-0.00522653967310216,0.02216039374095458,0.017855060012475162,100,100,0.2483097091443087,0.24795112556169874,0.0004217320636044543,0.3997111803772429,0.19985559018862145,40,40,0
2025-11-19,2025-11-18,1.236231433924241,1.2357132042534604,-0.003944302612615247,-0.004361850332218031,0.015125174399985052,0.012240036238119445,100,100,0.30905785848106027,0.3025408688108712,0.0005182296707805946,0.4947283417236028,0.2473641708618014,50,50,0
2025-11-20,2025-11-19,1.2307988781297512,1.2303809362350318,-0.003976914794463271,-0.004315133964802209,0.014225665373656727,0.011562000803740745,100,100,0.24615977562595026,0.2456782084943414,0.0004179418947193455,0.3996087361305199,0.19980436806525995,40,40,0
2025-11-21,2025-11-20,1.2143384637843897,1.2139241438427362,-0.01303862241212228,-0.013375363602961321,0.01512485812915048,0.01245947550006873,100,100,0.24286769275687795,0.24418120545402516,0.00041431994165355495,0.4010816693502846,0.2005408346751423,40,40,0
2025-11-24,2025-11-21,1.1927840373457714,1.1922372105643302,-0.017414684932490654,-0.017865147001488002,0.013977038892637522,0.01172337079298311,100,100,0.3220516900833583,0.3214506976282865,0.00054682678144113,0.5394961431103579,0.26974807155517894,54,54,0
2025-11-25,2025-11-24,1.2027663278536722,1.2022936373541258,0.008831394621845678,0.00843492108842625,0.015694225989324212,0.013053571525057988,100,100,0.27663625540634457,0.27882613300257797,0.0004726904995466428,0.46182070078411747,0.23091035039205873,46,46,0
2025-11-26,2025-11-25,1.2058721273401565,1.205461977464845,0.0029763860298768208,0.002635246509073985,0.015423487037579814,0.012794669036360885,100,100,0.24117442546803133,0.24131383639159837,0.0004101498753115766,0.400115610038914,0.200057805019457,40,40,0
2025-11-27,2025-11-26,1.2055587065046753,1.20529302902934,8.024229850356335e-05,-0.0001401524383707331,0.014475083378417077,0.01200959686133281,100,100,0.1567226318456078,0.1560399056617804,0.0002656774753353231,0.2594336848299932,0.1297168424149966,26,26,0
2025-11-28,2025-11-27,1.2061131150849207,1.2057020988653038,0.0006804038817358471,0.0003393945091454409,0.014916576693255386,0.012371693395320038,100,100,0.2412226230169841,0.24207513255143914,0.0004110162196167739,0.40070682386568274,0.20035341193284137,40,40,0
2025-12-01,2025-11-28,1.2159784200175232,1.2155047461205757,0.00852310132153744,0.008130239853191945,0.012830479815172878,0.010555680556676427,100,100,0.27967503660403037,0.27806261362289536,0.00047367389694760346,0.45867397072629656,0.22933698536314828,46,46,0
2025-12-02,2025-12-01,1.2220172795333686,1.221454093260413,0.005357883984886458,0.0048945486710976205,0.014340331405665513,0.011740376887507115,100,100,0.3299446654740094,0.3320177033374578,0.0005631862729556087,0.541696406342339,0.2708482031711695,54,54,0
2025-12-03,2025-12-02,1.2198619745406953,1.2193635575270945,-0.0013034617743740151,-0.0017115139609858998,0.014490394381280301,0.011883571795984498,100,100,0.2927668738897669,0.2934153538789823,0.0004984170136007406,0.48053160111779003,0.24026580055889502,48,48,0
2025-12-04,2025-12-03,1.2159871216127605,1.215593589449904,-0.002769014945125603,-0.0030917506546088713,0.014795337287234698,0.012171286041357025,100,100,0.2310375531064245,0.2317360281752356,0.000393532162856614,0.38057440992293134,0.19028720496146567,38,38,0
2025-12-05,2025-12-04,1.2094414276457817,1.2091110842850359,-0.005061035084025334,-0.005332789857670717,0.015715259768503048,0.012997366389867891,100,100,0.19351062842332506,0.1947608942653392,0.0003303433607458683,0.3210337547676433,0.16051687738382164,32,32,0
2025-12-08,2025-12-05,1.2217103402019487,1.221272905377803,0.010420263349386838,0.010058481185753587,0.016445309211013955,0.013465711994917768,100,100,0.2565591714424092,0.2577266557090656,0.0004374348241454178,0.42095561462340025,0.21047780731170013,42,42,0
2025-12-09,2025-12-08,1.2186179717032977,1.2181605128539248,-0.0021739069644586273,-0.0025484824154969887,0.01752942123048487,0.014390075072632817,100,100,0.26809595377472545,0.2696375246435692,0.0004574588493727621,0.4412650157019176,0.2206325078509588,44,44,0
2025-12-10,2025-12-09,1.2110238315917596,1.2106107602771452,-0.005858572156016817,-0.006197666479183406,0.018319269800788393,0.015132254232231144,100,100,0.24220476631835192,0.24340768620326994,0.00041307131461460817,0.40099330818563406,0.20049665409281703,40,40,0
2025-12-11,2025-12-10,1.212770398152318,1.2124810251791072,0.0017839242356298968,0.001544893671301839,0.018696822691715145,0.01542030126941843,100,100,0.16978785574132454,0.1704547816054621,0.0002893729732108031,0.28054991931296613,0.14027495965648307,28,28,0
2025-12-12,2025-12-11,1.1972078038416247,1.1968023455018104,-0.01259666833567663,-0.012931072199650062,0.016843806631818004,0.014074008707557737,100,100,0.2394415607683249,0.23799400304824178,0.0004054583398140611,0.3987908885028662,0.1993954442514331,40,40,0
2025-12-15,2025-12-12,1.1926005170629066,1.1922754665318112,-0.003510879181258697,-0.0037824783574443854,0.017121656513889028,0.014360487147902078,100,100,0.19081608273006506,0.19141898314323158,0.00032505053109559395,0.32050553425437994,0.16025276712718997,32,32,0
2025-12-16,2025-12-15,1.1968060215093173,1.1960173035046995,0.003799923008300121,0.0031383997053742174,0.012001677016145108,0.010034701823273371,100,100,0.4667543483886337,0.46242308689550776,0.00078871800461824,0.7763809828700029,0.38819049143500145,78,78,0
2025-12-17,2025-12-16,1.183646075643276,1.1832612798656859,-0.010343686354011727,-0.010665417299260294,0.013869695018272316,0.011721582759681522,100,100,0.22489275437222248,0.22714556815194,0.0003847957775904675,0.3819032832753602,0.1909516416376801,38,38,0
2025-12-18,2025-12-17,1.1904046884943198,1.1899372869582003,0.006037050945709055,0.005642039679750521,0.015178023407573573,0.012755313724450707,100,100,0.27379307835369354,0.2755688082791141,0.0004674015361192417,0.46149170273150264,0.23074585136575132,46,46,0
2025-12-19,2025-12-18,1.201417420896964,1.200966905768362,0.009647679810177223,0.00926907571604585,0.01580479299403651,0.013160057049136439,100,100,0.2643118325973321,0.265389117312397,0.00045051512860203605,0.4408966781206325,0.22044833906031625,44,44,0
2025-12-22,2025-12-19,1.2151833529280305,1.2147272577716992,0.011837501176248377,0.011457727883461999,0.01681831814339245,0.013845345147061278,100,100,0.2673403376441667,0.26880995794985385,0.0004560951563313395,0.44120938153254485,0.22060469076627243,44,44,0
2025-12-23,2025-12-22,1.215714834863403,1.2152386672876527,0.0008130031539059779,0.00042100768932407107,0.01709040085721325,0.014063411013211178,100,100,0.2796144120185826,0.28036266230815376,0.00047616757575011934,0.4606154817463053,0.23030774087315264,46,46,0
2025-12-24,2025-12-23,1.2078237489861978,1.2074742086868575,-0.006101614852335624,-0.00638924584100431,0.017176529542497,0.014225173025580962,100,100,0.20533003732765362,0.20576570631227759,0.0003495402993400977,0.34036070576107613,0.17018035288053807,34,34,0
2025-12-25,2025-12-24,1.2181982725925002,1.2177845651469414,0.008881402044442321,0.008538779864537771,0.016326488348927498,0.013406713154520477,100,100,0.2436396545185,0.24320332077048928,0.00041370744555863776,0.39964182041804885,0.19982091020902443,40,40,0
2025-12-26,2025-12-25,1.2220592621888775,1.2217667140870807,0.003510224356818137,0.003269994590265446,0.017577574243315033,0.014387013527741436,100,100,0.17108829670644282,0.1726319307026272,0.00029254810179675544,0.28126314168546906,0.14063157084273453,28,28,0
2025-12-29,2025-12-26,1.219817677970802,1.2194640294460704,-0.0015952604485013344,-0.0018847171186284761,0.01824321280781825,0.014960025361391802,100,100,0.20736900525503635,0.20838829234427125,0.00035364852473172,0.34083560609724106,0.17041780304862053,34,34,0
2025-12-30,2025-12-29,1.2101010508069676,1.2097500019178908,-0.007677945731089597,-0.007965817189861668,0.019100968822084112,0.01578918685001213,100,100,0.20571717863718447,0.20692598354052716,0.0003510488890768908,0.3409989288931999,0.17049946444659994,34,34,0
2025-12-31,2025-12-30,1.2121352889770787,1.2118245893845032,0.001971718995996019,0.0017148894096494782,0.020249445489882098,0.016709881667087624,100,100,0.1818202933465618,0.18327946960693525,0.000310699592575566,0.3012038064345151,0.15060190321725755,30,30,0
