date,signal_date,pre_trade_nav,nav,gross_return,net_return,cash,cash_ratio,holding_count,desired_count,buy_notional,sell_notional,total_cost,gross_turnover,one_way_turnover,attempted_order_count,executed_order_count,blocked_order_count
2024-01-02,,1.0,1.0,0.0,0.0,1.0,1.0,0,100,0.0,0.0,0.0,0.0,0.0,0,0,0
2024-01-03,2024-01-02,1.0,0.9994120000000014,0.0,-0.0005879999999985897,0.019412000000001414,0.01942342097153265,98,100,0.9799999999999999,0.0,0.0005880000000000001,0.9799999999999999,0.48999999999999994,100,98,2
2024-01-04,2024-01-03,0.9958858797397407,0.9956316367480404,-0.0035281948388259377,-0.003782587413360017,0.019423295523446404,0.019508515806997966,98,100,0.14938288196096114,0.14964842047610635,0.00025424299170029367,0.3002666354855987,0.15013331774279934,32,30,2
2024-01-05,2024-01-04,0.9894547520054748,0.9891456672542271,-0.006203986007054518,-0.006514426876789492,0.00956045290834273,0.00966536398514652,99,100,0.18799640288104022,0.1784426450171841,0.00030908475124752637,0.3703444216681035,0.18517221083405175,38,37,1
2024-01-08,2024-01-05,0.9699860182204069,0.9694139979455293,-0.01936989633387931,-0.019948193640145107,0.004332609030188107,0.004469307271578672,100,100,0.3394951063771425,0.33483928277386527,0.0005720202748775364,0.695200112665728,0.347600056332864,69,69,0
2024-01-09,2024-01-08,0.950271208942421,0.9499319512408986,-0.01974676355373184,-0.020096725182346065,0.004003242174081392,0.004214240997844052,100,100,0.19955695387790842,0.19956684472332412,0.0003392577015224012,0.420010408444792,0.210005204222396,42,42,0
2024-01-10,2024-01-09,0.9455576565154127,0.9451378777345231,-0.004604850610374522,-0.0050467546650189155,0.005258278584024431,0.005563504233507625,100,100,0.24584499069400734,0.24751980588483988,0.00041977878088972787,0.521771245972461,0.2608856229862305,52,52,0
2024-01-11,2024-01-10,0.9365304122192367,0.9362129969061542,-0.009107100369226795,-0.009442940589537652,0.004027202296322311,0.00430158768317761,100,100,0.1873060824438473,0.18639242146922774,0.0003174153130824591,0.3990244193218941,0.19951220966094704,40,40,0
2024-01-12,2024-01-11,0.9552793815839062,0.9547636211995949,0.020365434725601483,0.019814534037386533,0.014718851199787782,0.0154162254122068,99,100,0.29613660829101096,0.30734401757878765,0.0005157603843112731,0.6317320749341353,0.31586603746706765,64,63,1
2024-01-15,2024-01-12,0.9391099425280005,0.9388875350865524,-0.01639534469477022,-0.01662828972588548,0.01349578478234098,0.014374229370397229,99,100,0.13147539195392008,0.13047473297792136,0.00022240744144806543,0.2789344602472156,0.1394672301236078,29,28,1
2024-01-16,2024-01-15,0.9433438920682384,0.9430816358043085,0.004746422564098962,0.004467095963063716,0.0038061459022968626,0.004035860478876556,100,100,0.16036846165160054,0.15094107903548645,0.0002622562639299956,0.3300064200389903,0.16500321001949514,33,33,0
2024-01-17,2024-01-16,0.9377450756115286,0.9375365758430292,-0.005658640768917644,-0.005879724247360829,0.004741379578550843,0.005057274244780705,100,100,0.12190685982949874,0.12305059327425201,0.00020849976849937634,0.26121966350397247,0.13060983175198623,26,26,0
2024-01-18,2024-01-17,0.9068245565429753,0.9065148175083269,-0.03275820921699801,-0.03308858463127984,0.005721354565524049,0.006311374568867977,100,100,0.1813649113085951,0.18265462533021676,0.00030973903464839576,0.40142223102839036,0.20071111551419518,40,40,0
2024-01-19,2024-01-18,0.9095238216415417,0.9092899082065857,0.003319310479100057,0.0030612745039144684,0.007291859709961298,0.008019290266118985,100,100,0.13642857324623126,0.13823299182562446,0.00023391343495592556,0.30198391568913113,0.15099195784456557,30,30,0
2024-01-22,2024-01-19,0.8992637373495534,0.8990182718642791,-0.011026374280131535,-0.011296327221497093,0.007833438511265826,0.008713325141903686,100,100,0.14388219797592855,0.14466924226250744,0.00024546548527431514,0.32087520963415983,0.16043760481707992,32,32,0
2024-01-23,2024-01-22,0.8450193796136156,0.8445999493005578,-0.06006428783553741,-0.06053083042558738,0.009991970842177447,0.011830418472617883,100,100,0.2450556200879485,0.24763358273191796,0.00041943031305787876,0.5830507733978222,0.2915253866989111,58,58,0
2024-01-24,2024-01-23,0.8639198590966477,0.8635382861801615,0.022874628174071487,0.022422848705220932,0.00935616043981563,0.01083467935301671,100,100,0.22461916336512844,0.22436492587925286,0.00038157291648625456,0.5197057163541288,0.2598528581770644,52,52,0
2024-01-25,2024-01-24,0.8570968721192858,0.8569521625727169,-0.007459326545171674,-0.007626903998174894,0.00830515844655843,0.009691507658519614,100,100,0.08570968721192856,0.08480339476524026,0.00014470954656892142,0.19894260208365083,0.09947130104182542,20,20,0
2024-01-26,2024-01-25,0.8813790016057962,0.8810789575949539,0.028504320427578778,0.02815419118589335,0.008346160159660462,0.009472658594006879,100,100,0.1762758003211593,0.17661684604510353,0.0003000440108423097,0.4003869455969827,0.20019347279849134,40,40,0
2024-01-29,2024-01-26,0.8639275209843889,0.8636171549675211,-0.01946640135111466,-0.01981865810880057,0.009802968575717394,0.01135105818513536,100,100,0.1814247794067217,0.1831919538396463,0.0003103660168676437,0.4220455123722776,0.2110227561861388,42,42,0
2024-01-30,2024-01-29,0.8307793121231803,0.8306510738367021,-0.038023611105288624,-0.03817210084491518,0.010701140946924731,0.012882835264989342,100,100,0.07477013809108624,0.07579654874877187,0.00012823828647830083,0.18123547931768125,0.09061773965884062,18,18,0
2024-01-31,2024-01-30,0.8060612411236818,0.8058962544357751,-0.029603083036348954,-0.029801706373034365,0.01103633127492713,0.013694481410208188,100,100,0.09672734893484182,0.097227525950751,0.0001649866879067312,0.2406205198691999,0.12031025993459996,24,24,0
2024-02-01,2024-01-31,0.770222619525203,0.7700112239425632,-0.04426579068238501,-0.044528101843997026,0.012547690355150805,0.016295464228306838,100,100,0.12323561912403248,0.12495837378689606,0.00021139558264000516,0.3222366970525035,0.16111834852625176,32,32,0
2024-02-02,2024-02-01,0.7757002075483027,0.7754923891112774,0.007388182702858792,0.007118292562866779,0.02144431200943791,0.027652511243873485,99,100,0.11635503113224537,0.12545947122355777,0.00020781843702526076,0.3117370602749844,0.1558685301374922,32,31,1
2024-02-05,2024-02-02,0.7312096977224191,0.7309378293985725,-0.05710267697095872,-0.057453252073517924,0.019714168138556788,0.026971060117079896,100,100,0.16086613349893217,0.15940785795189757,0.00027186832384644676,0.4380056671135833,0.21900283355679165,43,43,0
2024-02-06,2024-02-05,0.6823879298869002,0.6820152135436741,-0.06642138025831823,-0.0669312955045065,0.031248637409702296,0.04581809436088368,99,100,0.21154025826493897,0.2234474438793108,0.00037271634322620596,0.6374492910745727,0.31872464553728636,64,63,1
2024-02-07,2024-02-06,0.750492791898994,0.7500430719199238,0.10040476663199072,0.09974536788231547,0.02208836327429229,0.029449459772692217,100,100,0.2701774050836378,0.261466850927298,0.00044971997907021055,0.7083935538750488,0.3541967769375244,71,71,0
2024-02-08,2024-02-07,0.7831828171242358,0.7828908175394329,0.0441837894982251,0.04379447907628431,0.02096837386983346,0.02678326709174529,100,100,0.17230021976733192,0.17147222994767583,0.0002919995848028427,0.43894278857815566,0.21947139428907783,44,44,0
2024-02-19,2024-02-08,0.8366223236116505,0.8358651463239333,0.0686321832731307,0.06766502761010118,0.023284445802558063,0.02785670141285488,99,100,0.44340983151417485,0.44648308073461657,0.0007571772877165832,1.0636734009285993,0.5318367004642996,108,107,1
2024-02-20,2024-02-19,0.8203511592213626,0.8196809903936746,-0.018560394784732814,-0.019362161469987482,0.010629106117088387,0.012967369307885819,100,100,0.4019720680184676,0.3899868971606859,0.0006701688276878344,0.9653901945245525,0.4826950972622763,97,97,0
2024-02-21,2024-02-20,0.8207645590809362,0.8201267548206175,0.0013219395105663612,0.000543826723038654,0.006324370145121716,0.0077114544891356655,100,100,0.37755169717723075,0.3738847654655827,0.0006378042603184787,0.9155322976959994,0.4577661488479997,92,92,0
2024-02-22,2024-02-21,0.8343441219704477,0.833776255043796,0.017335572905361474,0.016643159295740784,0.006222797502206081,0.0074633901656016985,100,100,0.3337376487881791,0.33420394307191525,0.0005678669266520144,0.800558875254775,0.4002794376273875,80,80,0
2024-02-23,2024-02-22,0.8582813297472213,0.8579286826342006,0.029390468432251016,0.02896751669803299,0.008114087192550164,0.009457764213729881,100,100,0.2059875191393331,0.20823145594269782,0.0003526471130205679,0.4826144537060192,0.2413072268530096,48,48,0
2024-02-26,2024-02-23,0.8767826657678688,0.876465409746888,0.0219761659859401,0.021606372986355815,0.011655566900217547,0.013298376376979356,100,100,0.1841243598112525,0.18798309553990056,0.00031725602098064195,0.4244010173550464,0.2122005086775232,42,42,0
2024-02-27,2024-02-26,0.88136687421378,0.8807958603872971,0.005592307936382213,0.0049408118018710034,0.012585303747245535,0.014288559146624075,100,100,0.33491941220123633,0.3364201628747473,0.0005710138264829644,0.761702753662996,0.380851376831498,76,76,0
2024-02-28,2024-02-27,0.908862658121471,0.9082654078831216,0.03186526980477944,0.031187189598899545,0.0071465044316235075,0.007868299694777259,100,100,0.35445643666737386,0.3496148875901011,0.0005972502383495347,0.7746729585223807,0.38733647926119036,78,78,0
2024-02-29,2024-02-28,0.8522432464572993,0.8512798335353104,-0.06168038652533536,-0.06274110392536736,6.661338147750939e-16,7.82508628224732e-16,100,100,0.5707143074412733,0.5645312159316395,0.0009634129219895706,1.3320674914022836,0.6660337457011418,134,134,0
2024-03-01,2024-02-29,0.8897150396729201,0.888664225407523,0.04514990796620988,0.04391551449886655,0.0,0.0,100,100,0.6174460998265205,0.6184969140919169,0.0010508142653970227,1.3891447922166165,0.6945723961083082,140,140,0
2024-03-04,2024-03-01,0.9021973930055346,0.9016018302548826,0.015228662537648097,0.014558485058208337,0.010989196131895071,0.012188524649277195,99,100,0.34283500934210304,0.35441976822465016,0.0005955627506523765,0.7728406033672455,0.38642030168362274,78,77,1
2024-03-05,2024-03-04,0.9006594245128848,0.9000549053845832,-0.0010452571305576974,-0.0017157516970236486,0.003176240306430666,0.003528940609543697,100,100,0.3602637698051539,0.3530553331079911,0.0006045191283018819,0.7919964900150114,0.3959982450075057,79,79,0
2024-03-06,2024-03-05,0.8900215498334985,0.8894293321108422,-0.011147492770785639,-0.011805472321936628,0.004523509053299166,0.005085855491817126,100,100,0.3471084044350643,0.34904789090458915,0.0005922177226560871,0.7821791455160692,0.3910895727580346,78,78,0
2024-03-07,2024-03-06,0.8926852011356844,0.8919136694801236,0.003660626996767835,0.0027931812900587882,0.00154614664850012,0.001733516035695847,100,100,0.45526945257919904,0.45306362182996085,0.000771531655560478,1.0175289937074885,0.5087644968537443,102,102,0
2024-03-08,2024-03-07,0.8762981391572627,0.875700363704932,-0.01750789438170941,-0.018178111099745764,0.002669023654030725,0.003047873182030623,100,100,0.3505192556629051,0.35223990812076644,0.0005977754523305868,0.8019635468580546,0.4009817734290273,80,80,0
2024-03-11,2024-03-08,0.8829673673206785,0.8824449808063064,0.00829850473625604,0.007701969053477642,0.01308425174016906,0.014827271982683538,99,100,0.30020890488903074,0.311146519489541,0.0005223865143719138,0.6923873372961675,0.34619366864808376,70,69,1
2024-03-12,2024-03-11,0.905646520548598,0.9050613208971797,0.0262923357794973,0.02562917868285486,0.01263723312869756,0.013962847419189649,99,100,0.3441456778084672,0.344283858848414,0.0005851996514183364,0.760152577232741,0.3800762886163705,77,76,1
2024-03-13,2024-03-12,0.9138334136179206,0.9132116943341706,0.00969226340602547,0.009005327317392675,0.012299661563143046,0.013468576497052877,99,100,0.36553336544716825,0.3658175131653637,0.0006217192837502,0.8003109403901862,0.4001554701950931,81,80,1
2024-03-14,2024-03-13,0.9181930346533994,0.9175991268023839,0.005454748718325186,0.004804398033264601,0.012392254284270723,0.013505085088141704,99,100,0.34891335316829164,0.349599853740435,0.0005939078510154538,0.7607476647570107,0.38037383237850536,77,76,1
2024-03-15,2024-03-14,0.908231872551569,0.9075994747185557,-0.010208438496947525,-0.010897625980393566,0.011178236310293648,0.012316265733582526,99,100,0.37237506774614326,0.37179344760517946,0.0006323978330133827,0.819359612717257,0.4096798063586285,83,82,1
2024-03-18,2024-03-15,0.9235880624374678,0.9230065604415074,0.01761634747956431,0.016975644160359904,0.011110465848113345,0.012037255556232241,99,100,0.3417275831018632,0.34224131463564333,0.0005815019959603254,0.7405562344888093,0.3702781172444046,75,74,1
2024-03-19,2024-03-18,0.9322909307932614,0.9317822664517412,0.010058834627689972,0.009507739583168417,0.011963688023297891,0.012839574709718426,99,100,0.29833309785384365,0.2996949843705483,0.00050866434151991,0.6414607956290488,0.3207303978145244,65,64,1
2024-03-20,2024-03-19,0.9278733393463561,0.9272389475708459,-0.0041951078552615595,-0.004875944782890551,0.00011480350743911169,0.00012381221446733945,100,100,0.38042806913200605,0.3692135763916574,0.0006343917755100255,0.807913767682722,0.403956883841361,81,81,0
2024-03-21,2024-03-20,0.9420558898829823,0.9414421827368652,0.015979637558315885,0.015317772407240415,0.004172952045389557,0.004432510165688959,100,100,0.3579812381555332,0.3626530938396008,0.00061370714611688,0.7649592128601286,0.3824796064300643,76,76,0
2024-03-22,2024-03-21,0.941109134348821,0.9405947187525993,-0.00035376403793163647,-0.0009001763462544998,0.005887833845650434,0.00625969264792256,100,100,0.3011549229916227,0.30338422038810525,0.000514415596221889,0.6423687979588308,0.3211843989794154,64,64,0
2024-03-25,2024-03-22,0.9248673764557401,0.9244702454563117,-0.016720636405142097,-0.017142849066462462,0.009183761423223583,0.00993408005110056,100,100,0.231216844113935,0.23490990269093667,0.0003971309994283909,0.5039930682722901,0.25199653413614503,50,50,0
2024-03-26,2024-03-25,0.9090760250458173,0.9084428755046499,-0.016651937134976147,-0.017336815360402325,0.008117477073592507,0.008935594402766558,100,100,0.3727211702687851,0.3722880354603215,0.0006331495411676243,0.8195235439099368,0.4097617719549684,82,82,0
2024-03-27,2024-03-26,0.9095416693961818,0.908937921897215,0.0012095354822629911,0.0005449394848191513,0.008169522444788179,0.008987987240906435,100,100,0.35472125106451075,0.3553770439346732,0.0006037474989668474,0.7807210146519152,0.3903605073259576,78,78,0
2024-03-28,2024-03-27,0.8834346020051624,0.8825499507857486,-0.028058373710296736,-0.02903165384098738,0.005981519954620325,0.006777542675397444,100,100,0.5212264151830459,0.5199230639122918,0.0008846512194133484,1.1785246771319624,0.5892623385659812,118,118,0
2024-03-29,2024-03-28,0.9061761091703916,0.9053480164140488,0.026770335620786456,0.025832039997286005,0.001719870947808521,0.0018996793681844894,100,100,0.48933509895201155,0.4859015427015424,0.0008280927563429018,1.0762109393353876,0.5381054696676938,108,108,0
2024-04-01,2024-03-29,0.9176952199720058,0.9169776880603465,0.013638074347213314,0.012845526179381395,0.0009062023464752982,0.0009882490689518944,100,100,0.42213980118712247,0.42204366449744857,0.0007175319116594691,0.9198952411567783,0.45994762057838917,92,92,0
2024-04-02,2024-04-01,0.9381965746362357,0.9374924303997241,0.023140024945179194,0.02237212814062217,0.002359511459132855,0.0025168325445857906,100,100,0.41280649283994375,0.41496394618911286,0.0007041442365119917,0.8822995749584842,0.4411497874792421,88,88,0
2024-04-03,2024-04-02,0.9355078442284412,0.9347454036815637,-0.0021169090084670605,-0.0029301854917261894,0.000748112719272484,0.0008003384839615011,100,100,0.44904376522965184,0.44819480703666903,0.0007624405468781249,0.9590925162218358,0.4795462581109179,96,96,0
2024-04-08,2024-04-03,0.9295302286701478,0.9290737597649661,-0.005579246488803813,-0.006067581497870345,3.8163916471489756e-17,4.10773806389111e-17,100,100,0.26869983139837017,0.26840818758427937,0.00045646890518172886,0.5778273824952144,0.2889136912476072,58,58,0
2024-04-09,2024-04-08,0.9108358425124412,0.9103697303979559,-0.019630214566751514,-0.020131910056034652,0.000975555889079896,0.0010716040488884058,100,100,0.2732507527537324,0.27469242075729766,0.00046611211448526727,0.6015827967414947,0.30079139837074736,60,60,0
2024-04-10,2024-04-09,0.9250362105630695,0.9243443973368661,0.016110465534374008,0.015350539975446553,0.0001802342101743376,0.0001949859929844454,100,100,0.40701593264775054,0.40691242419504836,0.0006918132262032031,0.8798881033504199,0.43994405167520995,88,88,0
2024-04-11,2024-04-10,0.9001170343521551,0.8992705968802934,-0.026210320584527436,-0.027126037144610815,0.0037229283223044717,0.004139942232315698,100,100,0.4950643688936852,0.49945350047767706,0.0008464374718616565,1.1048761787817412,0.5524380893908706,110,110,0
2024-04-12,2024-04-11,0.9042166720055559,0.9037388465879911,0.005500096569843516,0.004968748809533796,0.004429858739134426,0.004901702251550962,100,100,0.28030716832172226,0.28149192415611707,0.00047782541756476193,0.6213102565691107,0.3106551282845553,62,62,0
2024-04-15,2024-04-12,0.8941132999672353,0.8937332624666962,-0.010650805436876354,-0.01107132238375097,0.004085592196152538,0.004571377577328092,100,100,0.22352832499180883,0.22356409594936616,0.0003800375005393882,0.500040007186515,0.2500200035932575,50,50,0
2024-04-16,2024-04-15,0.8815977806732171,0.880812862275973,-0.013578415734449845,-0.01445666255618927,0.008378818461780624,0.009512597761265893,100,100,0.45843084595007283,0.46350899061294515,0.0007849183972442806,1.045760160443002,0.522880080221501,104,104,0
2024-04-17,2024-04-16,0.8502165736208882,0.8495078225002768,-0.03473642355315476,-0.03554107928760908,0.008143444418164806,0.009586073491585951,100,100,0.4166061210742353,0.41707949815123097,0.0007087511206108941,0.9805567723468149,0.49027838617340747,98,98,0
2024-04-18,2024-04-17,0.8805619694643202,0.8798606703398014,0.036555457338397046,0.035729921532905884,0.005378609763422967,0.0061130244193614795,100,100,0.4138641256482306,0.41180059011800735,0.0007012991245187468,0.9376565697795485,0.46882828488977424,94,94,0
2024-04-19,2024-04-18,0.8724419763255282,0.8718030423467434,-0.008431669086206739,-0.009157845400620257,0.005811397685275815,0.0066659525179363155,100,100,0.3751500498199771,0.3762217717206148,0.0006389339787846619,0.8612284162496988,0.4306142081248494,86,86,0
2024-04-22,2024-04-19,0.858379506881979,0.8580853988772823,-0.015397440491410341,-0.015734796511532756,0.007570900914125331,0.00882301566257984,100,100,0.1716759013763958,0.17372951260994202,0.00029410800469677347,0.40239242807765285,0.20119621403882643,40,40,0
2024-04-23,2024-04-22,0.8655371250842333,0.8651261039973667,0.008684131225983771,0.008205133346047333,0.006273893760477798,0.007251999138031899,100,100,0.24235039502358535,0.2414644089568045,0.0004110210868666359,0.5589763742754598,0.2794881871377299,56,56,0
2024-04-24,2024-04-23,0.871825331012673,0.8712964608303676,0.007743642209328883,0.007132320715431462,0.0014841869653134145,0.0017034236130133557,100,100,0.3138571191645622,0.3095962825517033,0.0005288701823056107,0.7151127405211892,0.3575563702605946,72,72,0
2024-04-25,2024-04-24,0.8820252110185672,0.8815288999614058,0.01231354730624612,0.01174392367126842,0.002346888435340252,0.0026622932446604994,100,100,0.29106831963612717,0.29242733216331546,0.0004963110571613233,0.6615407864879722,0.3307703932439861,66,66,0
2024-04-26,2024-04-25,0.8860783243121437,0.8854653606925458,0.0051608340361128935,0.004465492545181693,0.011216069420992139,0.012666864135960954,99,100,0.35443132972485747,0.3639134743301074,0.0006129636195980336,0.8107012488005627,0.40535062440028136,82,81,1
2024-04-29,2024-04-26,0.910491364859682,0.9094264749448652,0.028263109183133572,0.027060476124756372,0.021389267723883255,0.023519512916291556,98,100,0.6191341281045836,0.6303722163222917,0.0010648899148172715,1.3723428828118975,0.6861714414059488,139,137,2
2024-04-30,2024-04-29,0.9346404078904308,0.9339645691719122,0.027725092286426056,0.02698194400876064,0.028445671991355254,0.030456906964443253,97,100,0.3925489713139809,0.40028121429997154,0.0006758387185183579,0.8482729602965091,0.42413648014825456,88,85,3
2024-05-06,2024-04-30,0.936898626516902,0.9358862810334131,0.0031415081918912957,0.002057585399845241,0.0,0.0,101,100,0.6132483192044015,0.5858149926965355,0.0010123454834888319,1.2798218269981692,0.6399109134990846,129,128,1
2024-05-07,2024-05-06,0.9421600479140857,0.9414231799339501,0.006703556839988245,0.0059162090659381494,0.013913626093445946,0.014779353631830184,99,100,0.4239720215613386,0.43862251563492016,0.0007368679801352144,0.9155498995165603,0.45777494975828015,95,92,3
2024-05-08,2024-05-07,0.9447588180630405,0.9442825520291237,0.003543186741295834,0.003037286691171426,9.71445146547012e-17,1.0287653250179407e-16,101,100,0.2888512529308157,0.27541389287128687,0.0004762660339169055,0.5972584060754976,0.2986292030377488,61,60,1
2024-05-09,2024-05-08,0.9270556675702468,0.9265647188515029,-0.018243357797789295,-0.01876327497479202,0.0016821257670161932,0.0018154433606119005,101,100,0.2873872569467766,0.2895603314325366,0.0004909487187438565,0.6223440604073492,0.3111720302036746,63,62,1
2024-05-10,2024-05-09,0.9486693816624616,0.948281701489678,0.02385657727002366,0.023438171340145253,0.0018608683808530035,0.0019623582084624448,101,100,0.22768065159899079,0.22824707438561115,0.0003876801727835663,0.4805970707999744,0.2402985353999872,49,48,1
2024-05-13,2024-05-10,0.9177994790087716,0.9173744787209922,-0.032144691216777876,-0.03259287057857696,0.004827074378880938,0.005261836350201139,101,100,0.24780585933236832,0.2511970656181756,0.00042500028777941475,0.5436949315873112,0.2718474657936556,55,54,1
2024-05-14,2024-05-13,0.9094063711082376,0.9089537046755541,-0.008685774236780297,-0.009179211151784328,0.00830994587975632,0.009142320271110517,101,100,0.26372784762138896,0.26766338555494784,0.00045266643268327664,0.5843275900176101,0.29216379500880507,59,58,1
2024-05-15,2024-05-14,0.9093078014308598,0.9088890382339809,0.00038956522591204745,-7.114382310180467e-05,0.009155651794030955,0.010073453863874149,101,100,0.2455131063863321,0.24677757549748566,0.0004187631968790328,0.5413905842544887,0.27069529212724436,55,54,1
2024-05-16,2024-05-15,0.9068944251729353,0.9064774406851963,-0.0021945616870033824,-0.002653346500328002,0.009393164201328795,0.010362270233916253,101,100,0.24486149479669253,0.24551599169172927,0.000416984487738917,0.5407216902837527,0.27036084514187636,55,54,1
2024-05-17,2024-05-16,0.899793012293958,0.8995166530111306,-0.007374070320145587,-0.0076789419809544235,0.010046460432424895,0.011168732006010543,101,100,0.16196274221291246,0.16289239772683592,0.000276359282827267,0.36103318819019653,0.18051659409509827,37,36,1
2024-05-20,2024-05-17,0.9122446122716316,0.9114581967237583,0.01414977612464896,0.013275511545732144,0.00516865309719244,0.005670751676567497,101,100,0.465244752258532,0.46115336047117295,0.0007864155478734121,1.0155150277323415,0.5077575138661707,103,102,1
2024-05-21,2024-05-20,0.9118788481883809,0.9112426400740583,0.00046151481892930946,-0.00023649647397405715,0.005103860560547124,0.005600989611430304,101,100,0.3738703277572362,0.3744417433349136,0.000636208114322746,0.8206266354119439,0.41031331770597196,83,82,1
2024-05-22,2024-05-21,0.9023189926870957,0.9019811336754161,-0.009792833428248437,-0.010163600770360715,0.005122100107696554,0.00567872200034261,101,100,0.19851017839116106,0.1988662769499901,0.0003378590116796862,0.44039464819173163,0.22019732409586582,45,44,1
2024-05-23,2024-05-22,0.9018997822678916,0.9014750584172432,-9.019191697834383e-05,-0.0005610707799516002,0.014471785881996544,0.01605345122626604,100,100,0.24351294121233075,0.25328735083727905,0.0004247238506484054,0.55083757842847,0.275418789214235,55,55,0
2024-05-24,2024-05-23,0.8853335868209222,0.8849005237642676,-0.017905621953269835,-0.018386015784037424,0.010941994054266572,0.012365224972091277,100,100,0.2567467401780674,0.25365001140699206,0.00043306305665453146,0.5765021898895814,0.2882510949447907,58,58,0
2024-05-27,2024-05-24,0.8762650516458672,0.8757430744196075,-0.009758692515703493,-0.010348563594137494,0.010965035492071357,0.012520836090354875,100,100,0.30669276807605356,0.30723778674011804,0.000521977226259762,0.7006219792322435,0.3503109896161217,70,70,0
2024-05-28,2024-05-27,0.8832037189830839,0.8827955436462702,0.008519216173557442,0.008053125891217094,0.013088523610109091,0.014826223018807589,100,100,0.23846500412543264,0.240996667580284,0.0004081753368135725,0.5428664547039795,0.27143322735198977,54,54,0
2024-05-29,2024-05-28,0.8787969079851488,0.8783628176424214,-0.004529515004805806,-0.005021237404008616,0.013421221531775026,0.015279815199598716,100,100,0.25485110331569316,0.2556178915800865,0.00043409034272751123,0.5808725431978948,0.2904362715989474,58,58,0
2024-05-30,2024-05-29,0.8762864971809954,0.8759592005610759,-0.0023638528632154987,-0.002736474077758677,0.012698897615206404,0.01449713366452731,100,100,0.19278302937981895,0.19238800208316975,0.0003272966199193779,0.43954920303129164,0.21977460151564582,44,44,0
2024-05-31,2024-05-30,0.8867470016484024,0.8865057605617642,0.012315415010672348,0.012040012815588863,0.012499385792048621,0.014099610344469691,100,100,0.14187952026374437,0.14192124952722476,0.00024124108663819405,0.3200470588154263,0.16002352940771314,32,32,0
2024-06-03,2024-05-31,0.8933431405087708,0.8930388506137181,0.007712730420018854,0.007369484037885954,0.012698029787748021,0.014218899635801538,100,100,0.17866862810175416,0.1791715619925063,0.00030428989505280917,0.4005629795181119,0.20028148975905594,40,40,0
2024-06-04,2024-06-03,0.8826239950801568,0.8823376083325688,-0.011662264778742881,-0.011982952671986458,0.013592731383034072,0.015405363269872917,100,100,0.16769855906522976,0.16887964740810385,0.00028638674758805203,0.3813381557146163,0.19066907785730816,38,38,0
2024-06-05,2024-06-04,0.8903669872627339,0.8900157088012198,0.009100120922351795,0.008701998414372358,0.01610051609827365,0.018090148228911328,100,100,0.20478440707042878,0.20764347024718244,0.00035127846151415833,0.46321110645122104,0.23160555322561052,46,46,0
2024-06-06,2024-06-05,0.8881115283603781,0.887780264724244,-0.0021394908224783293,-0.0025116905857615057,0.014960092941579808,0.01685112131460436,100,100,0.19538453623928315,0.19457537671872344,0.000331263636134166,0.4390888987534554,0.2195444493767277,44,44,0
2024-06-07,2024-06-06,0.8728250939157688,0.8724177761408733,-0.01684557699998035,-0.01730438171898585,0.020635554065065675,0.023653293902775267,100,100,0.23566277535725755,0.2417455542556388,0.00040731777489555704,0.5469690696804923,0.27348453484024615,54,54,0
2024-06-11,2024-06-07,0.8660742593241091,0.8657329865466107,-0.007271191612835626,-0.007662372061964073,0.02269222865359843,0.02621157909682663,100,100,0.1991970796445451,0.20159502701057613,0.0003412727774983605,0.46276875491935576,0.23138437745967788,46,46,0
2024-06-12,2024-06-11,0.8908625652013565,0.8905869098714612,0.029026939073890645,0.028708532204591464,0.02519055963619971,0.028285346839238265,100,100,0.16035526173624415,0.16312924804874085,0.00027565532989536155,0.36311382071809206,0.18155691035904603,36,36,0
2024-06-13,2024-06-12,0.8921904702950672,0.8918701460829046,0.0018005659030373433,0.001440888247087102,0.026517702939516614,0.02973269489508357,100,100,0.18735999876196413,0.18900746627744344,0.0003203242121623662,0.4218465423811739,0.21092327119058696,42,42,0
2024-06-14,2024-06-13,0.888865989677776,0.8885499106463653,-0.0033683787021271394,-0.003722778984274533,0.02506878126783932,0.028213138021254566,100,100,0.18666185783233294,0.1855290151920663,0.0003160790314106727,0.4187255191970194,0.2093627595985097,42,42,0
2024-06-17,2024-06-14,0.8808373300007118,0.8805391872011521,-0.008679963334916163,-0.009015501942244208,0.023550736067924093,0.02674581257738404,100,100,0.17616746600014233,0.17494756359978694,0.00029814279955985115,0.39861506505366373,0.19930753252683187,40,40,0
2024-06-18,2024-06-17,0.893681140008804,0.8929762477654702,0.014924892609748053,0.014124369187758834,0.014519491521166342,0.016259661505554083,100,100,0.42003013580413806,0.4117037835007139,0.000704892243333267,0.9306830837860786,0.4653415418930393,94,94,0
2024-06-19,2024-06-18,0.8975509625040523,0.897170287163923,0.005122997112218419,0.004696697598561839,0.013426253512823214,0.014965111645934488,100,100,0.22438774062601305,0.2236751779577992,0.00038067534012918753,0.4992061033880172,0.2496030516940086,50,50,0
2024-06-20,2024-06-19,0.8831224411111089,0.882609750409833,-0.01565794838928647,-0.0162294014440868,0.014955317642054865,0.016944428310598742,100,100,0.3002616299777771,0.30230338480828456,0.0005126907012757801,0.6823119725368305,0.34115598626841526,68,68,0
2024-06-21,2024-06-20,0.8712685531457273,0.870894036109022,-0.012849617012320125,-0.013273946152725924,0.01842434753104011,0.02115567080164696,100,100,0.2178171382864318,0.22166068521212226,0.000374517036705194,0.5044114376810838,0.2522057188405419,50,50,0
2024-06-24,2024-06-21,0.8674915063050013,0.8671090844761301,-0.003906938919024605,-0.004346052993774441,0.0171242739607457,0.01974869629129932,100,100,0.22554779163930033,0.22463013989787722,0.00038242182887124527,0.5189421778371851,0.25947108891859255,52,52,0
2024-06-25,2024-06-24,0.8422641309955355,0.8417726267756956,-0.0286526273630322,-0.02921945825967409,0.020883271672393365,0.024808684682922175,100,100,0.28636980453848204,0.2906203064699696,0.0004915042198400556,0.6850465189897894,0.3425232594948947,68,68,0
2024-06-26,2024-06-25,0.8301939118848287,0.8298818004495301,-0.013755157298494858,-0.01412593608764856,0.02204289864946675,0.026561491814287963,100,100,0.1826426606146624,0.1841143990270343,0.00031211143529853496,0.4417727646412519,0.22088638232062596,44,44,0
2024-06-27,2024-06-26,0.8537864738286464,0.8533836742327512,0.028804913381842656,0.028319543542816072,0.01836485755598656,0.02152004791103813,100,100,0.239060212672021,0.23578497117443603,0.00040279959589509256,0.5561638634506615,0.27808193172533074,56,56,0
2024-06-28,2024-06-27,0.8327698939689202,0.8322344687166221,-0.024155348744354765,-0.024782763198679225,0.015516614843636499,0.018644523180546064,100,100,0.31645255970818975,0.3141397422481378,0.0005354252522978649,0.7572227412676639,0.37861137063383193,76,76,0
2024-07-01,2024-06-28,0.8358111105788425,0.8355005847190312,0.004297637260489706,0.00392451421466089,0.026243628378946532,0.031410664287891486,99,100,0.17552033322155697,0.1865578726166782,0.00031052585981128003,0.433205782090498,0.216602891045249,44,43,1
2024-07-02,2024-07-01,0.8351512563845239,0.8347991585823498,-0.00041810663079877575,-0.0008395280021465945,0.023308365313755852,0.02792092573899806,99,100,0.208787814096131,0.20620464883311446,0.00035209780217410476,0.49690694919840106,0.24845347459920053,51,50,1
2024-07-03,2024-07-02,0.8213907486389678,0.821123074200693,-0.01606183931252647,-0.016382484626459637,0.025190896752292635,0.030678588318583357,99,100,0.15606424224140386,0.1582144481182155,0.00026767443827487936,0.3826177624722149,0.19130888123610745,39,38,1
2024-07-04,2024-07-03,0.8144596970236562,0.8141768101437613,-0.008114955463312423,-0.008459467618411987,0.01774870810653594,0.021799574595353564,100,100,0.1710365363749678,0.16387723460910605,0.00028288687989499724,0.4112097531749888,0.2056048765874944,41,41,0
2024-07-05,2024-07-04,0.7938173264120597,0.7936403097599961,-0.02500621913820744,-0.025223637087058548,0.019010803205914764,0.023953928463719038,100,100,0.10319625243356774,0.10463536418501018,0.00017701665206365172,0.26181290040360666,0.13090645020180333,26,26,0
2024-07-08,2024-07-05,0.806137957901335,0.8058451097365325,0.015747244674502836,0.015378251112556418,0.023315149433779013,0.028932544420852538,99,100,0.16928897115928032,0.1738861655519472,0.00029284816480271023,0.4257027390257555,0.21285136951287775,44,43,1
2024-07-09,2024-07-08,0.7869835117387961,0.7865903724443625,-0.023405984313664252,-0.023893843940388515,0.01544719509082462,0.0196381695377504,100,100,0.2360950535216388,0.22862023847311796,0.00039313929443341366,0.5905019419885866,0.2952509709942933,59,59,0
2024-07-10,2024-07-09,0.8023590358695206,0.8020225517411252,0.020046855361522287,0.019619079812541518,0.0234031125628843,0.029180117830948843,99,100,0.19256616860868495,0.20085857020913994,0.00033648412839526465,0.4903350261288807,0.24516751306444035,50,49,1
2024-07-11,2024-07-10,0.8173852731334635,0.8170319579880527,0.0191549743320647,0.018714444144174447,0.028437437716612474,0.03480578383572642,99,100,0.2043463182833659,0.20973395858250488,0.00035331514541077477,0.5065913107028285,0.25329565535141424,51,50,1
2024-07-12,2024-07-11,0.8253385743312927,0.8248770356145971,0.010166819378393699,0.009601922605160906,0.026633877632234404,0.03228830053729173,99,100,0.2723617295293266,0.2710197081616441,0.0004615387166954045,0.6583739747427051,0.32918698737135255,67,66,1
2024-07-15,2024-07-12,0.8273659893428729,0.8268608239364891,0.003017363341217605,0.002404950357739022,0.0250536403221547,0.03029970654901781,99,100,0.2978517561634342,0.2967766842597384,0.0005051654063837728,0.7187006090200181,0.35935030451000904,73,72,1
2024-07-16,2024-07-15,0.8152405368119492,0.8149624614103017,-0.014053498228660088,-0.014389800776316908,0.025587945948919277,0.031397698864115836,99,100,0.16304810736238978,0.1638604883908018,0.0002780754016473158,0.40099649243594876,0.20049824621797438,41,40,1
2024-07-17,2024-07-16,0.8195921237333526,0.8193130833471277,0.0056808289243643895,0.005338432311713159,0.02565350934043693,0.03131099681166451,99,100,0.16391842474667057,0.16426302852441307,0.0002790403862248565,0.4004204576493157,0.20021022882465786,41,40,1
2024-07-18,2024-07-17,0.8142871661797387,0.8139670930850754,-0.00613430600529008,-0.0065249663049592455,0.026866902324969452,0.03300735687377639,99,100,0.18728604822133993,0.18881951430053573,0.0003200730946633932,0.46188320059910826,0.23094160029955413,47,46,1
2024-07-19,2024-07-18,0.8241264620662138,0.8238448059606623,0.012481301845548298,0.012135272985236645,0.027906253900146137,0.03387319273999116,99,100,0.16482529241324273,0.1661463000939708,0.00028165610555131365,0.4016029186557316,0.2008014593278658,41,40,1
2024-07-22,2024-07-19,0.8367149784864822,0.8364812123853275,0.015622083713706658,0.015338333546850658,0.020359280864670107,0.024339196820228816,100,100,0.142241546342702,0.13492833940838078,0.00023376610115483987,0.3312596199155537,0.16562980995777685,33,33,0
2024-07-23,2024-07-22,0.8400036384665406,0.8397478305905373,0.004211004418340103,0.0039051901666680156,0.01898234810909387,0.022604819467940608,100,100,0.1512006549239773,0.1500795300444043,0.000255807876003231,0.35866533330543704,0.17933266665271852,36,36,0
2024-07-24,2024-07-23,0.8071172688834058,0.8067599645428667,-0.03885757190248951,-0.039283061945480036,0.01913277803449273,0.023715576968837207,100,100,0.20985048990968552,0.21035822417562355,0.0003573043405389977,0.5206290712459175,0.26031453562295875,52,52,0
2024-07-25,2024-07-24,0.7885700694866149,0.7882621580187272,-0.022546848946029097,-0.02292851323456646,0.01844356721968611,0.023397758007365786,100,100,0.18137111598192152,0.18098981663500235,0.00030791146788765566,0.4595164673861294,0.2297582336930647,46,46,0
2024-07-26,2024-07-25,0.7928487892586367,0.7926455410757599,0.005818662222017323,0.005560818837289094,0.019214629596770963,0.02424113755903215,100,100,0.11892731838879549,0.11990162894875722,0.0002032481828769104,0.30122887311321084,0.15061443655660542,30,30,0
2024-07-29,2024-07-26,0.8023419982983743,0.8020560274711644,0.012233030680339763,0.011872250467255263,0.018505689512414186,0.023072813966327935,100,100,0.16849181964265866,0.1680688503855116,0.00028597082720965806,0.41947283171260635,0.20973641585630318,42,42,0
2024-07-30,2024-07-29,0.789465638303588,0.7892479405587922,-0.0156976429779766,-0.015969067588401997,0.020981711019671376,0.026584435563830805,100,100,0.12631450212857406,0.129008221380627,0.00021769774479583396,0.3234120791600774,0.1617060395800387,32,32,0
2024-07-31,2024-07-30,0.789163286956894,0.788920901420126,-0.00010725856546212054,-0.0004143680608588163,0.021558935445691124,0.02732711911534245,100,100,0.14204939165224095,0.14286900161502852,0.00024238553676787604,0.36103858095825536,0.18051929047912768,36,36,0
2024-08-01,2024-07-31,0.8332599893434803,0.832773249865746,0.05620219700547935,0.05558522833744406,0.02572238132588881,0.03088761716353833,99,100,0.28330839637678334,0.2879585817347153,0.00048673947773425735,0.6855807136036807,0.34279035680184033,70,69,1
2024-08-02,2024-08-01,0.8208815600808125,0.8204073461994921,-0.014279625080237168,-0.014849064458119288,0.025015748893475985,0.030491863596005756,99,100,0.2790997304274762,0.2788673118763839,0.0004742138813205078,0.6797168671311492,0.3398584335655746,69,68,1
2024-08-05,2024-08-02,0.8055759936856947,0.805269582848751,-0.018078034750058203,-0.018451520968048585,0.016918995704245432,0.02101034990591868,100,100,0.1852824785477098,0.17749213619542284,0.00030641083694359116,0.4503294755388076,0.2251647377694038,45,45,0
2024-08-06,2024-08-05,0.8009493040985307,0.8006495327254606,-0.005365009236952378,-0.005737271370596653,0.016815891001335563,0.021002811235139585,100,100,0.17620884690167674,0.17640551357183681,0.00029977137307002637,0.4402455419702017,0.22012277098510086,44,44,0
2024-08-07,2024-08-06,0.8039447891232585,0.8035372594861578,0.004115728871508351,0.0036067300893403154,0.014151811044143463,0.017611891517256083,100,100,0.24118343673697762,0.23892688641688617,0.0004075296371007615,0.5971931526261248,0.2985965763130624,60,60,0
2024-08-08,2024-08-07,0.799105362060371,0.79866925872489,-0.005515484656705261,-0.006058214107433901,0.014979360908713475,0.01875539936597619,100,100,0.25571371585931874,0.25697736905936974,0.00043610333548089786,0.641581334902813,0.3207906674514065,64,64,0
2024-08-09,2024-08-08,0.8092821386438845,0.809102891440945,0.01328820385041296,0.013063771520031686,0.015159977614149008,0.01873677349879488,100,100,0.10520667802370504,0.1055665419320801,0.00017924720293951114,0.260444670518712,0.130222335259356,26,26,0
2024-08-12,2024-08-09,0.7967426220980844,0.796498909123993,-0.015276511150328465,-0.015577724972043239,0.014834202575780662,0.018624259752088857,100,100,0.1434136719776552,0.14333160991337815,0.00024371297409130923,0.3598970030446457,0.17994850152232286,36,36,0
2024-08-13,2024-08-12,0.79701567090829,0.7967971164304775,0.0006487915782147358,0.0003743976332779564,0.016221298393936122,0.020358128888072438,100,100,0.12752250734532639,0.1291281576412944,0.00021855447781261983,0.32201457807490563,0.16100728903745282,32,32,0
2024-08-14,2024-08-13,0.8041426050632997,0.8038562107174978,0.009218769096114299,0.008859337140480594,0.015312572952105084,0.01904889549641912,100,100,0.1688699470632929,0.16824761596726376,0.000286394345801966,0.4192260936155966,0.2096130468077983,42,42,0
2024-08-15,2024-08-14,0.7908528444049024,0.7906516880932124,-0.016176234181221272,-0.016426473352117887,0.014646722428470937,0.01852487340385491,100,100,0.11862792666073532,0.11816323244879134,0.00020115631169011184,0.29941241380715555,0.14970620690357778,30,30,0
2024-08-16,2024-08-15,0.7967902444644984,0.7965841325603753,0.007763919895106053,0.007503233796249731,0.017104603055737494,0.02147243757010323,100,100,0.11951853666967478,0.12218252920106434,0.0002061119041229757,0.3033434050553418,0.1516717025276709,30,30,0
2024-08-19,2024-08-16,0.79501700430516,0.7947578574145187,-0.0019673104084790838,-0.0022926330957492302,0.018987636392995527,0.023891096156967245,100,100,0.1510532308179804,0.15319541104587975,0.00025914689064125576,0.38269450869138527,0.19134725434569264,38,38,0
2024-08-20,2024-08-19,0.7937296144956579,0.7935121361408242,-0.0012937813816723542,-0.0015674224068032983,0.020210066848209474,0.025469133901970725,100,100,0.12699673831930527,0.1284366471293531,0.00021747835483387177,0.3218141049341629,0.16090705246708145,32,32,0
2024-08-21,2024-08-20,0.7738362564357919,0.7736144779161253,-0.02479594048898126,-0.025075430252988196,0.01829723519824998,0.023651619405491212,100,100,0.13155216359408461,0.12986111046379176,0.00022177851966662153,0.3378147145261949,0.16890735726309744,34,34,0
2024-08-22,2024-08-21,0.7716730340219993,0.7715162936734989,-0.002509575440412637,-0.002712183267663426,0.017521448995058912,0.02271040694634232,100,100,0.09260076408263992,0.09198171822794915,0.00015674034850032795,0.2391977873692641,0.11959889368463204,24,24,0
2024-08-23,2024-08-22,0.7614432600711722,0.7612582989084341,-0.013056151483677558,-0.013295888692411717,0.020734366778869417,0.027236966491663028,100,100,0.1066020564099641,0.1099999353565128,0.00018496116273814263,0.28446241909900294,0.14223120954950147,28,28,0
2024-08-26,2024-08-23,0.7620462504461795,0.7618101124393978,0.0010350646277028641,0.000724870299285918,0.023181732540535453,0.03042980417561675,100,100,0.13716832508031232,0.13985182884876005,0.00023613800678182358,0.3635214447507308,0.1817607223753654,36,36,0
2024-08-27,2024-08-26,0.7605206032209216,0.7603152313953028,-0.0016926911279071533,-0.0019622751387590176,0.021622016662861357,0.02843822636984586,100,100,0.12168329651534746,0.1203289524632922,0.00020537182561883007,0.31821918821617795,0.15910959410808898,32,32,0
2024-08-28,2024-08-27,0.7520383187430435,0.7518469236773239,-0.010886159201453527,-0.011137890401640593,0.021089980179145443,0.02805089641917162,100,100,0.11280574781145654,0.11246510639346022,0.00019139506571968026,0.29954704247176445,0.14977352123588222,30,30,0
2024-08-29,2024-08-28,0.7515444223845485,0.7512922668333049,-0.00040234425818463926,-0.0007377257611245192,0.01777459520350374,0.023658695807456685,100,100,0.15030888447690968,0.14724565505251178,0.00025215555124390897,0.39592408734179846,0.19796204367089923,40,40,0
2024-08-30,2024-08-29,0.7700205922853376,0.7697312370747526,0.024928148842756848,0.0245430055059237,0.01872843005672358,0.024331129041739497,100,100,0.16940453030277422,0.17064772036657908,0.00028935521058490133,0.4416144893737388,0.2208072446868694,44,44,0
2024-09-02,2024-08-30,0.7897001716529141,0.789515596329714,0.025942736394654276,0.025702944485076262,0.015477202321431578,0.01960341555427368,100,100,0.11055802403140798,0.10749137161931609,0.00018457532320009256,0.2761166876718881,0.13805834383594404,28,28,0
2024-09-03,2024-09-02,0.7598085977621372,0.7593169957759276,-0.03762686729138498,-0.03824953008423537,0.015681629476083564,0.02065228299026665,100,100,0.288727267149612,0.28942329629047364,0.0004916019862092891,0.760916058521727,0.3804580292608635,76,76,0
2024-09-04,2024-09-03,0.7607134552075319,0.7603641226502954,0.0018390994003463224,0.0013790378461076003,0.015482370824492362,0.020361785049152,100,100,0.2053926329060336,0.20554270681167894,0.00034933255723646714,0.5401972804669327,0.27009864023346636,54,54,0
2024-09-05,2024-09-04,0.7684379917119692,0.7682823844449327,0.010618424543141103,0.010413776187963242,0.01427759694591282,0.018583787986012557,100,100,0.0922125590054363,0.09116339239389336,0.0001556072670365444,0.23863467628766563,0.11931733814383282,24,24,0
2024-09-06,2024-09-05,0.7741321755600653,0.7739348074427654,0.007614115894846396,0.007357220616110549,0.01404787658504111,0.0181512401948403,100,100,0.11611982633400976,0.116087474090438,0.0001973681172998876,0.29995820837242887,0.14997910418621443,30,30,0
2024-09-09,2024-09-06,0.7510818086085216,0.7508109039929931,-0.029528325402180422,-0.0298783608482196,0.016293708201520984,0.021701480512426128,100,100,0.15772717980778958,0.16024391603979787,0.00027090461552845165,0.423350815055248,0.211675407527624,42,42,0
2024-09-10,2024-09-09,0.7529388895256015,0.7527170811684997,0.0028342496376800863,0.0025388245766930773,0.01989827987074673,0.02643527079239005,100,100,0.12799961121935224,0.13182599124567984,0.00022180835710185914,0.3450819264080494,0.1725409632040247,34,34,0
2024-09-11,2024-09-10,0.7480715020637072,0.7479436456462281,-0.006171746624350272,-0.006341606483622586,0.02039247993357686,0.027264727833816445,100,100,0.07480715020637071,0.07542920668668002,0.00012785641747917046,0.2008315468221864,0.1004157734110932,20,20,0
2024-09-12,2024-09-11,0.7539009233721389,0.7537721885384532,0.007964875108690483,0.007792756748657537,0.020783451202170553,0.027572589594303264,100,100,0.07539009233721389,0.07590979843949335,0.00012873483368577103,0.20068935596995274,0.10034467798497637,20,20,0
2024-09-13,2024-09-12,0.7410719712114416,0.7408819607776951,-0.01684888023215203,-0.017100959622498135,0.021536241757239935,0.029068384570510523,100,100,0.11116079568171626,0.11210359667053223,0.00019001043374661518,0.3012722124509375,0.15063610622546875,30,30,0
2024-09-18,2024-09-13,0.7321322830175416,0.73200740003764,-0.011809813470109343,-0.011978373357531269,0.021793624039836985,0.029772409457495038,100,100,0.07321322830175417,0.07359549356425292,0.00012488297990173076,0.20052212594822785,0.10026106297411393,20,20,0
2024-09-19,2024-09-18,0.7300905424990507,0.7299408414187909,-0.002618631366965274,-0.0028231389720142497,0.022337204405041583,0.030601390054603068,100,100,0.0876108650998861,0.08830414654535051,0.0001497010802598172,0.24094958283268728,0.12047479141634364,24,24,0
2024-09-20,2024-09-19,0.7338346735782143,0.7336095506837677,0.005334448955965909,0.005026036435837433,0.022629794539365165,0.030847191831503355,100,100,0.13209024124407856,0.13260795427284874,0.00022512289444658076,0.36070549000668745,0.18035274500334372,36,36,0
2024-09-23,2024-09-20,0.7253545838218536,0.7251204115372205,-0.011252534613569232,-0.011571740224257887,0.022289035035363572,0.030738391418484397,100,100,0.13781737092615215,0.1377107837067836,0.00023417228463315333,0.37985305501371897,0.18992652750685948,38,38,0
2024-09-24,2024-09-23,0.7267529310727986,0.726628950051293,0.002251377163852375,0.0020803972555047956,0.022558711489448754,0.0310457097640499,100,100,0.07267529310727985,0.07306895058287054,0.00012398102150552555,0.20054166616845914,0.10027083308422957,20,20,0
2024-09-25,2024-09-24,0.7604639881710609,0.7600784340887095,0.04656439592364081,0.046033789370840905,0.020098110483722065,0.026442153312530896,100,100,0.2281391964513183,0.22606414952794313,0.00038555408235152797,0.597271340976493,0.2986356704882465,60,60,0
2024-09-26,2024-09-25,0.7570329117055412,0.7565822650719077,-0.004006852775424008,-0.004599747683926125,0.019840237639943123,0.02622350345214271,100,100,0.26496151909693944,0.26515429288679404,0.0004506466336336377,0.7002546438693402,0.3501273219346701,70,70,0
2024-09-27,2024-09-26,0.8033245326831114,0.802708334257284,0.06178081322955831,0.060966363229506104,0.008313713095049512,0.010357078331249518,100,100,0.3695292850342314,0.3586189589151649,0.00061619842582722,0.9064185323923499,0.45320926619617496,92,92,0
2024-09-30,2024-09-27,0.8725930097648988,0.8721107544210203,0.08706110616414175,0.08646032089345579,0.001222971751510482,0.0014023124302857525,100,100,0.2879556932224166,0.2813472072227562,0.0004822553438784815,0.6524266113460605,0.32621330567303025,66,66,0
2024-10-08,2024-09-30,1.0546549348474024,1.0535350924851352,0.2093130711907918,0.2080290113892238,0.3824723479926887,0.36303712208626326,65,100,0.41131542459048703,0.7936846431939322,0.001119842362267617,1.1425538609543133,0.5712769304771567,148,113,35
2024-10-09,2024-10-08,1.007054007047774,1.006508311775799,-0.04411916201834254,-0.044637127936960286,0.02201735761650836,0.021874988372090818,100,100,0.5538797038762755,0.1939704087720705,0.0005456952719750433,0.7426117243112945,0.37130586215564726,75,75,0
2024-10-10,2024-10-09,0.9474333237350075,0.9468715425501474,-0.058692995725553865,-0.059251144305438874,0.019690446647874622,0.02079526711178121,100,100,0.33160166330725266,0.3298365335234791,0.0005617811848601782,0.6981369350860333,0.3490684675430166,70,70,0
2024-10-11,2024-10-10,0.9405592668976408,0.9399424850992326,-0.006666454074125139,-0.007317843170419058,0.012883668899483433,0.013706869413529344,100,100,0.3668181140900798,0.360628118140097,0.0006167817984081546,0.7734188134997593,0.38670940674987964,78,78,0
2024-10-14,2024-10-11,0.9068144142647564,0.9059697656568156,-0.035244785037010895,-0.03614340236874214,0.009109139022196764,0.010054572864904342,100,100,0.49874792784561595,0.4958180465762702,0.0008446486079412643,1.0967690398131558,0.5483845199065779,110,110,0
2024-10-15,2024-10-14,0.9184084759842012,0.9178464483861203,0.013729719024748732,0.01310935881032882,0.008512212132076844,0.009274113493650434,100,100,0.33062705135431236,0.3305921520622733,0.0005620275980810888,0.7199620002504857,0.35998100012524287,72,72,0
2024-10-16,2024-10-15,0.8905939202832672,0.8897305081500786,-0.029691816262700677,-0.030632509702988808,0.00803664039304967,0.009032668116280958,100,100,0.5076385345614622,0.5080263749556237,0.0008634121331880613,1.1404354851131682,0.5702177425565841,114,114,0
2024-10-17,2024-10-16,0.9080413235171936,0.9072988911090858,0.02058018152618679,0.019745735138986253,0.00863119718316516,0.009513069251759307,100,100,0.4358598352882529,0.43719682448647634,0.0007424324081080782,0.9614723880550333,0.48073619402751666,96,96,0
2024-10-18,2024-10-17,0.8931541180680749,0.8927439166678379,-0.015589981625261595,-0.016042094379125516,0.008442504913509572,0.009456804752051604,100,100,0.2411516118783802,0.24137312100896166,0.0004102014002368856,0.5402480077358436,0.2701240038679218,54,54,0
2024-10-21,2024-10-18,0.9213163100960672,0.9206074490936285,0.03200513931797544,0.03121111430228618,0.0,0.0,101,100,0.42198118278875807,0.4142475388776871,0.0007088610024387108,0.9076456288712074,0.4538228144356037,92,91,1
2024-10-22,2024-10-21,0.9245342229422017,0.9239030994682664,0.004265416114587417,0.0035798649879301703,0.0015872422849632951,0.0017179748459300549,101,100,0.3698136891768806,0.3720320549357792,0.0006311234739354848,0.802399441474258,0.401199720737129,81,80,1
2024-10-23,2024-10-22,0.9387796337840459,0.9384443442015918,0.016101833974083934,0.015738928402442065,0.0013840010598983009,0.001474782248355686,101,100,0.19714372309464961,0.19727577145203867,0.0003352895824540319,0.42014065958893543,0.21007032979446771,43,42,1
2024-10-24,2024-10-23,0.9422205955591806,0.9418516664368816,0.004023948123211829,0.003630819724518286,0.0014885896060986246,0.0015804926180468597,101,100,0.21671073697861162,0.2171842546471109,0.00036892912229898847,0.4605025549969203,0.23025127749846014,47,46,1
2024-10-25,2024-10-24,0.9421023265445247,0.9417009709431035,0.0002661354399802196,-0.00015999917943365638,0.001961881859079976,0.002083338469020768,101,100,0.2355255816361312,0.23640022949053388,0.0004013556014212658,0.5009284000577844,0.2504642000288922,51,50,1
2024-10-28,2024-10-25,0.9612604020831853,0.9606810252903519,0.020770320668240583,0.020155075690577506,0.008134190151594011,0.008467108163331913,100,100,0.3364411407291149,0.3431928258144623,0.0005793767928333774,0.7070237836393922,0.3535118918196961,71,71,0
2024-10-29,2024-10-28,0.9792052131175643,0.9787523207834975,0.01928235006162815,0.018810921645593837,0.010805971677259317,0.011040557910104436,100,100,0.26438540754174233,0.26751008140147436,0.0004528923340666679,0.5431910306622897,0.27159551533114484,54,54,0
2024-10-30,2024-10-29,0.9512101830291793,0.9507348170968954,-0.028140048477505064,-0.028625734102141198,0.0014658229620543028,0.0015417789857851724,101,100,0.28536305490875374,0.27649827212583256,0.0004753659322836678,0.5906805215702265,0.2953402607851133,60,59,1
2024-10-31,2024-10-30,0.9505314039271291,0.9501818378899539,-0.0002139536347133264,-0.0005816334870643036,0.01041291690057218,0.010958867540234084,100,100,0.19961159482469712,0.20890825480039013,0.00034956603717524785,0.4297804869331868,0.2148902434665934,43,43,0
2024-11-01,2024-10-31,0.956939682826821,0.9564964104365415,0.0071121596597489845,0.0066456464381705604,0.01363971347557079,0.014260078058573867,100,100,0.25837371436324164,0.26204378332851963,0.0004432723902793167,0.5438352145188885,0.27191760725944425,54,54,0
2024-11-04,2024-11-01,0.9538962332961862,0.953087198542041,-0.0027184389946310894,-0.003564270453398244,0.011215184033394112,0.011767217155523892,100,100,0.47694811664809317,0.47533262196006165,0.0008090347541449244,0.998306425131328,0.499153212565664,100,100,0
2024-11-05,2024-11-04,0.9741915287521402,0.9731327367173791,0.022143126297764715,0.02103221846437786,0.009130620616177993,0.009382708310664655,100,100,0.6234825784013697,0.6224568070189147,0.0010587920347616296,1.2789470536827918,0.6394735268413959,128,128,0
2024-11-06,2024-11-05,1.0013819922229887,1.000697670568244,0.029029190407160232,0.028325975286627836,0.011520753536721289,0.011512721449805368,99,100,0.40055279688919554,0.40362725146448347,0.0006843216547444504,0.8030702115667797,0.40153510578338986,82,81,1
2024-11-07,2024-11-06,0.9993151578271869,0.998306673846293,-0.0013815488750683613,-0.002389329756901759,0.016122158277430278,0.016149504656033754,99,100,0.5895959431180402,0.5952058318396432,0.0010084839808944296,1.1856137332428744,0.5928068666214372,119,118,1
2024-11-08,2024-11-07,1.0443156190481306,1.043892715392728,0.04608698549972989,0.04566336451583597,0.02895038949031406,0.027733108070806388,98,100,0.24019259238107005,0.2534437272493566,0.0004229036554029348,0.4726888218720358,0.2363444109360179,49,47,2
2024-11-11,2024-11-08,1.0260431667229049,1.0255291765798762,-0.017099025988612127,-0.01759140431010975,0.0199892429836463,0.019491637527378904,99,100,0.30781295001687153,0.29936579365323235,0.000513990143028679,0.5917672505040714,0.2958836252520357,60,59,1
2024-11-12,2024-11-11,1.0437983650487628,1.0432798201529419,0.017814401468141616,0.01730876505363188,0.02306369977106898,0.022106916404927592,99,100,0.3027015258641413,0.3062945275473847,0.0005185448958206079,0.5834422373166638,0.2917211186583319,59,58,1
2024-11-13,2024-11-12,1.0350984347610461,1.0343768657121613,-0.007841985662769169,-0.008533620864511149,0.02243798513735487,0.021692272788705957,99,100,0.4243903582520289,0.4244862126671997,0.0007215690488851366,0.8200926041543024,0.4100463020771512,83,82,1
2024-11-14,2024-11-13,1.0389375950472277,1.0384175317400244,0.004409156359008959,0.003906377029305519,0.013013497947720097,0.0125320476108623,100,100,0.3116812785141684,0.302776854631737,0.0005200633072034114,0.5914292986172798,0.2957146493086399,59,59,0
2024-11-15,2024-11-14,1.0124215437607327,1.0118207591118322,-0.025034234481510986,-0.025612792364575476,0.010952559083614144,0.010824604046697172,100,100,0.3543475403162564,0.35288738610105097,0.0006007846489009087,0.6985577606243131,0.34927888031215654,70,70,0
2024-11-18,2024-11-15,1.0125204120046447,1.0118624490909218,0.0006914790851164643,4.120292918896595e-05,0.013817075776908183,0.013655092932168529,100,100,0.38475775656176514,0.38828023616878193,0.0006579629137227196,0.7634789220693764,0.3817394610346882,76,76,0
2024-11-19,2024-11-18,1.0061478208077486,1.0052086939112659,-0.005647633518080841,-0.006575750672073832,0.01140402526907734,0.011344932985710949,100,100,0.5533813014442616,0.5519073778329135,0.0009391268964827596,1.098535082439313,0.5492675412196565,110,110,0
2024-11-20,2024-11-19,1.028897649013332,1.0278912708211567,0.02356620594862968,0.022565042510359623,0.018921620059272386,0.01840819218569331,99,100,0.5864716599375992,0.5949956329199695,0.001006378192174526,1.1482845684316068,0.5741422842158034,116,115,1
2024-11-21,2024-11-20,1.0548961113170574,1.0540574760471926,0.02627207883021243,0.025456199472471797,0.014240509264162364,0.013510182876901092,100,100,0.4958011723190168,0.49195869679377197,0.0008386352698645618,0.9363574844157424,0.4681787422078712,93,93,0
2024-11-22,2024-11-21,1.0539559241130916,1.0534383638849696,-9.634382982781631e-05,-0.0005873609136995972,0.011868364976484427,0.011266311711598531,100,100,0.3056472179927966,0.3037926339332407,0.0005175602281222422,0.5782403589968751,0.28912017949843755,58,58,0
2024-11-25,2024-11-22,1.0175575248536433,1.0168825803424317,-0.0340606914096061,-0.03470139762873636,0.011469667950128888,0.011279245187056421,100,100,0.39684743469292066,0.3971236821777769,0.0006749445112113085,0.7802714809513059,0.39013574047565297,78,78,0
2024-11-26,2024-11-25,1.0262453745463658,1.0254689209918317,0.00920735037154552,0.008443787724742524,0.018713227461795663,0.018248458903753283,99,100,0.4515479648004008,0.45956797786660164,0.0007764535545335023,0.8878149078817975,0.44390745394089876,90,89,1
2024-11-27,2024-11-26,1.0191205791979967,1.0183516823674554,-0.006190672056345603,-0.006940472284125865,0.00818941013613776,0.008041829043871258,100,100,0.45860426063909854,0.44884934014398203,0.0007688968305418379,0.8904280997810945,0.44521404989054725,89,89,0
2024-11-28,2024-11-27,1.0344878483750646,1.033787771089227,0.01584537668764474,0.015157915471682326,0.020409189545668123,0.019742146421566242,99,100,0.4034502608662752,0.41637011756164316,0.0007000772858375735,0.7924891333577886,0.3962445666788943,80,79,1
2024-11-29,2024-11-28,1.0337931296654226,1.0330532560624677,5.183439333977802e-06,-0.000710508527282494,0.02125595991867013,0.020575860725407562,99,100,0.43419311445947745,0.4357797584354345,0.0007398736029546652,0.8415347789905224,0.4207673894952612,85,84,1
2024-12-02,2024-11-29,1.0520041570824323,1.0511816233689422,0.018344553786313833,0.0175483376099812,0.02031202861608649,0.019323043862761104,99,100,0.4839219122579188,0.4838005146688254,0.0008225337134904569,0.9198846035081931,0.45994230175409656,93,92,1
2024-12-03,2024-12-02,1.0716175540683408,1.0713061797529595,0.019440913201948185,0.019144699580572855,0.02152505635118088,0.02009234778814074,99,100,0.18217498419161793,0.1836993862420936,0.0003113743153812738,0.3414225243368666,0.1707112621684333,35,34,1
2024-12-04,2024-12-03,1.0684942556359054,1.0681121830728832,-0.0026247623417074983,-0.002981404140516397,0.02170672357012468,0.020322512854104868,99,100,0.22438379368354008,0.22494753346550622,0.0003820725630221809,0.42052760207085116,0.21026380103542558,43,42,1
2024-12-05,2024-12-04,1.0535246454896594,1.0528015498324366,-0.013657308487256992,-0.01433429323537816,0.010791790927981824,0.010250546201892884,100,100,0.43194510465076036,0.4217532676658403,0.0007230956572228805,0.8103259624456313,0.40516298122281563,81,81,0
2024-12-06,2024-12-05,1.068361491737264,1.067576888632354,0.014779558319707897,0.014034305707727235,0.013307964596020815,0.01246557951724612,100,100,0.45939544144702343,0.4626962182199723,0.0007846031049101857,0.8630895692127403,0.43154478460637014,86,86,0
2024-12-09,2024-12-06,1.0862099591202046,1.0856905695498564,0.0174536098394944,0.016967097274564802,0.014928238486668808,0.01374999369558702,100,100,0.3041387885536573,0.30627845201465353,0.000519389570348314,0.5619698433466117,0.28098492167330585,56,56,0
2024-12-10,2024-12-09,1.1091517205136239,1.1085674909773657,0.021609426867818193,0.02107130896144227,0.014077263083980584,0.012698607165152751,100,100,0.3438370333592234,0.3435702874927929,0.0005842295362576062,0.6197595046182618,0.3098797523091309,62,62,0
2024-12-11,2024-12-10,1.0873945275677412,1.0867635829712616,-0.019099390503466207,-0.01966854357859682,0.015655918074302326,0.014406001746486872,100,100,0.36971413937303205,0.3719237389598335,0.0006309445964796357,0.6820320127890875,0.34101600639454377,68,68,0
2024-12-12,2024-12-11,1.1028500932206355,1.1023997375784829,0.014802216877191077,0.014387816128758502,0.015562657085378427,0.014117072559871213,100,100,0.2646840223729525,0.26504111702618127,0.0004503556421525713,0.4803237925584119,0.24016189627920595,48,48,0
2024-12-13,2024-12-12,1.1086341418982364,1.1082747242069078,0.005655302797375361,0.005329270706585731,0.016411297117364804,0.014807968420563672,100,100,0.21064048696066495,0.21184854468398007,0.00035941769132877684,0.3810896811469713,0.19054484057348564,38,38,0
2024-12-16,2024-12-13,1.086750872686131,1.0862299439091039,-0.019421043402554683,-0.019891079184882865,0.019195242548156438,0.017671435643798365,100,100,0.3042902443521167,0.30759511855993543,0.0005209287770271987,0.5630410596309439,0.28152052981547193,56,56,0
2024-12-17,2024-12-16,1.0804903994503792,1.0798359037453877,-0.005283912942106284,-0.005886451758736588,0.012391274595733595,0.01147514594833782,100,100,0.3889765438021365,0.3828270715547048,0.000654495704991457,0.7143086285166811,0.35715431425834054,72,72,0
2024-12-18,2024-12-17,1.0661016397164844,1.0652678168247998,-0.012718843651397749,-0.013491019209547428,0.011676914819431108,0.01096148276987848,100,100,0.49040675426958275,0.4905262173849652,0.0008338228916852101,0.9201120560281795,0.46005602801408974,92,92,0
2024-12-19,2024-12-18,1.0574015409640214,1.0567905795795682,-0.007384317573983501,-0.007957846009559622,0.010868947776651317,0.010284864368279476,100,100,0.35951652392776723,0.3593195182694406,0.0006109613844530442,0.6798136888866767,0.33990684444333835,68,68,0
2024-12-20,2024-12-19,1.064051489586858,1.0635053333233246,0.006870717952632166,0.0063539114309931755,0.01349552228053791,0.012689661121271529,100,100,0.3192154468760575,0.3223881776434776,0.0005461562635334601,0.6029817455249766,0.3014908727624883,60,60,0
2024-12-23,2024-12-20,1.068523086597986,1.0678848339367517,0.004718127044066156,0.004117986507638616,0.015113110263332986,0.014152378405467738,100,100,0.373983080309295,0.3762389209533245,0.0006382526612342345,0.7021111763258308,0.3510555881629154,70,70,0
2024-12-24,2024-12-23,1.0473995979167536,1.0464769481499838,-0.019183001171090064,-0.020046998614867362,0.011234571597962833,0.01073561306613002,100,100,0.5446477909167119,0.5416919020181115,0.0009226497667699506,1.0371778785246055,0.5185889392623028,104,104,0
2024-12-25,2024-12-24,1.0589643419200143,1.0579976393428183,0.011932793925471863,0.011009025295016128,0.005334515669259011,0.005042086551887373,100,100,0.5718407446368075,0.5669073912852999,0.000966702577195913,1.0753413413877908,0.5376706706938954,108,108,0
2024-12-26,2024-12-25,1.0474223152955202,1.0467599495655056,-0.00999560268760813,-0.010621658649723531,0.007887689660725797,0.007535337652152109,100,100,0.3875462566593425,0.3907617963808239,0.000662365730014511,0.743069955331794,0.371534977665897,74,74,0
2024-12-27,2024-12-26,1.0517833678962207,1.0512647306417129,0.00479901655847681,0.004303547416078635,0.007467283437815386,0.0071031427386108615,100,100,0.3050171766899039,0.30511540772150136,0.0005186372545075938,0.5800933947375435,0.29004669736877176,58,58,0
2024-12-30,2024-12-27,1.0552546448142854,1.054786269865383,0.0037953467440470234,0.003349812013117237,0.008773813847638643,0.008318096374878297,100,100,0.2743662076517142,0.27614111301044,0.00046837494890251193,0.5216819687716591,0.26084098438582953,52,52,0
2024-12-31,2024-12-30,1.0529612735260692,1.0523886352176226,-0.001730204868467533,-0.0022730999788860284,0.008044244310222094,0.007643796256464354,100,100,0.33694760752834213,0.3367906762993721,0.0005726383084463146,0.639850962012644,0.319925481006322,64,64,0
2025-01-02,2024-12-31,1.0223209674304168,1.0215887179849614,-0.02857087845783146,-0.029266676018685933,0.009414062783089245,0.009215120152910525,100,100,0.42937480632077507,0.4314768742390975,0.0007322494454554715,0.8420561721663656,0.4210280860831828,84,84,0
2025-01-03,2025-01-02,0.9995052066567915,0.9987238830545487,-0.02161683164603523,-0.022381643931534967,0.008369585214818733,0.00838027943140877,100,100,0.45977239506212414,0.4595092410960966,0.0007813236022429805,0.9197367157626846,0.4598683578813423,92,92,0
2025-01-06,2025-01-03,0.974700117867945,0.9739100033880491,-0.0240544614925281,-0.02484558553922589,0.0028150922947807293,0.002890505575451073,101,100,0.4678560565766136,0.46309167813647134,0.0007901144798960891,0.9551119545870542,0.4775559772935271,96,95,1
2025-01-07,2025-01-06,0.9725987380848978,0.9721460092507561,-0.00134639268370762,-0.00181124963411039,0.02312617428627939,0.023788786937574316,99,100,0.25287567190207344,0.27363948272771377,0.00045272883414172933,0.541348794741936,0.270674397370968,55,54,1
2025-01-08,2025-01-07,0.9893228164339873,0.9886730187705379,0.017668958180952155,0.017000542472544122,0.016909682216976085,0.017103412246451392,100,100,0.3858358984092549,0.38026920400340114,0.0006497976634492949,0.7743732275114009,0.38718661375570046,77,77,0
2025-01-09,2025-01-08,0.982681448685826,0.982226311899761,-0.00606021401510759,-0.006520565190292871,0.020169091902042337,0.02053405784155032,100,100,0.265323991145173,0.2690385376163042,0.0004551367860650379,0.5437800107818244,0.2718900053909122,54,54,0
2025-01-10,2025-01-09,0.9894810606732674,0.9891558731315441,0.007386025690428344,0.007054953779827455,0.00962934171886527,0.009734908299518029,101,100,0.19789621213465344,0.18768164949319974,0.000325187541723312,0.38967684875696,0.19483842437848,40,39,1
2025-01-13,2025-01-10,0.9662767232426859,0.9659632596685658,-0.02312997426424379,-0.023446874343022728,0.010548780428974768,0.010920477899536457,101,100,0.18359257741611035,0.18482547970033988,0.00031346357412004,0.3812759308535263,0.19063796542676315,39,38,1
2025-01-14,2025-01-13,0.9891457270162775,0.9888668880741459,0.02399932618106604,0.02371066205296324,0.01917112728972189,0.01938696453580153,100,100,0.1582633163226044,0.16716450212548303,0.0002788389421315941,0.3289988619065552,0.1644994309532776,33,33,0
2025-01-15,2025-01-14,1.0240065938691814,1.0232568236883928,0.03553532454046593,0.03477711310692433,0.019531684990506372,0.01908776422335812,99,100,0.44032283536374794,0.44143316324532084,0.0007497701807880995,0.8610842975897035,0.43054214879485175,88,87,1
2025-01-16,2025-01-15,1.0176143678349676,1.0167590270161506,-0.0055142127790426265,-0.006350113208940522,0.009920531586759223,0.00975701353335675,100,100,0.5088071839174837,0.5000513713325535,0.0008553408188162984,0.9913957459115293,0.4956978729557647,99,99,0
2025-01-17,2025-01-16,1.0107735989165154,1.0103244224395955,-0.005886771536418478,-0.006328544331136721,0.01166639710877855,0.011547179153215067,100,100,0.262801135718294,0.2649961777172332,0.00044917647691993315,0.5221716455606795,0.26108582278033976,52,52,0
2025-01-20,2025-01-17,1.0324311001307827,1.0320442529336151,0.021880771364317653,0.02149787732694164,0.01193224601967121,0.011561758118175128,100,100,0.22713484202877213,0.22778753813683245,0.0003868471971677794,0.4406321933812121,0.22031609669060606,44,44,0
2025-01-21,2025-01-20,1.0363368963703583,1.035843911042432,0.0041593598574298785,0.0036816813794720016,0.011156501831963485,0.010770446891690494,100,100,0.2901743309837004,0.2898915721239192,0.0004929853279265316,0.5597271554638541,0.27986357773192705,56,56,0
2025-01-22,2025-01-21,1.0292976105905596,1.0288554316498502,-0.00631977499900005,-0.006746652963909305,0.015012010353745572,0.014590981290415738,100,100,0.2573244026476399,0.26162209011013166,0.000442178940709729,0.5041753594084669,0.25208767970423346,50,50,0
2025-01-23,2025-01-22,1.0338293402203347,1.0330232350950008,0.004834409594852929,0.004050912613123181,0.012070070029394135,0.011684219308275408,100,100,0.4755614965013538,0.4734256613023363,0.0008061051253333845,0.9179340543782956,0.4589670271891478,92,92,0
2025-01-24,2025-01-23,1.0214896998826417,1.0206946024375496,-0.011164836201674078,-0.011934516319293986,0.007904517842120328,0.00774425359284092,100,100,0.4698852619460153,0.4665148072038335,0.0007950974450918239,0.9167004515634678,0.4583502257817339,92,92,0
2025-01-27,2025-01-24,1.0367979382216583,1.0362681436475876,0.015776840345439247,0.015257787366413256,0.008308928338548073,0.008018125800240522,100,100,0.3110393814664974,0.3119735865369959,0.000529794574070594,0.6009010483490165,0.30045052417450824,60,60,0
2025-02-05,2025-01-27,1.0382031887406609,1.0374792091279808,0.001867320832870556,0.0011686796393550747,0.007904939750906668,0.007619371724615963,100,100,0.4256633073836709,0.42598329840870963,0.0007239796126797814,0.8203082161839889,0.41015410809199443,82,82,0
2025-02-06,2025-02-05,1.037745937074061,1.0369889989464085,0.0002570923289193505,-0.0004725012099127124,0.005644226760488313,0.005442899361731808,100,100,0.4462307529418461,0.44472697807908035,0.0007569381276520946,0.8585509219462657,0.42927546097313285,86,86,0
2025-02-07,2025-02-06,1.0564807470776334,1.0556732329536493,0.018796484968527816,0.018017774562916422,0.004206123972565919,0.00398430484099486,100,100,0.4754163361849349,0.47478574752099656,0.0008075141239840588,0.8994031233738212,0.4497015616869106,90,90,0
2025-02-10,2025-02-07,1.074566887212085,1.0740619868644927,0.017897256147693996,0.017418982822358542,0.014314083953781899,0.013327055727546023,99,100,0.29013305954726304,0.30074591987607124,0.0005049003475920357,0.5498764073740844,0.2749382036870422,56,55,1
2025-02-11,2025-02-10,1.0814238768970106,1.0807525464381211,0.006854250613606894,0.006229211773111976,0.005565335604971421,0.0051495003396599135,100,100,0.40012683445189384,0.39204941656197295,0.0006713304588893073,0.7325307568452271,0.36626537842261353,73,73,0
2025-02-12,2025-02-11,1.0743912321433835,1.0734617938631772,-0.005886004447274162,-0.006745996203268101,0.0027641536324733325,0.0025749902309291223,100,100,0.5479395283931254,0.546067784700834,0.0009294382802067904,1.0182578565086038,0.5091289282543019,102,102,0
2025-02-13,2025-02-12,1.0748295901498732,1.0743372295013203,0.0012741918664600504,0.0008155256602031535,0.0013753081421690634,0.0012801456604156277,100,100,0.29020398934046576,0.2893075044987144,0.0004923606485528652,0.5391659283946337,0.26958296419731687,54,54,0
2025-02-14,2025-02-13,1.0694766411561967,1.068457697969068,-0.004524266879757821,-0.005472705748995832,0.001084932907772524,0.0010154196182354924,100,100,0.5989069190474701,0.5996354870002022,0.001018943187128706,1.1206812378360542,0.5603406189180271,112,112,0
2025-02-17,2025-02-14,1.0737988981001152,1.0732104347029097,0.004998981373993239,0.004448221715165346,0.004420830091649883,0.004119257462189766,100,100,0.34361564739203687,0.34754000797311996,0.0005884633972056535,0.6436546513393024,0.3218273256696512,64,64,0
2025-02-18,2025-02-17,1.0737807788056062,1.073230512959678,0.0005314373437437236,1.8708592573357663e-05,0.0062684267342249245,0.005840708644164717,100,100,0.3221342336416818,0.32453209613018497,0.0005502658459282127,0.6022331024505488,0.3011165512252744,60,60,0
2025-02-19,2025-02-18,1.0576399661105533,1.0569737572059272,-0.014526745802381447,-0.015147496793507131,0.006468914140667805,0.006120222093089757,100,100,0.39132678746090466,0.3921934837719735,0.0006662089046257146,0.7408194625192314,0.3704097312596157,74,74,0
2025-02-20,2025-02-19,1.0649262127047356,1.0642026091186931,0.007523796541392347,0.006839197154596466,0.00524873001215337,0.004932077752092756,100,100,0.4259704850818943,0.42547390453942235,0.0007236035860425006,0.7995336948827556,0.3997668474413778,80,80,0
2025-02-21,2025-02-20,1.0695008843065326,1.0687739994384684,0.004978633901515428,0.004295601495998058,0.004180269449642036,0.00391127539764098,100,100,0.427800353722613,0.4274587780281659,0.0007268848680645506,0.7996806214006372,0.3998403107003186,80,80,0
2025-02-24,2025-02-21,1.0663576389781038,1.0656326032706924,-0.0022608712989221624,-0.002939252049008023,0.003375700020542143,0.003167789733704916,100,100,0.4265430555912415,0.42646352186955316,0.0007250357074112543,0.7999254155277918,0.3999627077638959,80,80,0
2025-02-25,2025-02-24,1.0681506920733306,1.0675113787084833,0.0023629990250950694,0.0017630611451118217,0.006157934895220634,0.005768495791277413,100,100,0.3738527422256658,0.37727429046519134,0.000639313364847109,0.7032032448838135,0.35160162244190674,70,70,0
2025-02-26,2025-02-25,1.062894415636055,1.062226327656095,-0.004324977854581968,-0.004950814724600239,0.0050602037563690794,0.004763771735478359,100,100,0.3932709337853404,0.39284129062644885,0.0006680879799602976,0.7395957800205073,0.36979789001025365,74,74,0
2025-02-27,2025-02-26,1.0771270650517673,1.0765397108776946,0.014027836636804292,0.013474890283677432,0.005742895658676028,0.0053345878471997,100,100,0.3446806608165655,0.34595070689294505,0.0005873541740721795,0.6411791051562877,0.32058955257814387,64,64,0
2025-02-28,2025-02-27,1.0739132033932317,1.0732724045455238,-0.002439768322453739,-0.003035007718857896,0.006757089255434428,0.00629578215820774,100,100,0.3758696211876312,0.3775246136320974,0.0006407988477078867,0.7015410858524107,0.35077054292620535,70,70,0
2025-03-03,2025-02-28,1.0591791778995239,1.0582651516493258,-0.013131080782765148,-0.013982706377839604,0.0019502475136650294,0.0018428722807564179,100,100,0.5401813807287573,0.5362885652371859,0.00091402625019816,1.0163246865376536,0.5081623432688268,102,102,0
2025-03-04,2025-03-03,1.061180688900472,1.0605823245848254,0.0027550158356837162,0.0021895958039326313,0.004117291537353119,0.0038821046154666685,100,100,0.35018962733715575,0.3529550356764905,0.0005983643156464323,0.6626059731092544,0.3313029865546272,66,66,0
2025-03-05,2025-03-04,1.0731941714813065,1.0726434676031251,0.011891436057467786,0.011372189351751771,0.006634633773487138,0.00618531131160716,100,100,0.32195825144439194,0.32502629755870727,0.0005507038781812133,0.6028587987112161,0.30142939935560803,60,60,0
2025-03-06,2025-03-05,1.0697809667923195,1.0691972340950944,-0.00266864144262402,-0.003212841556506696,0.007661674976122107,0.007165820048727022,100,100,0.34232990937354224,0.3439406832734022,0.000583732697224867,0.6415057043917035,0.32075285219585176,64,64,0
2025-03-07,2025-03-06,1.0775999889619174,1.0766317381025177,0.007858938088195266,0.006953351327845025,0.004269123520503983,0.00396525884331442,100,100,0.5711279941498164,0.568703693553598,0.0009682508593988463,1.0577502778201087,0.5288751389100543,106,106,0
2025-03-10,2025-03-07,1.0842056346840159,1.0835384236350833,0.007034807087190842,0.006415086317943963,0.006944822022199499,0.006409391555216682,100,100,0.3903140284862457,0.3936569380368737,0.0006672110489323095,0.7230832800012169,0.36154164000060846,72,72,0
2025-03-11,2025-03-10,1.0852264580043873,1.0846534410046866,0.001557890640962123,0.001029051988634233,0.00737421986994978,0.006798687572612345,100,100,0.33642020198135986,0.33742261682881103,0.0005730169997005081,0.6209236918617834,0.3104618459308917,62,62,0
2025-03-12,2025-03-11,1.1052438498009227,1.1043589142915364,0.018983398768517068,0.018167529407915772,0.00816716926480404,0.007395393978454375,100,100,0.5194646094064337,0.5211424943106742,0.0008849355093856003,0.9415181128621912,0.4707590564310956,94,94,0
2025-03-13,2025-03-12,1.1031358501668038,1.1027782919481983,-0.0011074878908522434,-0.001431257830115995,0.008941737411336241,0.00810837271337607,100,100,0.2095958115316927,0.2107279378968304,0.00035755821860552887,0.3810262800950277,0.19051314004751385,38,38,0
2025-03-14,2025-03-13,1.1054855143909539,1.104622478693001,0.0024549108941680498,0.0016723096185948805,0.006756906894894176,0.006116937709695178,100,100,0.5085233366198387,0.5072015418013497,0.0008630356979533868,0.9188043309466452,0.4594021654733226,92,92,0
2025-03-17,2025-03-14,1.1283976142016499,1.1277240953985441,0.021523313138421596,0.020913585547233327,0.008012681415010546,0.007105178871059608,100,100,0.3949391649705774,0.39686845829379946,0.0006735188031055266,0.7017097637383671,0.35085488186918357,70,70,0
2025-03-18,2025-03-17,1.1343994263901196,1.1338563686030132,0.005919294461129931,0.005437742466877005,0.010272951032338417,0.009060187266042682,100,100,0.3176318393892335,0.3204351667936679,0.0005430577871065749,0.5624711995962086,0.2812355997981043,56,56,0
2025-03-19,2025-03-18,1.1309041352639462,1.1303463172926063,-0.002603710153080807,-0.003095675437914225,0.009971708201802161,0.008821816862009417,100,100,0.32796219922654424,0.32821877436734803,0.000557817971340009,0.5802268761186762,0.2901134380593381,58,58,0
2025-03-20,2025-03-19,1.1295808895792157,1.128965991929069,-0.0006771621242805947,-0.0012211526170521347,0.009725579838238185,0.008614590614567623,100,100,0.361465884665349,0.3618346539519313,0.0006148976501463342,0.6403264655855853,0.32016323279279263,64,64,0
2025-03-21,2025-03-20,1.1302278294404111,1.1297089511622156,0.0011176931106542387,0.0006580882315834202,0.009300978362151198,0.008233074857539715,100,100,0.305161513948911,0.30525579075101944,0.000518878278195468,0.5400834139804849,0.27004170699024244,54,54,0
2025-03-24,2025-03-21,1.1159473109566842,1.1149633910872034,-0.012181580212650145,-0.01305253008736662,0.00597382812509735,0.005357869301226344,100,100,0.580292601697476,0.5779493713299028,0.0009839198694813786,1.0379002320767599,0.5189501160383799,104,104,0
2025-03-25,2025-03-24,1.106440227658672,1.1057612302954432,-0.0076443437485606,-0.008253329988518465,0.006982052490468902,0.0063142496763097765,100,100,0.39831848195712194,0.4000057036857223,0.0006789973632285668,0.7215249099647892,0.3607624549823946,72,72,0
2025-03-26,2025-03-25,1.1043512339148778,1.103672703982244,-0.0012751363874357047,-0.0018887678967014487,0.008728047537399712,0.007908184651035937,100,100,0.39756644420935605,0.39999096918892024,0.000678529932633425,0.7221954292303994,0.3610977146151997,72,72,0
2025-03-27,2025-03-26,1.108873691785264,1.1083260869421947,0.004712436743478321,0.004216270768643948,0.009025999984657983,0.008143812629692925,100,100,0.3215733706177264,0.32241892790805426,0.0005476048430694952,0.580762537064944,0.290381268532472,58,58,0
2025-03-28,2025-03-27,1.1105324360517494,1.1097186380012227,0.001990703941330052,0.001256445260500838,0.010029328999873896,0.009037722406769963,100,100,0.47752894750225217,0.4793460745679946,0.0008137980505261477,0.861636266539141,0.4308181332695705,86,86,0
2025-03-31,2025-03-28,1.0923856434577834,1.0915851155335472,-0.015619269560668725,-0.016340648743484065,0.011041545501476966,0.010115148461034168,100,100,0.46972582668684687,0.47153857111268627,0.000800527924236064,0.8616594363324855,0.43082971816624277,86,86,0
2025-04-01,2025-03-31,1.1014892322784497,1.1005481692889274,0.00907315114869589,0.00821104431329589,0.014461520771406023,0.013140288789676258,99,100,0.5507446161392249,0.5551056543986763,0.0009410629895220783,1.0039592200555882,0.5019796100277941,102,101,1
2025-04-02,2025-04-01,1.109469923954779,1.1086298997754227,0.008106646228502656,0.007343368252310967,0.005693939802034862,0.0051360150066206,100,100,0.49926146577965064,0.4913339089896355,0.0008400241793563875,0.8928546447101905,0.44642732235509525,89,89,0
2025-04-03,2025-04-02,1.1001880807988378,1.0995727658487138,-0.007614641259716115,-0.008169664130963539,0.0033599310297898616,0.003055669560164554,100,100,0.36306206666361646,0.36134337284149554,0.0006153149501238157,0.6584378181766222,0.3292189090883111,66,66,0
2025-04-07,2025-04-03,1.0157392921732387,1.0150495419126293,-0.0762418607292148,-0.07686915005651729,0.06459546604162139,0.06363774709942331,95,100,0.36566614518236595,0.42759143045480674,0.0006897502606097074,0.7809657278689572,0.3904828639344786,82,77,5
2025-04-08,2025-04-07,0.95620002280612,0.955416990038128,-0.05797699193639427,-0.058748415138572874,0.03677856837050647,0.038494781602155456,98,100,0.4781000114030601,0.4510661464999372,0.0007830327679917658,0.9717278139946205,0.48586390699731025,99,97,2
2025-04-09,2025-04-08,0.9417166143111426,0.9410392571006566,-0.014339681908355661,-0.015048646912692587,0.0260669979095072,0.027700223675917263,99,100,0.4049381441537914,0.39490393090327813,0.0006773572104858817,0.8493447634903915,0.4246723817451957,86,85,1
2025-04-10,2025-04-09,1.0205822356653178,1.0201692267573765,0.08452673782147335,0.08408785187189682,0.022573403355811525,0.0221271165251293,99,100,0.24493973655967627,0.24185915091392185,0.00041300890794112026,0.47698154098895695,0.23849077049447848,49,48,1
2025-04-11,2025-04-10,1.008285832666448,1.0081438477426086,-0.011648453785162882,-0.011787631600093218,0.011265228833163034,0.011174227624745852,100,100,0.0907457249399803,0.07957953534117107,0.00014198492383927635,0.16892557126456903,0.08446278563228451,17,17,0
2025-04-14,2025-04-11,1.076297992464116,1.0756321465535945,0.06760359136656469,0.06694312420008597,0.017100782135348103,0.015898355390493193,100,100,0.38746727728708175,0.3939686764997885,0.0006658459105220174,0.7260405196871381,0.36302025984356906,72,72,0
2025-04-15,2025-04-14,1.0669992639211774,1.065868642346787,-0.008025868936771263,-0.009076991830423209,0.0049386721340736565,0.00463347164731283,100,100,0.6722095362703415,0.6611780478434576,0.001130621574390009,1.2496612033392187,0.6248306016696094,126,126,0
2025-04-16,2025-04-15,1.057559382588915,1.0569128688939868,-0.00779576340624577,-0.008402323792059074,0.003644297333165847,0.003448058435488107,100,100,0.3807213777320093,0.38007351662602973,0.0006465136949278385,0.7193873997842147,0.35969369989210737,72,72,0
2025-04-17,2025-04-16,1.037043361032109,1.0361494686221533,-0.018799570377708075,-0.01964532827910548,0.0,0.0,100,100,0.5275987384536889,0.5248483335304789,0.0008938924099557424,1.0148534878394366,0.5074267439197183,102,102,0
2025-04-18,2025-04-17,1.0436393461141362,1.0432469859869153,0.007228568578954819,0.006849897220137624,0.0014612869401389832,0.001400710435560569,100,100,0.22960065614510997,0.23145430321246976,0.0003923601272207823,0.4417761375845608,0.2208880687922804,44,44,0
2025-04-21,2025-04-18,1.0455692402951329,1.045086265549489,0.0022259870763208234,0.0017630336701464078,0.0037587343294129966,0.0035965780561059394,100,100,0.282303694879686,0.2850841170146037,0.000482974745643875,0.5426592424755466,0.2713296212377733,54,54,0
2025-04-22,2025-04-21,1.0663302306323934,1.0655296545086714,0.02032747514075761,0.019561436824005796,0.005650077486265769,0.005302599943941577,100,100,0.4691853014782532,0.4718772207588281,0.0008005761237216613,0.8825244705657258,0.4412622352828629,88,88,0
2025-04-23,2025-04-22,1.0719025740769852,1.071008607582661,0.00598098752235332,0.005141999615689841,0.0,0.0,101,100,0.5289401273030327,0.524184016311091,0.0008939664943240179,0.9824812152550043,0.49124060762750216,100,99,1
2025-04-24,2025-04-23,1.0741737669917955,1.0734333280872839,0.0029553071625432192,0.00226395986685457,0.008351145601786169,0.007779845644132184,100,100,0.42966950679671817,0.4387610913030159,0.0007404389045113463,0.8084637930897889,0.40423189654489444,81,81,0
2025-04-25,2025-04-24,1.066848607685957,1.0661217728564292,-0.0061342611870083275,-0.006811373412341282,0.008876834682861321,0.00832628589797756,100,100,0.4267394430743827,0.42799196698498576,0.0007268348295281153,0.8011740409103778,0.4005870204551889,80,80,0
2025-04-28,2025-04-25,1.0628017371171274,1.0622694937872976,-0.003114124318469247,-0.0036133574674216407,0.0,0.0,101,100,0.31848375312830135,0.3101391617752696,0.0005322433298297772,0.5914771240482953,0.29573856202414767,60,59,1
2025-04-29,2025-04-28,1.0491335032164986,1.0481747990294172,-0.01236596800305867,-0.01326847362210204,0.0,0.0,101,100,0.5633233014563731,0.5642820056434544,0.0009587041870816229,1.074796776237481,0.5373983881187405,109,108,1
2025-04-30,2025-04-29,1.059712527603553,1.0587311289078392,0.011007447025839001,0.010071154055789844,0.006820960734690074,0.006442580697260132,100,100,0.5722447649059185,0.5800471243363224,0.0009813986957135068,1.0873627132143544,0.5436813566071772,109,109,0
2025-05-06,2025-04-30,1.0723592640795894,1.0709908717139445,0.012872139865962584,0.011579656507079594,0.0230565787633111,0.021528268234828972,98,100,0.7935458554188962,0.8111498658131621,0.0013683923656458213,1.4964161498706086,0.7482080749353043,152,150,2
2025-05-07,2025-05-06,1.106037451971185,1.105536059409687,0.032723509772921267,0.032255352130554193,0.033940647771825816,0.030700624808157585,97,100,0.28756973751250814,0.29895519908252094,0.0005013925614982785,0.5302939204723327,0.26514696023616635,56,53,3
2025-05-08,2025-05-07,1.0906130615879528,1.0895446984708743,-0.013498427025259163,-0.014464802665370757,0.026525592248369836,0.024345575069657333,98,100,0.6325555757210126,0.6262088833146351,0.0010683631170787054,1.154180619479161,0.5770903097395805,117,115,2
2025-05-09,2025-05-08,1.0967025529540047,1.0959888606887238,0.006569583141633473,0.005914545981356767,0.013610511502922236,0.012418476127913686,99,100,0.4277139956520618,0.4155126071718949,0.0007136922652803206,0.7688744779089809,0.38443723895449045,78,77,1
2025-05-12,2025-05-09,1.0957662884643746,1.0952801526890865,-0.00020307891104776044,-0.0006466379587032334,0.014767171897440574,0.013482552259515362,99,100,0.2848992350007374,0.28654203117054383,0.00048613577528804,0.5214992213094168,0.2607496106547084,53,52,1
2025-05-13,2025-05-12,1.1054216920222713,1.1047465285793276,0.009259310787551156,0.008642880880293191,0.012860524296616008,0.011641153842912973,99,100,0.39795180912801775,0.39672032497013676,0.0006751634429439596,0.718885959840694,0.359442979920347,73,72,1
2025-05-14,2025-05-13,1.0964591630000944,1.096079845586303,-0.007501599113319268,-0.007844951551166934,0.0014643819740120974,0.0013360176084879895,100,100,0.23025642423001977,0.21923959932120718,0.0003793174137913397,0.4099523618566251,0.20497618092831255,41,41,0
2025-05-15,2025-05-14,1.10087301017598,1.1002910463726392,0.004373006774075927,0.00384205658309833,0.0025221699690937092,0.0022922752824433307,100,100,0.3412706331545537,0.34291038495297615,0.0005819638033410064,0.621489501316923,0.3107447506584615,62,62,0
2025-05-16,2025-05-15,1.0951252324192855,1.0942649265185747,-0.004694952276839803,-0.005476841671965826,0.005223654031709947,0.004773664864073734,100,100,0.5037576069128713,0.5073193968761986,0.0008603059007115424,0.9232524042528532,0.4616262021264266,92,92,0
2025-05-19,2025-05-16,1.0983350066145425,1.0978371165994212,0.00371946500096354,0.0032644654820579433,0.01602207510547047,0.014594218817359046,99,100,0.28556710171978106,0.29686341280866296,0.0004978900151213975,0.5302849413164943,0.26514247065824714,54,53,1
2025-05-20,2025-05-19,1.1014364742286364,1.100966986040016,0.0032785898516205503,0.002850941540662788,0.016805029710959124,0.015263881591403437,99,100,0.2753591185571591,0.2766115613512684,0.0004694881886206909,0.5011370994364305,0.25056854971821524,51,50,1
2025-05-21,2025-05-20,1.110451807472929,1.1098294699181495,0.008614991687469375,0.008049727185744482,0.015613683781224304,0.014068543145079597,99,100,0.3664490964660666,0.3658800880911114,0.0006223375547798627,0.659487588411198,0.329743794205599,67,66,1
2025-05-22,2025-05-21,1.1086255818734956,1.1079780459135926,-0.0010847504749920134,-0.0016682058412932355,0.003969546628763473,0.0035826942992271565,100,100,0.3880189536557235,0.37702235246316557,0.0006475359599029157,0.6900808700679859,0.34504043503399295,69,69,0
2025-05-23,2025-05-22,1.0993880804010165,1.0984529432826917,-0.0077528300711889875,-0.008596833363288203,0.003631909495727715,0.0033063860568062833,100,100,0.5496940402005083,0.5502915401857973,0.0009351371183246813,1.0005434841398961,0.5002717420699481,100,100,0
2025-05-26,2025-05-23,1.0911877824773437,1.0904999458165494,-0.006613993662428763,-0.007240180396235307,0.004289114304373651,0.003933163243911974,100,100,0.40373947951661715,0.40508452098605735,0.0006878366607946347,0.7412326397811992,0.3706163198905996,74,74,0
2025-05-27,2025-05-26,1.0953281333058509,1.0943951556436333,0.004427499063914375,0.0035719486663221556,0.0051277265582817515,0.004685443399341478,100,100,0.5476640666529254,0.5494356565690507,0.0009329776622177103,1.0016174056543024,0.5008087028271512,100,100,0
2025-05-28,2025-05-27,1.0955341297706225,1.0948061974617835,0.0010407338895057627,0.0003755881191820354,0.005848140432417048,0.005341712940587541,100,100,0.4272583106105426,0.42870665679351727,0.0007279323088391933,0.7813220456977252,0.3906610228488626,78,78,0
2025-05-29,2025-05-28,1.0930638937189376,1.0924304415106376,-0.0015914266350385287,-0.002170024207621357,0.006724940706084414,0.006155944077121297,100,100,0.3716417238644388,0.37315197634640596,0.0006334522082997096,0.6813816689862737,0.34069083449313686,68,68,0
2025-05-30,2025-05-29,1.1083867752166428,1.1076126474123154,0.014606269744680711,0.01389764082432876,0.007389196539138268,0.006671282199965342,100,100,0.45443857783882347,0.4558769614762049,0.0007741278043271198,0.8212977271738922,0.4106488635869461,82,82,0
2025-06-03,2025-05-30,1.0963290800755006,1.0958021761833567,-0.010187286469846901,-0.0106629978057321,0.011454338126822249,0.010452925149973086,100,100,0.3069721424211403,0.311564187900968,0.0005269038921437491,0.5641885648782679,0.2820942824391339,56,56,0
2025-06-04,2025-06-03,1.1044827124217,1.1040513289109912,0.007921627121217467,0.007527957971726229,0.010596382027042479,0.009597725893319187,100,100,0.254031023856991,0.25360445126792014,0.000431383510708907,0.4596137806556197,0.22980689032780985,46,46,0
2025-06-05,2025-06-04,1.1132999462822926,1.112747633739372,0.008376981331496447,0.007876721489895377,0.01318558712326323,0.011849575522307119,100,100,0.32285698442186483,0.325998502061006,0.0005523125429202251,0.582821807051758,0.291410903525879,58,58,0
2025-06-06,2025-06-05,1.1238465609758617,1.12268683763678,0.009974343597740853,0.008932127641563703,0.006839005010480001,0.006091640857637459,100,100,0.6855464021952756,0.680359543421574,0.001159723339080894,1.2153847269246456,0.6076923634623228,122,122,0
2025-06-09,2025-06-06,1.126126679565127,1.1252474974102902,0.0030639371666525417,0.002280831740131717,0.004642633235221363,0.004125877414440991,100,100,0.5180182725999585,0.5167010829795368,0.0008791821548374672,0.9188303361919012,0.4594151680959506,92,92,0
2025-06-10,2025-06-09,1.1350646220098835,1.1343280056839422,0.00872441362650167,0.008069787575222698,0.006964726111756794,0.00613995782247959,100,100,0.4313245563637558,0.4343832655662321,0.0007366163259411103,0.7626947445486058,0.3813473722743029,76,76,0
2025-06-11,2025-06-10,1.1278071922952697,1.127116044044117,-0.00574861358971801,-0.00635791552680276,0.007119259195080031,0.006316349796189551,100,100,0.4060105892262972,0.40685627056077317,0.0006911482511526278,0.7207498456653348,0.3603749228326674,72,72,0
2025-06-12,2025-06-11,1.1364695597744014,1.1359650374459866,0.00829862708432727,0.007851004737825518,0.008617266861712365,0.007585855706516057,100,100,0.29548208554134436,0.29748461553639155,0.0005045223284148368,0.5217620621492447,0.26088103107462235,52,52,0
2025-06-13,2025-06-12,1.1347965106845337,1.1343891258955237,-0.0010286643716431731,-0.001387288779596707,0.010266640886874649,0.009050369624065135,100,100,0.238307267243752,0.24036402605792434,0.0004073847890099678,0.4218124472491826,0.2109062236245913,42,42,0
2025-06-16,2025-06-13,1.1228593989474924,1.1222105059480714,-0.010163820055070882,-0.010735839818490911,0.009508899550596974,0.008473365291268253,100,100,0.38177219564214737,0.3816633473052909,0.0006488929994211078,0.6799030614723814,0.3399515307361907,68,68,0
2025-06-17,2025-06-16,1.1330720552731177,1.1322639533704886,0.009678709357537452,0.008958611035212005,0.007872120524814437,0.006952548918810804,100,100,0.4758902632147094,0.47506158609155613,0.0008081019026295382,0.8392686456970704,0.4196343228485352,84,84,0
2025-06-18,2025-06-17,1.1347596780621525,1.1342370671614845,0.0022041898306792707,0.0017426270483331674,0.008946062749153683,0.007887295353115106,100,100,0.3063851130767812,0.30798166620178846,0.0005226109006680357,0.5414069526401694,0.2707034763200847,54,54,0
2025-06-19,2025-06-18,1.124867144017463,1.124425688937891,-0.008260991829045605,-0.008650200657034812,0.009988267906882802,0.008882995119328437,100,100,0.2587194431240165,0.26020310336131736,0.0004414550795718585,0.4613189648619321,0.23065948243096604,46,46,0
2025-06-20,2025-06-19,1.1149537463706654,1.1143242571774479,-0.008423804845807625,-0.008983636588723476,0.012995270990161692,0.011662019296859201,100,100,0.3679347363023196,0.3715712285788162,0.0006294891932180895,0.6632615633503488,0.3316307816751744,66,66,0
2025-06-23,2025-06-20,1.110403509284126,1.1095172959092001,-0.003518498200203446,-0.004313790386672234,0.011200849440464199,0.01009524545652585,100,100,0.5218896493635392,0.5209814411887678,0.0008862133749257695,0.9391820917646801,0.4695910458823401,94,94,0
2025-06-24,2025-06-23,1.1284880578439658,1.1279692859281776,0.017098211992468304,0.01663064657667812,0.01140562046825057,0.010111640991062244,100,100,0.30469177561787086,0.3054153185614454,0.0005187719157883126,0.5406411613650189,0.27032058068250947,54,54,0
2025-06-25,2025-06-24,1.145837674783991,1.1452320134843879,0.015841201598951304,0.015304253202253815,0.012440727343004,0.010863062852349784,100,100,0.3552096791830371,0.35685044735739363,0.0006056612996029548,0.6214319377085116,0.3107159688542558,62,62,0
2025-06-26,2025-06-25,1.1499190255123164,1.149568425237373,0.004092630988954182,0.0037864919089989346,0.010931084464913282,0.009508859346633616,100,100,0.20698542459221694,0.20582638198906963,0.00035060027494330663,0.35899206589556953,0.17949603294778477,36,36,0
2025-06-27,2025-06-26,1.1489019880885043,1.1484718961224805,-0.0005797281259974918,-0.0009538615456197164,0.010867012933871547,0.009462149636017405,100,100,0.25275843737947096,0.25312445781445286,0.00043009196602358026,0.4403185828197503,0.22015929140987514,44,44,0
2025-06-30,2025-06-27,1.1545592954722987,1.1541068821391174,0.0053004338812041585,0.004906507538984695,0.011306098374943424,0.009796404951669436,100,100,0.26554863795862865,0.26644013673288175,0.00045241333318134664,0.4607721550359077,0.23038607751795384,46,46,0
2025-07-01,2025-06-30,1.1564587134046522,1.1560664281265642,0.002037793294478618,0.0016978895263277671,0.010085918124387616,0.008724341334547797,100,100,0.2312917426809304,0.2304638477084626,0.00039228527808786684,0.3992841119506717,0.19964205597533585,40,40,0
2025-07-02,2025-07-01,1.1610795133352874,1.1603707008079691,0.004336329718394261,0.00372320532512993,0.007769710285544098,0.006695886306103755,100,100,0.41798862480070353,0.4163812294891783,0.0007088125273185188,0.718615602727407,0.3593078013637035,72,72,0
2025-07-03,2025-07-02,1.1660813403750132,1.1653477549813336,0.004921392416292303,0.0042891932465194405,0.0071454254224890025,0.0061315820895055115,100,100,0.4314500959387549,0.4315593964693796,0.0007335853936795697,0.7400937331958245,0.37004686659791225,74,74,0
2025-07-04,2025-07-03,1.1697531277722666,1.1690563590196463,0.0037803074422222416,0.003182401152325598,0.007144694484652797,0.006111505599819186,100,100,0.4094135947202933,0.41010963253507743,0.0006967687526207618,0.7005950296675929,0.35029751483379645,70,70,0
2025-07-07,2025-07-04,1.164658107877645,1.1641426637405299,-0.0037622233590941523,-0.004203129508005055,0.007234026196108094,0.006214037524287875,100,100,0.3028111080481878,0.3034158838967583,0.0005154441371153462,0.5205192732910028,0.2602596366455014,52,52,0
2025-07-08,2025-07-07,1.1711944727406687,1.1705768154304503,0.006057512725700098,0.0055269443259184925,0.007014389871404113,0.0059922508108318775,100,100,0.36307028654960716,0.3634683075351216,0.0006176573102183984,0.6203398419261515,0.3101699209630758,62,62,0
2025-07-09,2025-07-08,1.184204398211417,1.1836184755534132,0.011641767205132547,0.011141225377992114,0.00834654874579094,0.00705172225525495,100,100,0.343419275481311,0.3453373570137017,0.0005859226580038584,0.5816197216758254,0.2908098608379127,58,58,0
2025-07-10,2025-07-09,1.1854886061161163,1.1850047026815647,0.0015800112969921454,0.0011711773318707763,0.008066357362352193,0.006807025612724333,100,100,0.28451726546786793,0.28472097751898084,0.00048390343455159967,0.48017183805062486,0.24008591902531243,48,48,0
2025-07-11,2025-07-10,1.196507100782054,1.1958527197649629,0.009706626542882457,0.009154408466776509,0.010576662041135032,0.008844452051933124,100,100,0.3828822722502573,0.3860469579461312,0.0006543810170908979,0.6426449368280435,0.32132246841402173,64,64,0
2025-07-14,2025-07-11,1.2013574644571838,1.200722779336194,0.00460319619735694,0.004072457662000817,0.01136901075697736,0.009468472617186948,100,100,0.3724208139817268,0.3738478478185588,0.0006346851209894513,0.6211878511426042,0.3105939255713021,62,62,0
2025-07-15,2025-07-14,1.2016259518059986,1.201014011870782,0.0007521906682772528,0.00024254768844222951,0.009948616090525329,0.008283513757702693,100,100,0.3604877855417998,0.35967933081056447,0.0006119399352167009,0.5993271993418419,0.29966359967092093,60,60,0
2025-07-16,2025-07-15,1.185919260331412,1.1852925936273155,-0.012568339245149551,-0.01309012058816672,0.010855816569813494,0.00915876520968697,100,100,0.3676349707027378,0.3691688378861224,0.0006266667040963764,0.6212933993355974,0.3106466996677987,62,62,0
2025-07-17,2025-07-16,1.1919438054184726,1.1915362549157829,0.005611451406106083,0.005267611830223284,0.012529728655558793,0.010515608403744617,100,100,0.23838876108369447,0.24047022367212945,0.000407550502689559,0.40174627577153615,0.20087313788576808,40,40,0
2025-07-18,2025-07-17,1.1948191761930331,1.194412199407322,0.002755200493234078,0.002413644133507642,0.012793902602111553,0.01071146343654226,100,100,0.2389638352386066,0.23963498597087055,0.00040697678571112136,0.4005617174093258,0.2002808587046629,40,40,0
2025-07-21,2025-07-18,1.2003890901689296,1.1999218490985983,0.00500404363298812,0.004612854501996999,0.010407512509277524,0.008673491958743666,100,100,0.2760894907388538,0.274170341716351,0.0004672410703312987,0.4584012275367875,0.22920061376839376,46,46,0
2025-07-22,2025-07-21,1.2186364366357627,1.2180925818828823,0.015596505348430156,0.01514326353664952,0.014606792199573997,0.011991528736670705,100,100,0.31684547352529824,0.3215886079684752,0.0005438547528805022,0.5238921652927685,0.26194608264638425,52,52,0
2025-07-23,2025-07-22,1.231508682744846,1.2308566052359078,0.011014023943258566,0.010478697221269817,0.01674783571920982,0.013606650561866144,100,100,0.38176769165090235,0.38456081267947634,0.0006520775089379652,0.6222680481816407,0.31113402409082036,62,62,0
2025-07-24,2025-07-23,1.2259028977748296,1.225423604603432,-0.004024601598598632,-0.004413999656308065,0.016236850154740856,0.013249989712737237,100,100,0.2819576664882108,0.2819259740951394,0.00047929317139757966,0.45997414771338835,0.22998707385669417,46,46,0
2025-07-25,2025-07-24,1.2426344644720908,1.2421468559689748,0.01404482482955638,0.013646914669115384,0.017329630294659816,0.01395135382856265,100,100,0.28580592682858097,0.28738631547161564,0.0004876085031159262,0.46127180493396847,0.23063590246698423,46,46,0
2025-07-28,2025-07-25,1.2405312301268125,1.2399807292119587,-0.0013006721664178267,-0.0017438572151167175,0.01876650314147916,0.015134511931815085,100,100,0.32253811983297126,0.3245254935946447,0.0005505009148538914,0.5216020344457353,0.26080101722286764,52,52,0
2025-07-29,2025-07-28,1.2365195510395925,1.235991946024217,-0.0027913160993766617,-0.003216810627594713,0.020133631020278583,0.016289451630362082,100,100,0.30912988775989814,0.3110246206540732,0.0005276050153754199,0.5015323113108742,0.2507661556554371,50,50,0
2025-07-30,2025-07-29,1.230559677738905,1.2301840244594204,-0.00439506770475806,-0.004698996286730539,0.018941630555714156,0.015397395982310593,100,100,0.22150074199300288,0.2206843948079229,0.0003756532794845165,0.3593366049612644,0.1796683024806322,36,36,0
2025-07-31,2025-07-30,1.2303871585185873,1.2298438273345371,0.00016512493669895711,-0.0002765416540283505,0.017943808448875734,0.014590314680658011,100,100,0.3199006612148327,0.3194461702920443,0.0005433311840501477,0.5196306114545802,0.2598153057272901,52,52,0
2025-08-01,2025-07-31,1.2110101643498152,1.2102065455052258,-0.015313865521885406,-0.015967297142005066,0.01779392199158318,0.014703210834275185,100,100,0.47229396409642777,0.4729476964837251,0.0008036188445899545,0.7805398240300054,0.3902699120150027,78,78,0
2025-08-04,2025-08-01,1.2107380652999629,1.2101224303451312,0.00043919758714849877,-6.950479685219335e-05,0.015504233881093121,0.01281212007339725,100,100,0.36322141958998905,0.36154736643433033,0.0006156349548317568,0.5986173283853568,0.2993086641926784,60,60,0
2025-08-05,2025-08-04,1.2209482502654254,1.2204092750055773,0.008946053431309942,0.008500664397661062,0.014343561558226907,0.011753074851189866,100,100,0.3174465450690106,0.3168248480059924,0.0005389752598479981,0.5194908080150956,0.2597454040075478,52,52,0
2025-08-06,2025-08-05,1.2276426133796863,1.2271819868304792,0.00592697754945859,0.005549541423200743,0.015235854829890497,0.012415318178879977,100,100,0.270081374943531,0.2714342947644018,0.00046062654920696035,0.44110204696882127,0.22055102348441064,44,44,0
2025-08-07,2025-08-06,1.2320481831984598,1.2313994223023244,0.003965342076564182,0.003436682999836016,0.014106642652002184,0.01145578144386917,100,100,0.3819349367915224,0.38145448550976974,0.0006487608961356593,0.6196100385615556,0.3098050192807778,62,62,0
2025-08-08,2025-08-07,1.2306238508827325,1.2299556185558995,-0.0006298292865378752,-0.0011724901930889597,0.012322912100663476,0.010018989234043991,100,100,0.3937996322824744,0.39268413405796865,0.0006682323268332502,0.639093550621739,0.3195467753108695,64,64,0
2025-08-11,2025-08-08,1.2317219997488227,1.2312197459389878,0.0014361340899413655,0.0010277829248606096,0.011558143688407206,0.009387555492453873,100,100,0.2956132799397174,0.2953507653372961,0.0005022538098348566,0.4797868718733002,0.2398934359366501,48,48,0
2025-08-12,2025-08-11,1.241098250924122,1.2406552592399336,0.008023348405284292,0.007663549364008926,0.011042068921008208,0.008900191119790153,100,100,0.2606306326940656,0.2605575496108551,0.00044299168418838005,0.41994111418402524,0.20997055709201262,42,42,0
2025-08-13,2025-08-12,1.245738797835176,1.2452078793613324,0.0040974626572385375,0.0036695287328953885,0.011856136595888049,0.009521411478675405,100,100,0.311434699458794,0.31277968560751745,0.0005309184738435459,0.5010796694708881,0.25053983473544406,50,50,0
2025-08-14,2025-08-13,1.2471952812016907,1.2467059784371373,0.0015960402060559709,0.0012030915485157223,0.012866297107330017,0.010320233743852842,100,100,0.28685491467638885,0.2883543779523844,0.0004893027645534564,0.4612022682402637,0.23060113412013186,46,46,0
2025-08-15,2025-08-14,1.2271794194771943,1.2267193357135902,-0.01566252131430479,-0.016031560824471436,0.013423177634165563,0.010942338025802145,100,100,0.26997947228498276,0.27099643657542233,0.0004600837636039547,0.44082870057491097,0.22041435028745548,44,44,0
2025-08-18,2025-08-15,1.2419313031218309,1.2412767704406178,0.012400527949118612,0.011866964433685734,0.012800358105663677,0.01031225139347441,100,100,0.3849987039677675,0.3850304171204788,0.0006545326812131872,0.6200255353517795,0.31001276767588976,62,62,0
2025-08-19,2025-08-18,1.247230695311896,1.246781965123056,0.004796613465315014,0.004435106507700182,0.015505110292670876,0.01243610408748617,100,100,0.26191844601549813,0.26507192839134514,0.0004487301888397783,0.4225283874007434,0.2112641937003717,42,42,0
2025-08-20,2025-08-19,1.2490613795583696,1.2485513552362306,0.0018282382157239763,0.0014191656301347777,0.015365339860670233,0.012306534125513045,100,100,0.2997747310940087,0.300144984984147,0.0005100243221389668,0.48029642569708564,0.24014821284854282,48,48,0
2025-08-21,2025-08-20,1.2627456777723134,1.2623159410083926,0.011368633317767829,0.011024445021372564,0.015302178985954177,0.012122305113037022,100,100,0.25254913555446273,0.2529157114436675,0.0004297367639207123,0.40029030064854515,0.20014515032427257,40,40,0
2025-08-22,2025-08-21,1.2665804452510943,1.2662781577312836,0.0033783176653026104,0.003138847093799413,0.015764776776000036,0.012449694942416809,100,100,0.17732126233515322,0.17808614764500968,0.0003022875198106025,0.28060389793062446,0.14030194896531223,28,28,0
2025-08-25,2025-08-22,1.2684850138255104,1.2680950647981089,0.0017427893553660923,0.0014348404066926168,0.01700447608585963,0.013409464761671383,100,100,0.22832730248859187,0.22995695082585296,0.0003899490274015937,0.3612847202130882,0.1806423601065441,36,36,0
2025-08-26,2025-08-25,1.2768943029709456,1.2764811667303526,0.006938942053400066,0.006613149254373063,0.017227140512101377,0.013495804686431762,100,100,0.2426099175644797,0.2432457182313145,0.00041313624059313405,0.38049792740507615,0.19024896370253808,38,38,0
2025-08-27,2025-08-26,1.283050482179423,1.2826572234599907,0.005146425674181776,0.004838345359577723,0.017420492597767012,0.013581565112754695,100,100,0.23094908679229617,0.23153569759739434,0.00039325871943251173,0.360457200097148,0.180228600048574,36,36,0
2025-08-28,2025-08-27,1.2540116587469456,1.253499070976822,-0.022332985141402917,-0.022732614723452116,0.017772462423108516,0.014178281288440732,100,100,0.30096279809926696,0.3018273556947323,0.0005125877701237653,0.4806894334589594,0.2403447167294797,48,48,0
2025-08-29,2025-08-28,1.2531571239022639,1.2527288091267816,-0.00027279403908253563,-0.000614489366505877,0.019381741607059157,0.015471618011698204,100,100,0.25063142478045275,0.2526690187398855,0.0004283147754821458,0.4016259684604336,0.2008129842302168,40,40,0
2025-09-01,2025-08-29,1.2498942745872084,1.24944915363575,-0.0022626880765591606,-0.0026180091550044304,0.01794452559278606,0.014361949456342104,100,100,0.2624777976633137,0.2614857026004992,0.00044512095145853687,0.41920625681468754,0.20960312840734377,42,42,0
2025-09-02,2025-09-01,1.2532608475550788,1.252663418461518,0.003050699508849508,0.002572545522492753,0.01814430570322581,0.014484581760605797,100,100,0.350913037315422,0.35171024651942273,0.0005974290935606188,0.5606361079623255,0.2803180539811628,56,56,0
2025-09-03,2025-09-02,1.2548227843471296,1.2541156579322164,0.0017238197059059601,0.0011593213702065785,0.02031975464682688,0.016202456701904237,100,100,0.41409151883455275,0.4169740941930671,0.0007071264149131043,0.6622971971775393,0.33114859858876966,66,66,0
2025-09-04,2025-09-03,1.2329969716772184,1.2325153899017867,-0.016839504491809265,-0.017223505578460085,0.019365408785863653,0.015712103024861045,100,100,0.2835893034857603,0.28311653940022874,0.00048158177543170737,0.4596165731981577,0.22980828659907884,46,46,0
2025-09-05,2025-09-04,1.2414945515039364,1.2408402227625095,0.007285232846354406,0.006754343944854302,0.01876663712079224,0.015124136674915058,100,100,0.38486331096622023,0.3849188680425755,0.0006543287414265659,0.6200447501572101,0.31002237507860503,62,62,0
2025-09-08,2025-09-05,1.2527034653465339,1.2521585177341938,0.009560652827334204,0.009121476531834372,0.02962954366105192,0.023662773715477477,99,100,0.31317586633663347,0.32458372048923334,0.0005449476123401373,0.5091065878463457,0.25455329392317283,52,51,1
2025-09-09,2025-09-08,1.2619433154672004,1.261376260070425,0.007814344265862028,0.007361481957500748,0.017992865515240847,0.014264471343575367,100,100,0.3407246951761441,0.3296550724271085,0.0005670553967755061,0.5312281141210076,0.2656140570605038,53,53,0
2025-09-10,2025-09-09,1.2619141431939327,1.261309398196552,0.00042642559602135144,-5.3007081225131536e-05,0.021091634354455324,0.0167220147448458,100,100,0.3533359600943011,0.35703947393089636,0.0006047449973805671,0.5629348382031931,0.28146741910159656,56,56,0
2025-09-11,2025-09-10,1.2654618035122207,1.2649873835262062,0.0032921385677502357,0.002916005648505582,0.021651097550993023,0.01711566283818552,100,100,0.27840159677268855,0.27943547995524065,0.0004744199860143777,0.4408170007025757,0.22040850035128784,44,44,0
2025-09-12,2025-09-11,1.2757003844453878,1.275005345962195,0.008468859894332326,0.00791941687834341,0.02191739911782964,0.017190044878823203,100,100,0.4082241230225241,0.40918546307255366,0.0006950384831933239,0.6407535782396487,0.32037678911982437,64,64,0
2025-09-15,2025-09-12,1.2787384727799387,1.278257279167296,0.0029279303255991262,0.0025505251530115736,0.02411386352614156,0.018864640099566045,100,100,0.2813224640115865,0.2840001220325412,0.00048119361264274674,0.4420939840928799,0.22104699204643996,44,44,0
2025-09-16,2025-09-15,1.2828520277384519,1.2823475977393755,0.0035945412915223685,0.003199918074977992,0.026186575555037207,0.020420809148159975,100,100,0.29505596637984394,0.2976331084078161,0.0005044299990765036,0.4620089160497454,0.2310044580248727,46,46,0
2025-09-17,2025-09-16,1.286572510735671,1.2859841333780595,0.003294670652281395,0.002835842360600749,0.023635084727929464,0.018378986267773113,100,100,0.3473745778986312,0.34541146442913456,0.0005883773576112273,0.538474152484127,0.2692370762420635,54,54,0
2025-09-18,2025-09-17,1.2853655627774272,1.284777294364604,-0.00048100951215268584,-0.0009384556015362699,0.021488288595399252,0.016725302268068523,100,100,0.34704870194990545,0.34549017423019834,0.0005882684128231619,0.5387874829038214,0.2693937414519107,54,54,0
2025-09-19,2025-09-18,1.267588379477996,1.2670471902827094,-0.013378906182420436,-0.013800138093710057,0.023187221226100924,0.01830020334201387,100,100,0.316897094869499,0.3191372166954873,0.0005411891952867352,0.5017672312733813,0.25088361563669065,50,50,0
2025-09-22,2025-09-19,1.270975380822238,1.2702814212389,0.00310027169442062,0.00255257340136561,0.02481051270722984,0.019531508760501477,100,100,0.4067121218631161,0.40902937292758296,0.0006939595833382107,0.6418232068845958,0.3209116034422979,64,64,0
2025-09-23,2025-09-22,1.2599418601798953,1.2595341733669752,-0.00813958299801043,-0.008460525118475726,0.025062455059846667,0.019898193784492518,100,100,0.23938895343418007,0.24004858259971706,0.0004076868129201964,0.38052353936827116,0.19026176968413558,38,38,0
2025-09-24,2025-09-23,1.2450438344828412,1.244577666993855,-0.011504522219828783,-0.011874633248845079,0.025070010197900852,0.02014338748216075,100,100,0.2739096435862251,0.2743833662132654,0.0004661674889863273,0.44038048670570473,0.22019024335285237,44,44,0
2025-09-25,2025-09-24,1.2612072649015835,1.2608185359220057,0.013361639332557962,0.013049301268099,0.027226332598156374,0.021594172216263006,100,100,0.22701730768228506,0.22956235906211836,0.00038872897957770093,0.36201794855664104,0.18100897427832052,36,36,0
2025-09-26,2025-09-25,1.2508925231569217,1.2504661352941582,-0.007872673570606503,-0.008210856941658906,0.027785767362921158,0.022220327747128368,100,100,0.25017850463138436,0.2511643272589127,0.0004263878627636343,0.40078809538731625,0.20039404769365812,40,40,0
2025-09-29,2025-09-26,1.2529476713760792,1.2525013711134763,0.00198448883330804,0.00162758171682853,0.026428507028859124,0.021100581315423333,100,100,0.2631190109889766,0.2622080509175174,0.0004463002626026549,0.419272946434819,0.2096364732174095,42,42,0
2025-09-30,2025-09-29,1.2552879757488609,1.254775973420944,0.002224831604701105,0.0018160477584512336,0.025775444529690498,0.020541869684847336,100,100,0.3012691141797266,0.301128054008475,0.0005120023279171583,0.4798876272425318,0.2399438136212659,48,48,0
2025-10-09,2025-09-30,1.2602871271338583,1.2597298593976163,0.004392141569214969,0.003948024254215143,0.02541892774713334,0.020178078305842718,100,100,0.32767465305480314,0.32787540400848797,0.0005572677362422192,0.5201592898549565,0.26007964492747826,52,52,0
2025-10-10,2025-10-09,1.267255302587316,1.2668683424325962,0.005973854738426265,0.005666677646581686,0.024286542254155497,0.019170533701648375,100,100,0.22810595446571688,0.2273605291274585,0.0003869601547196341,0.35941177966528415,0.17970588983264207,36,36,0
2025-10-13,2025-10-10,1.2628253354806884,1.2622890569322214,-0.003191339475848376,-0.003614649878756815,0.023366428149124884,0.01851115481101691,100,100,0.3157063338701721,0.31532249831360853,0.0005362785484670726,0.49969605016166596,0.24984802508083298,50,50,0
2025-10-14,2025-10-13,1.283824345363639,1.283430850696564,0.017060504733959814,0.01674877370459349,0.02355876747655647,0.018356086316430903,100,100,0.23108838216545502,0.23167421615996178,0.00039349466707523146,0.3604563194307869,0.18022815971539344,36,36,0
2025-10-15,2025-10-14,1.2870082832601226,1.2863734483811713,0.0027873979822263806,0.0022927590395775965,0.02323283741967977,0.018060725249667575,100,100,0.37323240214543546,0.37354130696751014,0.000634834878951522,0.5802400177419931,0.29012000887099654,58,58,0
2025-10-16,2025-10-15,1.293545004850058,1.293041085156985,0.005575019041252682,0.005183282338580897,0.021041277887624946,0.016272706358027578,100,100,0.29751535111551347,0.2958277112765319,0.0005039196930734926,0.4586953373615501,0.22934766868077505,46,46,0
2025-10-17,2025-10-16,1.2864559008307825,1.2860612982802515,-0.005092788157928352,-0.005397962181446059,0.021507625225108174,0.016723639264993533,100,100,0.23156206214954086,0.23242301203755508,0.0003946025505310356,0.3606692416642174,0.1803346208321087,36,36,0
2025-10-20,2025-10-17,1.2755681556512781,1.275222209400733,-0.008159131017320131,-0.008428127721448964,0.020245053709356753,0.015875706649487027,100,100,0.2040909049042045,0.2031742796389984,0.0003459462505454209,0.31928139844104364,0.15964069922052182,32,32,0
2025-10-21,2025-10-20,1.2849707595618445,1.2844626628874223,0.007644589381557765,0.007246151626414621,0.02489432742920295,0.01938112188737465,100,100,0.29554327469922415,0.30070064509349287,0.0005080966744223767,0.4640136091470495,0.23200680457352474,46,46,0
2025-10-22,2025-10-21,1.297534875690881,1.2971399403617498,0.01017718395494116,0.009869712713820311,0.022580898618141415,0.01740822089854391,100,100,0.2335562776243586,0.23163778414242842,0.00039493532913128615,0.35852143204944015,0.17926071602472007,36,36,0
2025-10-23,2025-10-22,1.3007365080856417,1.3003017534778285,0.002772690603366046,0.002437526605800766,0.0354340673750818,0.02725064953600863,99,100,0.24713993653627195,0.26042785990102535,0.0004347546078128912,0.39021569186545707,0.19510784593272854,40,39,1
2025-10-24,2025-10-23,1.314922134333672,1.3141987052704491,0.01124383691457731,0.010687482159776662,0.021763134549911106,0.016560003036551817,100,100,0.4339243043301118,0.42097680056816433,0.0007234290632230492,0.6501534064840209,0.32507670324201043,65,65,0
2025-10-27,2025-10-24,1.3085457574566313,1.307967350449659,-0.004301440711474869,-0.004741562136532318,0.021211802248872508,0.016217379005355307,100,100,0.3402218969387241,0.3402489716446578,0.0005784070069723581,0.5200206906833631,0.26001034534168155,52,52,0
2025-10-28,2025-10-27,1.3070174787056756,1.3065377353482535,-0.0007262197666147996,-0.0010930051892457104,0.03267580209513116,0.02500945913086967,99,100,0.2744736705281918,0.2864174137318726,0.00047974335742197475,0.4291381663966028,0.2145690831983014,44,43,1
2025-10-29,2025-10-28,1.304605584116782,1.3040529573016888,-0.001478833086253295,-0.001901803506580202,0.030459031501505494,0.02335720442253396,99,100,0.3261513960291955,0.32448725225066305,0.0005526268150932469,0.4987244085118192,0.2493622042559096,51,50,1
2025-10-30,2025-10-29,1.3057081535234791,1.305134058185106,0.0012692707090786737,0.0008290314264953746,0.027132512995658553,0.0207890621085994,99,100,0.33948411991610455,0.33673169674863085,0.0005740953383731564,0.5178920073677672,0.2589460036838836,53,52,1
2025-10-31,2025-10-30,1.2969907128077296,1.296411760943216,-0.006239470440837724,-0.006683066147257777,0.031718987906238706,0.02446675420713653,99,100,0.3372175853300097,0.34238301210510347,0.0005789518645136197,0.5239826243349974,0.2619913121674987,53,52,1
2025-11-03,2025-10-31,1.311748185512755,1.3108999021987662,0.011829902374829615,0.01117557067286179,0.0316834192723805,0.02416921323988052,99,100,0.498464310494847,0.4992770251749778,0.0008482833139893837,0.7606195660791505,0.38030978303957524,77,76,1
2025-11-04,2025-11-03,1.3209792279203443,1.3203853110741168,0.007688859923379532,0.0072357995140901465,0.019805302982693923,0.01499963898158073,100,100,0.35666439153849294,0.3453801920950338,0.0005939168462276328,0.5314577010713301,0.26572885053566503,53,53,0
2025-11-05,2025-11-04,1.3140315286088657,1.313364374844234,-0.004812066911046076,-0.005317338939624605,0.016408771983008955,0.012493693522755287,100,100,0.39420945858265977,0.3914800813476064,0.0006671537646319624,0.5979228982139091,0.29896144910695455,60,60,0
2025-11-06,2025-11-05,1.3312959164300664,1.330751706121953,0.013653135359301238,0.013238771822009499,0.016811447320249445,0.0126330458513865,100,100,0.31951101994321596,0.3204579055885698,0.000544210308113356,0.4807112510702301,0.24035562553511505,48,48,0
2025-11-07,2025-11-06,1.3294636589815652,1.3290350491423282,-0.0009679094413046485,-0.0012899904405363483,0.015649271468016153,0.011774912541332273,100,100,0.25259809520649734,0.25186452919350094,0.000428609839236749,0.37944822409545337,0.18972411204772668,38,38,0
2025-11-10,2025-11-07,1.3357845104023192,1.335283685256919,0.0050784674673152175,0.004701633804633953,0.01627729951329148,0.012190143332845111,100,100,0.29387259228851026,0.29500144547918566,0.0005008251454002104,0.44084508630088515,0.22042254315044257,44,44,0
2025-11-11,2025-11-10,1.3465866346829913,1.3461041014581248,0.008464830021417846,0.008103458703701438,0.017432762910914945,0.012950531011703667,100,100,0.28278319328342816,0.2844211899059184,0.0004825332248665675,0.4212164064162688,0.2106082032081344,42,42,0
2025-11-12,2025-11-11,1.3503962198297734,1.349891525685412,0.0031885486174505484,0.0028136191125074372,0.01660621253480077,0.012301886647054035,100,100,0.2970871683625502,0.29676531213079727,0.0005046941443614071,0.43976165792896443,0.21988082896448222,44,44,0
2025-11-13,2025-11-12,1.3450394733796736,1.3444642602299246,-0.0035944016340682117,-0.0040205196878554395,0.01927770262371767,0.014338575739024017,100,100,0.3362598683449184,0.3395065715835844,0.0005752131497488937,0.5024138349118543,0.25120691745592716,50,50,0
2025-11-14,2025-11-13,1.350339790376029,1.3497901399464898,0.00437016462237505,0.0039613397500462,0.017556956799432255,0.013007175174748477,100,100,0.324081549690247,0.32291045429550097,0.0005496504295391994,0.4791327402161349,0.23956637010806744,48,48,0
2025-11-17,2025-11-14,1.3533339862600895,1.3527349989822388,0.0026254794791582547,0.002181716215430285,0.01769765672504931,0.01308287043535101,100,100,0.3518668364276233,0.35260652363109096,0.0005989872778507738,0.5205465666354185,0.26027328331770927,52,52,0
2025-11-18,2025-11-17,1.355228428690363,1.3545826527860851,0.0018432506810279747,0.0013658653063877146,0.01767658284010931,0.013049467896072921,100,100,0.3794639600333017,0.38008866205263964,0.0006457759042778847,0.5604609569915395,0.28023047849576976,56,56,0
2025-11-19,2025-11-18,1.3416002299821619,1.3410281281657408,-0.009584075786901014,-0.010006421234219687,0.018851498004435804,0.014057496340677728,100,100,0.3354000574955404,0.33714707447628817,0.0005721018164212409,0.5013021889395255,0.25065109446976275,50,50,0
2025-11-20,2025-11-19,1.3320800695387514,1.3314914380547949,-0.0066725361228839875,-0.007111476568347763,0.01812840581142601,0.013615112567235278,100,100,0.34634081808007533,0.3462063573710218,0.0005886314839561694,0.5198990595894883,0.25994952979474417,52,52,0
2025-11-21,2025-11-20,1.315700171876528,1.3151845258756596,-0.011859833061590441,-0.012247102544616029,0.018710244960410502,0.014226326870712748,100,100,0.3026110395316014,0.30370852468145426,0.0005156460008685607,0.46083414532680916,0.23041707266340458,46,46,0
2025-11-24,2025-11-21,1.2856007642371268,1.2848984853921936,-0.022494000694568528,-0.023027978118356662,0.020655265377521867,0.016075406432763593,100,100,0.4113922445558806,0.414039543817925,0.0007022788449332457,0.6420591923524683,0.32102959617623417,64,64,0
2025-11-25,2025-11-24,1.2909515842094936,1.2902924126790734,0.0047109549011978835,0.004197940419575774,0.020710841550575232,0.016051277483351764,100,100,0.38728547526284807,0.3880002229663218,0.0006591715304206624,0.6005536595734621,0.30027682978673104,60,60,0
2025-11-26,2025-11-25,1.2964816129991614,1.2960596003086895,0.0047967423967387735,0.004469674914728383,0.02324258292664469,0.017933267051228878,100,100,0.24633150646984067,0.24928526053638195,0.0004220126904719245,0.38227828457953084,0.19113914228976542,38,38,0
2025-11-27,2025-11-26,1.2940353966584022,1.2934485909600137,-0.0015618137081081507,-0.0020145750612501345,0.036148552742347385,0.027947421331618195,99,100,0.3364492031311845,0.3499419786452757,0.0005868056983885139,0.5304268983282324,0.2652134491641162,54,53,1
2025-11-28,2025-11-27,1.2945597338704027,1.2938983235160604,0.0008590545601538935,0.00034770037185083424,0.03656431517749203,0.028259032810345995,99,100,0.38836792016112087,0.38944509295060764,0.0006614103543423418,0.6008320765440976,0.3004160382720488,61,60,1
2025-12-01,2025-11-28,1.3024085828980043,1.3019695307037726,0.006577224212500843,0.006237899099968969,0.0327009684800422,0.025116538988716474,99,100,0.2604817165796009,0.25705742207638277,0.0004390521942317812,0.39737079857413204,0.19868539928706602,41,40,1
2025-12-02,2025-12-01,1.3061485948147153,1.3057411945351043,0.0032098017752257846,0.0028968910119524516,0.019124735005956905,0.014646650565976875,100,100,0.24816823301479593,0.23499939982032192,0.00040740027961123123,0.3699178139097244,0.1849589069548622,37,37,0
2025-12-03,2025-12-02,1.304013422301697,1.3034586037540534,-0.0013232118590104092,-0.0017481188390197078,0.019127046609075646,0.014674072927201824,100,100,0.32600335557542426,0.32656048572618673,0.0005548185476440601,0.5004272426504469,0.25021362132522346,50,50,0
2025-12-04,2025-12-03,1.2966740815101698,1.2961316487678736,-0.0052050155059345515,-0.005621164312451299,0.03075708390308649,0.02372990732255071,99,100,0.3112017795624408,0.32337424959874783,0.0005424327422960873,0.48938745534431477,0.24469372767215739,50,49,1
2025-12-05,2025-12-04,1.2861784557433216,1.2856972170561565,-0.007679152834523917,-0.00805044126623733,0.030464885867734437,0.02369522579934448,99,100,0.28295926026353074,0.2831483009153439,0.0004812386871649965,0.44014697855571205,0.22007348927785603,45,44,1
2025-12-08,2025-12-05,1.2992584771213096,1.2988394046773637,0.010547786745781496,0.010221837184417826,0.029511227819818568,0.022721229209356535,99,100,0.24685911065304883,0.24632452504907873,0.00041907244394581543,0.37958854561014327,0.18979427280507163,39,38,1
2025-12-09,2025-12-08,1.295242135301118,1.2947119342642397,-0.002769602895701495,-0.0031778142842450174,0.0305648864878052,0.023607480304238215,99,100,0.31085811247226836,0.3124419721771333,0.0005302010368782076,0.48122282904616653,0.24061141452308327,49,48,1
2025-12-10,2025-12-09,1.2841105244368867,1.2836201473373094,-0.008188238284354443,-0.008566992111054827,0.019428949862977468,0.015136058672248258,100,100,0.295345420620484,0.28469986109523326,0.0004903770995770467,0.4517097793977517,0.22585488969887585,45,45,0
2025-12-11,2025-12-10,1.288264316291433,1.2878459376790827,0.0036180243538224133,0.0032920878895046357,0.021073515058003534,0.016363382017558395,100,100,0.24477022009537222,0.24683316390274854,0.00041837861235024696,0.38160133582936995,0.19080066791468497,38,38,0
2025-12-12,2025-12-11,1.266881880030888,1.2665357036783123,-0.01627838939025228,-0.016547192002775657,0.02216777616662291,0.017502685555758568,100,100,0.20270110080494208,0.20414153826613715,0.00034617635257571625,0.32113699428802306,0.16056849714401153,32,32,0
2025-12-15,2025-12-12,1.2578839059593485,1.257586952174309,-0.006831072897382162,-0.0070655343374955715,0.019668472764140615,0.0156398511690462,100,100,0.17610374683430874,0.17390139721686562,0.0002969537850391374,0.2782491630531169,0.13912458152655846,28,28,0
2025-12-16,2025-12-15,1.2640176736502557,1.263188327157302,0.005113540232608349,0.004454065759276871,0.010932558383069252,0.00865473354054185,100,100,0.49296689272359995,0.4850603248354822,0.0008293464929531905,0.7737448913469029,0.38687244567345147,78,78,0
2025-12-17,2025-12-16,1.2487505403598185,1.2481512356349453,-0.011429639181335993,-0.011904077324872198,0.014787315169070935,0.011847374538349513,100,100,0.3496501513007491,0.3541042128116239,0.0005993047248732352,0.5635668144812904,0.2817834072406452,56,56,0
2025-12-18,2025-12-17,1.2530608613251786,1.252656548089949,0.003933518270913483,0.003609588587004664,0.013996253771636047,0.011173257181290065,100,100,0.23808156365178393,0.2376948154895788,0.0004043132352296073,0.37969135724038483,0.18984567862019242,38,38,0
2025-12-19,2025-12-18,1.2649430802208823,1.2643828879508339,0.009808380557039253,0.00936117715487561,0.014424632947792672,0.011408437337498656,100,100,0.3288852008574294,0.32987377230363446,0.0005601922700484554,0.5207815145690449,0.26039075728452243,52,52,0
2025-12-22,2025-12-19,1.2802010243645054,1.2795676031211916,0.012510558759070145,0.012009586111187742,0.01586588288887794,0.012399409652273947,100,100,0.37125829706570673,0.37333296825010603,0.0006334212433145416,0.5816205823498927,0.29081029117494633,58,58,0
2025-12-23,2025-12-22,1.2811049923735505,1.280537393245847,0.0012014912292315216,0.0007579045626739944,0.016526212010519972,0.012905684830202492,100,100,0.3330872980171231,0.3343152262664687,0.0005675991277033899,0.5209584915027694,0.2604792457513847,52,52,0
2025-12-24,2025-12-23,1.2704390948588369,1.269985434854997,-0.007885984775043098,-0.008240257915548499,0.01617550380239091,0.012736763240310532,100,100,0.26679220992035574,0.26689516171606653,0.0004536600038398866,0.42008103638822786,0.21004051819411393,42,42,0
2025-12-25,2025-12-24,1.2807214708601709,1.280435413859001,0.00845366860951402,0.008228424293068581,0.018632679628173263,0.014551830905721149,100,100,0.16649379121182226,0.16923702403877428,0.0002860570011697451,0.26214194334159924,0.13107097167079962,26,26,0
2025-12-26,2025-12-25,1.2841222612064782,1.283859784320606,0.0028793700233311625,0.0026743796872070735,0.018839243274948972,0.014673910270441516,100,100,0.15409467134477736,0.15456371187742515,0.000262476885872034,0.2403652615851446,0.1201826307925723,24,24,0
2025-12-29,2025-12-26,1.2848824208685132,1.2844022920094342,0.0007965328927630466,0.00042255992083695126,0.017979872301427946,0.013998629878882122,100,100,0.2826741325910728,0.2822948904766308,0.00048012885907893773,0.4397048429426049,0.21985242147130246,44,44,0
2025-12-30,2025-12-29,1.2786034232553687,1.2782752920143425,-0.004514838372791541,-0.004770312255910181,0.01954934842051048,0.015293535393071756,100,100,0.19179051348830534,0.19368812084841408,0.0003281312410262386,0.30148412504267935,0.15074206252133968,30,30,0
2025-12-31,2025-12-30,1.2750926140425558,1.2745511896805781,-0.0024898220216487132,-0.002913380519070974,0.01856247043103364,0.014563926958230432,100,100,0.31877315351063895,0.3183276998831398,0.0005414243619778371,0.499650649982132,0.249825324991066,50,50,0
