date,signal_date,pre_trade_nav,nav,gross_return,net_return,cash,cash_ratio,holding_count,desired_count,buy_notional,sell_notional,total_cost,gross_turnover,one_way_turnover,attempted_order_count,executed_order_count,blocked_order_count
2024-01-02,,1.0,1.0,0.0,0.0,1.0,1.0,0,100,0.0,0.0,0.0,0.0,0.0,0,0,0
2024-01-03,2024-01-02,1.0,0.9994003597841296,0.0,-0.000599640215870445,0.0,0.0,100,100,0.9994003597841293,0.0,0.000599640215870476,0.9994003597841293,0.49970017989206467,100,100,0
2024-01-04,2024-01-03,1.001051026534561,1.0002731574304982,0.0016516571504816557,0.0008733213249563221,0.010190375226642689,0.01018759241007699,99,100,0.45047296194055236,0.4614412062712579,0.0007778691040627161,0.9109567285183008,0.4554783642591504,92,91,1
2024-01-05,2024-01-04,0.9966884513948658,0.9958565585780599,-0.003583727113942281,-0.004415392755098613,0.010859697677474203,0.010904881414829754,99,100,0.48837734118348425,0.48987855645112177,0.0008318928168063245,0.9815062031325201,0.49075310156626006,99,98,1
2024-01-08,2024-01-05,0.9815629930959302,0.9811534924878611,-0.014353036447878442,-0.014764240857330524,0.0034832297995410905,0.0035501374924618995,100,100,0.24539074827398255,0.23842378100411854,0.00040950060806892034,0.49290216998922337,0.24645108499461169,49,49,0
2024-01-09,2024-01-08,0.9583347586900286,0.9578948721802462,-0.023257047926285468,-0.02370538400534994,0.0030532119658505143,0.0031874186348875184,100,100,0.25875038484630775,0.2587602535223996,0.00043988650978242435,0.5400102977336494,0.2700051488668247,54,54,0
2024-01-10,2024-01-09,0.9566602263915439,0.9563497312306929,-0.0012889157511534188,-0.001613059005145745,0.004100814738184837,0.004287986501452395,100,100,0.1817654430143933,0.1831235409475786,0.00031049516085097234,0.38141962412120745,0.19070981206060372,38,38,0
2024-01-11,2024-01-10,0.9553673332211597,0.9548597673264655,-0.0010272371889192833,-0.0015579697003835768,0.00730898528585709,0.0076545117261791135,100,100,0.2961638732985594,0.299879609740926,0.0005075658946941547,0.6238893275006988,0.3119446637503494,62,62,0
2024-01-12,2024-01-11,0.9712780254906078,0.9707664705461553,0.017194418202488793,0.01665867990671277,0.006516907631584176,0.006713156901595242,100,100,0.30109618790208836,0.300815665192268,0.000511554944452748,0.6197111818630111,0.30985559093150555,62,62,0
2024-01-15,2024-01-12,0.9665113980260294,0.9661961223650284,-0.00438320919523727,-0.004707979024610953,0.009012976914698182,0.009328309963236516,100,100,0.1836371656249456,0.1864485105690605,0.0003152756610009337,0.38290875508541,0.191454377542705,38,38,0
2024-01-16,2024-01-15,0.9650715004770799,0.9646126065251636,-0.001163968537977178,-0.0016389176102142855,0.0081176444984415,0.008415445167862563,100,100,0.2702200201335824,0.2697835816692421,0.0004588939519163153,0.5595477656690467,0.27977388283452337,56,56,0
2024-01-17,2024-01-16,0.9589669383998476,0.9585748454646106,-0.005852782855133354,-0.006259259955458063,0.008484119172220635,0.008850763414419118,100,100,0.23015206521596343,0.23091063282497953,0.00039209293523705596,0.4807910258202247,0.24039551291011235,48,48,0
2024-01-18,2024-01-17,0.932796767621412,0.9324135956421776,-0.02689208669011578,-0.027291817583375955,0.010456309051957687,0.011214239153984186,100,100,0.22387122422913885,0.22622658608811033,0.00038317197923440436,0.48252505362446474,0.24126252681223237,48,48,0
2024-01-19,2024-01-18,0.9263986460450068,0.926115320937954,-0.006450945830565935,-0.006754807881030334,0.010034003365802903,0.010834507473260062,100,100,0.1667517562881012,0.16661277570899918,0.00028332510705275985,0.35984997756668213,0.17992498878334107,36,36,0
2024-01-22,2024-01-19,0.9143961653046233,0.9141930192805982,-0.012654099730756818,-0.012873452568823884,0.01079855869882293,0.01181212115065218,100,100,0.11887150148960103,0.11983920284664609,0.00020314602402507148,0.26105829551103016,0.13052914775551508,26,26,0
2024-01-23,2024-01-22,0.8570214398366914,0.8563809840488008,-0.06253775541722739,-0.06323832496258952,0.009616058268085304,0.0112287153115223,100,100,0.3770894335281442,0.3765473888852972,0.0006404557878907149,0.8793675249910313,0.43968376249551566,88,88,0
2024-01-24,2024-01-23,0.8716521491841585,0.8713274711573412,0.017832209518663822,0.01745308149869973,0.008091492079812855,0.009286396157193719,100,100,0.19176347282051479,0.19056358465905962,0.0003246780268172742,0.4386234323375691,0.21931171616878456,44,44,0
2024-01-25,2024-01-24,0.8745305231271275,0.87427712110777,0.0036760598923064602,0.0033852369494455914,0.008440542945728815,0.009654310677870719,100,100,0.14867018893161166,0.14927264181688515,0.0002534020193575405,0.34068888720215185,0.17034444360107592,34,34,0
2024-01-26,2024-01-25,0.9029438280181344,0.9022700798453916,0.03278903933119248,0.0320184047618135,0.006263330577708347,0.0069417469531757045,100,100,0.39729528432797906,0.3957918201327015,0.0006737481727427577,0.8783349305365122,0.4391674652682561,88,88,0
2024-01-29,2024-01-26,0.8997458753284394,0.8993153185597367,-0.0027976152300037693,-0.003274808011101582,0.007903439305830299,0.008788284979386033,100,100,0.25192884509196306,0.2539995105887877,0.00043055676870284434,0.5623013892629058,0.2811506946314529,56,56,0
2024-01-30,2024-01-29,0.8695309894056555,0.8688051944207388,-0.03311889449607186,-0.03392594733942733,0.008519163177429505,0.009805608014474998,100,100,0.42607018480877124,0.42741170366528736,0.0007257949849170801,0.981542807413262,0.490771403706631,98,98,0
2024-01-31,2024-01-30,0.8426829363709488,0.8424243664216648,-0.030066876001134557,-0.03036449156667731,0.008905112095882043,0.010570814960763732,100,100,0.15168292854677076,0.1523274474145074,0.0002585699492840208,0.3607648414841675,0.18038242074208374,36,36,0
2024-02-01,2024-01-31,0.8031557727862039,0.8027613651009256,-0.04661379133922816,-0.04708197305499884,0.007103331041981707,0.00884862096108556,100,100,0.23291517410799914,0.2315078007393771,0.00039440768527811403,0.5782476956322685,0.28912384781613426,58,58,0
2024-02-02,2024-02-01,0.8053190952491491,0.804963556303952,0.0031861649793050173,0.0027432700410907618,0.006373160366960107,0.007917327830619974,100,100,0.2093829647647788,0.20900833303495436,0.0003555389451973167,0.5195348033692055,0.2597674016846028,52,52,0
2024-02-05,2024-02-02,0.7598411084790928,0.759569087034798,-0.056055267932926256,-0.05639319806922194,0.006790383075235107,0.008939783347086136,100,100,0.15956663278060948,0.16025587693317925,0.00027202144429486295,0.4209070898440193,0.21045354492200966,42,42,0
2024-02-06,2024-02-05,0.7038621354902452,0.7035002653048102,-0.07334020366997984,-0.07381661877376933,0.009065327739860128,0.012886033150154297,100,100,0.21115864064707363,0.21379545549713364,0.0003618701854350906,0.6037462092604592,0.3018731046302296,60,60,0
2024-02-07,2024-02-06,0.7769559044365647,0.7765009486166691,0.10441451518135225,0.1037678120565162,0.013951560221150763,0.017967215939665455,100,100,0.264165007508432,0.26950619580961827,0.0004549558198956391,0.6868745063531754,0.3434372531765877,68,68,0
2024-02-08,2024-02-07,0.8180023938975429,0.8175286653902275,0.05344674124971571,0.052836660208398945,0.01431703502545521,0.017512578618416173,100,100,0.2781208139251646,0.27896001723678443,0.00047372850731556095,0.6810259179164762,0.3405129589582381,68,68,0
2024-02-19,2024-02-08,0.8739667528708804,0.8734022111451794,0.06903499518724954,0.06834444848277221,0.013715405432700112,0.01570342421587973,100,100,0.33210736609093455,0.3320702782238805,0.0005645417257008295,0.7599575637552204,0.3799787818776102,76,76,0
2024-02-20,2024-02-19,0.8630097782056932,0.8625133254299457,-0.011898793942666908,-0.01246720649007338,0.01106724715229998,0.012831392659102603,100,100,0.2934233245899357,0.2912716190852831,0.0004964527757477736,0.677506742612898,0.338753371306449,68,68,0
2024-02-21,2024-02-20,0.8642985105118489,0.8638584605973006,0.002069747827969204,0.0015595529108891615,0.009952355589673712,0.01152081740658339,100,100,0.25928955315355473,0.25861471150547655,0.0004400499145481576,0.5992192030416916,0.2996096015208458,60,60,0
2024-02-22,2024-02-21,0.8754446343437138,0.8750729710628127,0.01341212047446061,0.012981884159307677,0.009216429858747866,0.010532184358927379,100,100,0.21886115858592842,0.21849689613590373,0.0003716632809010507,0.4995839114939601,0.24979195574698004,50,50,0
2024-02-23,2024-02-22,0.890508140221942,0.8900213443070275,0.017638722334644585,0.017082430538403415,0.0108746217927113,0.012218383145831523,100,100,0.28496260487102143,0.2871075927198994,0.0004867959149145016,0.6424087234602295,0.32120436173011474,64,64,0
2024-02-26,2024-02-23,0.9020161734826667,0.9015560212373299,0.013477012941727207,0.012960000346152745,0.010527193966226409,0.011676694202295366,100,100,0.2706048520448,0.27071757646365185,0.0004601522453368966,0.6001249693987378,0.3000624846993689,60,60,0
2024-02-27,2024-02-26,0.9038783014043626,0.9028846277253986,0.002575857863880149,0.001473681564729823,0.004886389298525803,0.0054119752939374875,100,100,0.5875208959128357,0.5828737649240993,0.0009936736789642121,1.2948586762382543,0.6474293381191272,130,130,0
2024-02-28,2024-02-27,0.9264183656317665,0.9257424455271244,0.02606505547187754,0.025316432576009795,0.00303617770781028,0.0032797218302780306,100,100,0.39835989722165954,0.3971856057355862,0.0006759201046421391,0.8587324393280216,0.4293662196640108,86,86,0
2024-02-29,2024-02-28,0.8897366298191556,0.8892832689967058,-0.03889398815181999,-0.03938371488374226,0.0022147634690107866,0.0024905039217812956,100,100,0.2669209889457466,0.2665529355293969,0.0004533608224497848,0.5995863344230027,0.29979316721150134,60,60,0
2024-03-01,2024-02-29,0.9238715953514386,0.9234935042169867,0.038894610480814995,0.038469446590260414,0.0028835119239586406,0.003122395458973496,100,100,0.22172918288434523,0.2227760224737449,0.00037809113445172595,0.48113310074112775,0.24056655037056388,48,48,0
2024-03-04,2024-03-01,0.9295063855123342,0.9289995339125301,0.006511016339465936,0.005962174796466879,0.003467684038226764,0.0037327080495104573,100,100,0.297442043363947,0.2985330670780192,0.0005068515998041894,0.6411737667767294,0.3205868833883647,64,64,0
2024-03-05,2024-03-04,0.9193072005279048,0.9188700225396695,-0.010433087456788614,-0.010903677561817093,0.002655743126535444,0.0028902271936081035,100,100,0.25740601614781333,0.2570312532243574,0.00043717798823548126,0.5595923420122884,0.2797961710061442,56,56,0
2024-03-06,2024-03-05,0.9095718401601526,0.9092462018670255,-0.0101191486841824,-0.010473538625239587,0.003167510460659634,0.003483666419673285,100,100,0.19101008643363207,0.19184749206088322,0.00032563829312715065,0.42092065913903376,0.21046032956951688,42,42,0
2024-03-07,2024-03-06,0.9199065695553146,0.9193485150670972,0.011724401670745843,0.011110646576612426,0.012345891728974486,0.013428957056697307,99,100,0.32196729934436,0.33170373510089224,0.0005580544882175977,0.7105841572163559,0.35529207860817796,72,71,1
2024-03-08,2024-03-07,0.9101687888280391,0.9097180779064731,-0.00998503406337492,-0.010475284402804874,0.013711279601694324,0.015072009598015225,99,100,0.2639489487601313,0.26576504755441716,0.0004507109215659375,0.5819953428601131,0.29099767143005656,59,58,1
2024-03-11,2024-03-08,0.91591870426827,0.9155590101596011,0.0068159867462087576,0.006420596001092571,0.014778763038525329,0.016141791926605673,99,100,0.21066130198170213,0.2120884795272021,0.00035969410866894404,0.4615581923797923,0.23077909618989614,47,46,1
2024-03-12,2024-03-11,0.9355316072683063,0.9352417435189562,0.021814647540002507,0.02149804997924054,0.01775351522193947,0.01898280882452894,99,100,0.16839568930829513,0.1716603052410595,0.00028986374935014266,0.3634895837910777,0.18174479189553885,37,36,1
2024-03-13,2024-03-12,0.9431914279301927,0.9429013120444079,0.008500138564522253,0.008189934397743626,0.018826407370901188,0.01996646640578067,99,100,0.16977445702743468,0.17113746506218117,0.0002901158857848603,0.36144510222886306,0.18072255111443153,37,36,1
2024-03-14,2024-03-13,0.9446015417359053,0.9442818333553824,0.0018031894428176543,0.0014641206808603258,0.01718293202005916,0.018196825791937404,99,100,0.1889203083471811,0.1875965413768619,0.0003197083805228566,0.39859859749129095,0.19929929874564548,41,40,1
2024-03-15,2024-03-14,0.9371903550434695,0.9368880784115934,-0.00750991712581639,-0.007830029851910059,0.016484425567397022,0.017594871732539104,99,100,0.17806616745825918,0.1776699376374732,0.00030227663187617587,0.37957721521710747,0.18978860760855373,39,38,1
2024-03-18,2024-03-15,0.951524830052421,0.9511687611815185,0.015622732296522335,0.015242677432865559,0.016308888026351116,0.017146156068133078,99,100,0.20933546261153269,0.20951599394138914,0.0003560688709024477,0.44018972844864873,0.22009486422432437,45,44,1
2024-03-19,2024-03-18,0.9605058809296503,0.9600641723254288,0.009816470146195133,0.00935208504204943,0.016627547490012072,0.017319204246251056,99,100,0.25933658785100555,0.2600969559188879,0.0004417086042213798,0.540791632912384,0.270395816456192,55,54,1
2024-03-20,2024-03-19,0.9569361213845075,0.9567014656670165,-0.0032581686006933896,-0.0035025853014255537,0.00788107953416495,0.008237762580064855,100,100,0.14354041820767613,0.13502860596931981,0.00023465571749085743,0.29110514061686654,0.14555257030843327,29,29,0
2024-03-21,2024-03-20,0.9657272434796693,0.9654804295960339,0.009434267780033201,0.00917628355768918,0.008137389785172198,0.00842833219164987,100,100,0.1448590865219504,0.14536221065659305,0.0002468138836354225,0.30052097953955387,0.15026048976977693,30,30,0
2024-03-22,2024-03-21,0.9618775229977048,0.9616145442007246,-0.0037317241115250033,-0.004004105393339619,0.0090999661925848,0.009463216054150384,100,100,0.15390040367963276,0.15512595888402558,0.00026297879698020777,0.3212741281245177,0.16063706406225886,32,32,0
2024-03-25,2024-03-22,0.94747115036628,0.9471638484635717,-0.014707965805779488,-0.015027534498413764,0.009946047144449814,0.01050087285381896,100,100,0.18001951856959322,0.18117290142416653,0.0003073019027083393,0.3812173276770775,0.19060866383853875,38,38,0
2024-03-26,2024-03-25,0.9287560857051127,0.9283474729289077,-0.019434612911291893,-0.019866019554258374,0.007812512844043133,0.008415505047258754,100,100,0.2414765822833293,0.23975166075912763,0.0004086127762050382,0.5181427615379853,0.25907138076899267,52,52,0
2024-03-27,2024-03-26,0.9271903277640304,0.9268610525586376,-0.0012464569556338567,-0.0016011465680846326,0.005908927076008763,0.006375202690518638,100,100,0.19470996883044636,0.1931356582678049,0.00032927520539285346,0.41830206321668817,0.20915103160834408,42,42,0
2024-03-28,2024-03-27,0.9015935940132324,0.9013137526059617,-0.02726132301670614,-0.027563246812617237,0.009223419762053316,0.01023330636571972,100,100,0.16228684692238185,0.16588118101569704,0.000279841407270696,0.3639866455542523,0.18199332277712615,36,36,0
2024-03-29,2024-03-28,0.9203887097968997,0.9200115608412525,0.021163503980480503,0.020745060397924675,0.010328418124770408,0.01122640036754122,100,100,0.22089329035125593,0.22237543766962023,0.000377148955647336,0.4816103493041449,0.24080517465207246,48,48,0
2024-04-01,2024-03-29,0.9320120319259507,0.9315687507538916,0.013043826399012914,0.012562005092709105,0.009560995918551803,0.010263328295216393,100,100,0.26096336893926614,0.26063922790510674,0.000443281172059177,0.559652213680665,0.2798261068403325,56,56,0
2024-04-02,2024-04-01,0.9541655008769828,0.9534700695946993,0.024256663938978518,0.023510147611846888,0.006989474766001881,0.0073305654670135206,100,100,0.41029116537710253,0.40841507550683626,0.0006954312822837827,0.8580337898734107,0.42901689493670536,86,86,0
2024-04-03,2024-04-02,0.9569728852079192,0.9565959439581083,0.0036737551863677,0.0032784189699188726,0.009126035056691895,0.009540114731127845,100,100,0.22010376359782136,0.22261726513832222,0.00037694124981084675,0.4626265128086201,0.23131325640431005,46,46,0
2024-04-08,2024-04-03,0.9543703729407129,0.9540472902551315,-0.002326552847575991,-0.0026642949084974,0.007527278536326553,0.007889837970519896,100,100,0.1908740745881426,0.1895984007533587,0.00032308268558157993,0.39866333462253956,0.19933166731126978,40,40,0
2024-04-09,2024-04-08,0.9373539004662977,0.9370023630205148,-0.017497444790571692,-0.01786591441401042,0.008054911098318936,0.00859646828675349,100,100,0.2062178581025855,0.20709702811036088,0.0003515374457829479,0.4409379275077834,0.2204689637538917,44,44,0
2024-04-10,2024-04-09,0.9511415492821452,0.9507840982118363,0.015089808542266159,0.014708324904213477,0.009264851734649955,0.009744432781400737,100,100,0.20925114084207191,0.21081853254871188,0.00035745107030882626,0.4416479058325471,0.22082395291627355,44,44,0
2024-04-11,2024-04-10,0.9331571978817739,0.9326019479063307,-0.01853933018359666,-0.019123321834790152,0.00872909512594523,0.009359936621987378,100,100,0.32660501925862084,0.32662451262535935,0.0005552499754430675,0.7000208896923078,0.3500104448461539,70,70,0
2024-04-12,2024-04-11,0.9422478137244755,0.9418764526033787,0.010342961259945493,0.009944762304935129,0.011032484851005374,0.011713303608462882,100,100,0.21671699715662937,0.21939174800278646,0.0003713611210970422,0.46283869148561296,0.23141934574280648,46,46,0
2024-04-15,2024-04-12,0.9342454962227265,0.9333162764473241,-0.0081018655467604,-0.009088427821285938,0.002986485703845406,0.003199864589540309,100,100,0.5512048427714087,0.544088063399651,0.0009292197754024597,1.1723823241315783,0.5861911620657891,118,118,0
2024-04-16,2024-04-15,0.9129595762061311,0.9121672585687889,-0.021811148862292296,-0.022660076130932905,0.002904790586510636,0.003184493369196696,100,100,0.46560938386512674,0.4663200063851342,0.0007923176373427211,1.0207783723820065,0.5103891861910033,102,102,0
2024-04-17,2024-04-16,0.883341574086042,0.8830244647448764,-0.0316013145746703,-0.031948958428565155,0.0041844078062649,0.004738722394824995,100,100,0.18550173055806876,0.18709845711898873,0.00031710934116572923,0.4218075981112651,0.21090379905563256,42,42,0
2024-04-18,2024-04-17,0.9175822334952864,0.9168337266949083,0.039135686643058554,0.03828802405808762,0.003217444501927083,0.003509299896204344,100,100,0.4404394720777375,0.44022101557377774,0.0007485068003777978,0.9597619216066035,0.4798809608033017,96,96,0
2024-04-19,2024-04-18,0.9156561479232457,0.91507607784347,-0.0012843973093219496,-0.0019170857269554809,0.006384976905756807,0.006977536688320029,100,100,0.3387927747316008,0.34254037721520625,0.0005800700797756881,0.7440928054620777,0.37204640273103884,74,74,0
2024-04-22,2024-04-19,0.9088236188652403,0.9082519822625217,-0.006832720393002312,-0.0074574079097669,0.005801109805417287,0.006387114940246319,100,100,0.3362647389801389,0.33625250848251803,0.0005716366027188534,0.7399865424958517,0.36999327124792586,74,74,0
2024-04-23,2024-04-22,0.9174730813232682,0.9170492311018774,0.01015257796385538,0.009685912071935254,0.007859147823512326,0.008570039161440867,100,100,0.24771773195728236,0.25019962019676834,0.0004238502213908143,0.5427051346682632,0.2713525673341316,54,54,0
2024-04-24,2024-04-23,0.918945628716973,0.9183562795460231,0.002067934360314494,0.0014252762009028253,0.003370066651277228,0.0036696723552031188,100,100,0.3491993389124497,0.34529960691116457,0.0005893491709497505,0.7557562973483752,0.3778781486741876,76,76,0
2024-04-25,2024-04-24,0.9287317550761195,0.9277344167128148,0.011297876174185317,0.010211872424314095,0.004796958850546682,0.005170616465371045,100,100,0.5851010056979552,0.5875252362605294,0.0009973383633053562,1.262610259151067,0.6313051295755335,126,126,0
2024-04-26,2024-04-25,0.9338128979811658,0.9333366368336052,0.006551962672559419,0.00603860331132311,0.0043357609667668585,0.004645441736302307,100,100,0.2801438693943498,0.28015893265813063,0.0004762611475605542,0.600016130922815,0.3000080654614075,60,60,0
2024-04-29,2024-04-26,0.9534714453140511,0.9524983362475545,0.021572932729560845,0.02053031956289253,0.0038791903328900777,0.004072647883220948,100,100,0.5720828671884305,0.5725994056210505,0.0009731090664962155,1.2005417450466485,0.6002708725233242,120,120,0
2024-04-30,2024-04-29,0.9738869545827206,0.9734234259398332,0.022455281569759178,0.021968636475224512,0.0033778912408071217,0.0034701150093504195,100,100,0.2726883472831617,0.2726505768339661,0.00046352864288725976,0.5599612168034308,0.2799806084017154,56,56,0
2024-05-06,2024-04-30,0.9818737567995995,0.9813711195143955,0.008681043248581766,0.008164682873631035,0.00458586235201415,0.004672913499108612,100,100,0.2945621270398799,0.2962727354362909,0.0005026372852038485,0.6017421877146272,0.3008710938573136,60,60,0
2024-05-07,2024-05-06,0.9862590347977102,0.9859218764414399,0.0049807001511652516,0.00463714168529461,0.0,0.0,102,100,0.20107760627380977,0.1968289022780657,0.00033715835627015845,0.4034503051558756,0.2017251525779378,44,42,2
2024-05-08,2024-05-07,0.9858783328147575,0.985631996715767,-4.4165392535600034e-05,-0.00029401896093350643,3.8163916471489756e-17,3.872024913827481e-17,102,100,0.1447441936950833,0.14499052979407379,0.00024633609899053126,0.2938848677827643,0.14694243389138215,32,30,2
2024-05-09,2024-05-08,0.9726346054937527,0.9721517423740921,-0.013186860070820483,-0.013676762104510187,0.0,0.0,102,100,0.2837246883700366,0.28420755148969723,0.00048286311966068857,0.5839112002100996,0.2919556001050498,62,60,2
2024-05-10,2024-05-09,0.9853878380950808,0.9849791974867227,0.013615256902862471,0.01319491037613596,0.0,0.0,102,100,0.24011241393459795,0.24052105454295597,0.00040864060835800985,0.48776070689759954,0.24388035344879977,52,50,2
2024-05-13,2024-05-10,0.9712215393015184,0.9709120214081083,-0.013967460653289243,-0.014281698653644925,0.0,0.0,102,100,0.18186907278083783,0.18217859067424796,0.00030951789341017536,0.37483483296396103,0.18741741648198051,40,38,2
2024-05-14,2024-05-13,0.9658698668540524,0.965607936857789,-0.005193214671235902,-0.0054629919430050355,0.0,0.0,102,100,0.15390698427497884,0.1541689142712422,0.0002619299962633538,0.3189621181056815,0.15948105905284074,34,32,2
2024-05-15,2024-05-14,0.968472440835071,0.9681930583745219,0.0029665290310303405,0.002677195803863386,1.3877787807814457e-17,1.4333698933055327e-17,102,100,0.16416184696620434,0.16444122942675346,0.0002793824605491514,0.3393003894975245,0.16965019474876225,36,34,2
2024-05-16,2024-05-15,0.9629222004368779,0.9626688983103938,-0.005444015418260784,-0.005705638990432749,0.006798484576024362,0.00706212134614151,101,100,0.14443833006553167,0.1514901167680402,0.0002533021264841632,0.30732331926640505,0.15366165963320252,32,31,1
2024-05-17,2024-05-16,0.9629902332304386,0.9625964547440213,0.00033379588829429707,-7.525283770948299e-05,0.007203316325455053,0.007483215100112328,101,100,0.23111765597530526,0.2319162662111533,0.0003937784864174522,0.4808293025290288,0.2404146512645144,49,48,1
2024-05-20,2024-05-17,0.9776363396583942,0.9772554110607733,0.015624288704005673,0.015228558389662972,0.005615832104591337,0.005746534673566623,101,100,0.22485635812143068,0.223649802498188,0.0003809285976208646,0.4587658441341652,0.2293829220670826,47,46,1
2024-05-21,2024-05-20,0.9788585014531122,0.9786071546374929,0.0016404006303722962,0.0013832039827257336,0.00694439233328566,0.007096200247849284,101,100,0.14682877521796678,0.14840868226228043,0.0002513468156192885,0.3016140300584489,0.15080701502922444,31,30,1
2024-05-22,2024-05-21,0.971726774642052,0.9713458504622448,-0.007030788568053725,-0.007420039942317769,0.007453478082797714,0.007673351442486472,101,100,0.2234971581676719,0.22438716809699125,0.00038092417980729355,0.4609159055328562,0.2304579527664281,47,46,1
2024-05-23,2024-05-22,0.9757360357592565,0.9753303437820002,0.004519693263653313,0.004102033604054922,0.013949308529734474,0.014302137341122585,100,100,0.23417664858222154,0.24107817100641463,0.0004056919772563884,0.4870731449605863,0.24353657248029315,49,49,0
2024-05-24,2024-05-23,0.954035513330052,0.9536771568334076,-0.02183345426265948,-0.02220087490011735,0.014997510813992398,0.015725983060966016,100,100,0.20988781293261138,0.21129437171351373,0.0003583564966444325,0.4414743253906688,0.2207371626953344,44,44,0
2024-05-27,2024-05-24,0.9483198669489228,0.947824163089271,-0.005617508866704091,-0.006137290488922753,0.010810252199534827,0.01140533510382417,100,100,0.293979158754166,0.29028760399936027,0.0004957038596517954,0.6161072683558947,0.30805363417794734,62,62,0
2024-05-28,2024-05-27,0.9539216254023112,0.9534819301954482,0.006433115498096775,0.005969215943743,0.012047994086698557,0.012635786484416035,100,100,0.25755883885862396,0.2592362759526507,0.0004396952068630905,0.5417584642693462,0.2708792321346731,54,54,0
2024-05-29,2024-05-28,0.9419826096263328,0.9416145976908705,-0.012060344517235033,-0.0124463108620686,0.01140428678618491,0.012111416724158419,100,100,0.2166560002140565,0.21638030484900533,0.00036801193546233965,0.45970732435797235,0.22985366217898617,46,46,0
2024-05-30,2024-05-29,0.9441383527588343,0.9436095644663566,0.0026802420800959847,0.002118665938674269,0.010081568111827822,0.010684046126142535,100,100,0.3115656564104153,0.31077172602853587,0.0005287882924776394,0.659159095296193,0.3295795476480965,66,66,0
2024-05-31,2024-05-30,0.9482720056331786,0.9473106922618921,0.0049410702714303145,0.003922308478961467,0.0037347325046998454,0.003942457881249531,100,100,0.5689632033799071,0.5635776811440656,0.0009613133712864197,1.1943206989093331,0.5971603494546666,120,120,0
2024-06-03,2024-05-31,0.955417637092106,0.9545860325329443,0.008557852134928323,0.007679993829353693,0.005864462311696784,0.006143461261564596,100,100,0.48726299491697406,0.49022432928313286,0.0008316045591616297,1.0230995182119225,0.5115497591059612,102,102,0
2024-06-04,2024-06-03,0.9328364615630255,0.9319657601855963,-0.022784296258984038,-0.02369642083210277,0.0036294753590910556,0.003894429939537976,100,100,0.5130600538596639,0.5116957682844875,0.0008707013774287358,1.0985374868678581,0.5492687434339291,110,110,0
2024-06-05,2024-06-04,0.932105169282417,0.9317387850815373,0.00014958607148085612,-0.00024354446671281949,0.005018618149320229,0.005386293057319756,100,100,0.2143841889349558,0.21613971592606485,0.0003663842008796451,0.4618834001236795,0.23094170006183976,46,46,0
2024-06-06,2024-06-05,0.922873496989892,0.9222007563369782,-0.009514778426734205,-0.01023680552669537,0.0026369016912190374,0.0028593575456313074,100,100,0.3968356037056535,0.39512662790046615,0.0006727406529139058,0.8581482014482358,0.4290741007241179,86,86,0
2024-06-07,2024-06-06,0.9007325797804353,0.9004244002634526,-0.02327928751849584,-0.023613465857501792,0.00408366749920239,0.004535269699496773,100,100,0.1801465159560871,0.18190146128105317,0.0003081795169828106,0.4019483533341205,0.20097417666706024,40,40,0
2024-06-11,2024-06-07,0.8965206742203775,0.8962448253395869,-0.00433542898430217,-0.0046417832775775825,0.005183777235753934,0.0057838852612507995,100,100,0.16137372135966796,0.1627496799770101,0.0002758488807905118,0.361534776226481,0.1807673881132405,36,36,0
2024-06-12,2024-06-11,0.9145065200472006,0.9139602618547445,0.020375788167808162,0.01976629154700582,0.006570985432297692,0.007189574543386457,100,100,0.32007728201652014,0.32201074840552,0.0005462581924559842,0.7021142182659343,0.35105710913296717,70,70,0
2024-06-13,2024-06-12,0.9175906070934408,0.917229811467345,0.0039721040292592935,0.003577343292765711,0.008044461371822366,0.008770388043704315,100,100,0.21104583963149137,0.21288011119711184,0.000360795626095718,0.46199900865532034,0.23099950432766017,46,46,0
2024-06-14,2024-06-13,0.9128463076155301,0.9125031242982562,-0.004779068230242434,-0.005153220174480833,0.009318367350615002,0.010211874461011978,100,100,0.20082618767541666,0.2024432769714831,0.0003431833172738818,0.4417714803495131,0.22088574017475654,44,44,0
2024-06-17,2024-06-14,0.9099533158943445,0.9096262574836398,-0.0027943010122541967,-0.003152719961182382,0.01099592433110186,0.012088398109263715,100,100,0.1910901963378123,0.19309481172900383,0.0003270584107045915,0.42220298707216775,0.21110149353608387,42,42,0
2024-06-18,2024-06-17,0.914797725875295,0.9138209488524457,0.005685267272254491,0.004611444903107831,0.0073179277054864,0.008008054219676269,100,100,0.5763225673014357,0.5736213476986697,0.0009767770228493965,1.2570471946678905,0.6285235973339452,126,126,0
2024-06-19,2024-06-18,0.925526237499815,0.9250339183674128,0.01280917083600297,0.012270422919334445,0.0109772497001378,0.011866861833035794,100,100,0.28691313362494264,0.29106477475199616,0.0004923191324021606,0.6244857087339507,0.31224285436697535,62,62,0
2024-06-20,2024-06-19,0.9081218520294997,0.9077362418262698,-0.018282644562656825,-0.018699505172385056,0.010281108694547207,0.011326096966077611,100,100,0.22703046300737492,0.22671993220501424,0.00038561020322994073,0.4996580516131544,0.2498290258065772,50,50,0
2024-06-21,2024-06-20,0.8848098253437586,0.884045462769315,-0.02525669398897812,-0.026098747593564675,0.007000796911904942,0.007919046255805227,100,100,0.4512530109253169,0.44873706171711836,0.000764362574444021,1.0171565085104914,0.5085782542552457,102,102,0
2024-06-24,2024-06-21,0.8794752285804321,0.8791912105229314,-0.005169682308607038,-0.005490953181499725,0.006669104917436431,0.00758549998864267,100,100,0.16710029343028207,0.16705261949331435,0.0002840180575008151,0.379945792746153,0.1899728963730765,38,38,0
2024-06-25,2024-06-24,0.8500818361201399,0.849835508383388,-0.03310926457678942,-0.03338943996276189,0.007017400919920692,0.008257363749450344,100,100,0.14451391214042378,0.14510853587965994,0.0002463277367518802,0.34069948999492816,0.17034974499746408,34,34,0
2024-06-26,2024-06-25,0.8432225367065608,0.8428498781030688,-0.007781472545677404,-0.008219979291766322,0.006603144377978185,0.007834306617970126,100,100,0.21923785954370584,0.21919626160525532,0.000372658603492005,0.5199506679000624,0.2599753339500312,52,52,0
2024-06-27,2024-06-26,0.8710173616079602,0.8706002629994616,0.033419336274077116,0.03292446925287362,0.008453631563280243,0.009710118320152025,100,100,0.24388486125022882,0.24615244704402955,0.0004170986084985705,0.5626033761136685,0.28130168805683425,56,56,0
2024-06-28,2024-06-27,0.8509657804022672,0.8506908917833822,-0.022552810321407546,-0.022868556399794793,0.008202990048995116,0.009642738776476643,100,100,0.1616834982764308,0.1617077453810306,0.0002748886188849923,0.3800284936305998,0.1900142468152999,38,38,0
2024-07-01,2024-06-28,0.8546914877317132,0.8543113746338417,0.004702760999291122,0.0042559323079967015,0.009949659036845951,0.01164640824443006,100,100,0.2222197868102454,0.22434656889596785,0.000380113097871712,0.5224883623111384,0.2612441811555692,52,52,0
2024-07-02,2024-07-01,0.8588238981263565,0.858431783814095,0.005282059476790835,0.004823076576756735,0.007661311107699038,0.008924775680670974,100,100,0.23188245249411626,0.2299862188772309,0.00039211431226142374,0.5377920576953875,0.26889602884769376,54,54,0
2024-07-03,2024-07-02,0.8511160537456162,0.8506944421468764,-0.008522203169102571,-0.009013344814471913,0.009068230639183725,0.010659797678116313,100,100,0.24682365558622865,0.24865218671645312,0.00042161159873983566,0.5821483922458957,0.2910741961229478,58,58,0
2024-07-04,2024-07-03,0.8420420660785749,0.8416846228815454,-0.01017095638530996,-0.010591134511932498,0.008324713756835612,0.009890538012130455,100,100,0.2105105165196437,0.21012444283432505,0.00035744319702954425,0.49954150309008116,0.24977075154504058,50,50,0
2024-07-05,2024-07-04,0.8210098148842154,0.8207304696507359,-0.024563604270859685,-0.02489549251722345,0.008228910722374609,0.01002632536096344,100,100,0.1642019629768431,0.16438550517586162,0.0002793452334795537,0.4002235566441364,0.2001117783220682,40,40,0
2024-07-08,2024-07-05,0.8303376735393514,0.8299250739657681,0.011705674693305745,0.01120295231508206,0.010764584356215162,0.012970549624169048,100,100,0.24079792532641198,0.24374619853383578,0.00041259957358306677,0.5835506918466759,0.2917753459233379,58,58,0
2024-07-09,2024-07-08,0.8073015187590524,0.8069022508686248,-0.02725975623149901,-0.02774084531164911,0.011518263447062905,0.014274670116068672,100,100,0.23411744044012517,0.2352703874214005,0.0003992678904276162,0.5814281491542931,0.29071407457714654,58,58,0
2024-07-10,2024-07-09,0.823507797010624,0.8231127958519602,0.020579377643479724,0.020089849750555056,0.013860941639893612,0.016839662449357126,100,100,0.2305821831629748,0.23331986251446932,0.00039500115866370107,0.5633244121809563,0.28166220609047815,56,56,0
2024-07-11,2024-07-10,0.8371917951931813,0.8367926773363309,0.01710458082072308,0.016619692408269993,0.014020516817926374,0.01675506633561413,100,100,0.23441370265409078,0.23497239568897393,0.0003991178568503251,0.5606673417466475,0.2803336708733237,56,56,0
2024-07-12,2024-07-11,0.8485344565931021,0.848129128487369,0.01403188576428227,0.013547502814106993,0.014911283616419786,0.0175813836779948,100,100,0.23758964784606862,0.23888574275029517,0.0004053281057329659,0.5615274511178138,0.2807637255589069,56,56,0
2024-07-15,2024-07-12,0.8441886874812136,0.8438461121940555,-0.004646038997838886,-0.00504995778290529,0.012883528934524114,0.015267628479114623,100,100,0.20260528499549124,0.20092010560075363,0.00034257528715812347,0.47800378822918643,0.23900189411459322,48,48,0
2024-07-16,2024-07-15,0.8306346813979226,0.8304085625683268,-0.01565620864423045,-0.01592417080738817,0.012826679428145488,0.015446227322698272,100,100,0.13290154902366763,0.13307081834688478,0.00022611882959577384,0.32020378311549946,0.16010189155774973,32,32,0
2024-07-17,2024-07-16,0.8309088167421952,0.8306113818731743,0.0006024193347924367,0.0002442403823730288,0.013256900417060551,0.015960412662735148,100,100,0.17449085151586102,0.17521850737379685,0.0002974348690206933,0.4208757349101059,0.21043786745505294,42,42,0
2024-07-18,2024-07-17,0.8228361282058179,0.8224447550906722,-0.00936088023477577,-0.009832067030053127,0.01259563468360781,0.015314870215470192,100,100,0.23039411589762898,0.23012422327932197,0.000391373115145832,0.5596719971218381,0.27983599856091906,56,56,0
2024-07-19,2024-07-18,0.8268292383911197,0.8264804324135807,0.005331036854826943,0.004906928152838219,0.009886420726738657,0.01196207476790131,100,100,0.2067073095977799,0.2043469016184496,0.00034880597753896253,0.49714522918429527,0.24857261459214763,50,50,0
2024-07-22,2024-07-19,0.8348420494271463,0.8344716092366085,0.010117138513669577,0.009668924404768964,0.010825075709856764,0.012972371486382576,100,100,0.217058932851058,0.21836802802471403,0.0003704401905378196,0.5215680752719083,0.26078403763595415,52,52,0
2024-07-23,2024-07-22,0.8354022003230204,0.8343638068125248,0.0011151860364226884,-0.0001291864491139716,0.011295209376015884,0.013537511195705343,99,100,0.6098436062358049,0.6113521334124596,0.00103839351049519,1.461805749585136,0.730902874792568,148,147,1
2024-07-24,2024-07-23,0.8159354657861247,0.8150268783812606,-0.02208669752442982,-0.023175655839070886,0.004120996745401062,0.005056270970579335,100,100,0.5385174074188422,0.5322517821930915,0.0009085874048637067,1.3123209304062862,0.6561604652031431,131,131,0
2024-07-25,2024-07-24,0.7986779944610631,0.7982573273924044,-0.02005931872169453,-0.020575457612100556,0.003485571111295941,0.004366475560809374,100,100,0.24759017828292965,0.24737541971748325,0.0004206670686589893,0.6197311074463856,0.3098655537231928,62,62,0
2024-07-26,2024-07-25,0.8040762938240164,0.8037083744736673,0.0072895872445295495,0.006828684052383682,0.002070680382451548,0.0025764076227370353,100,100,0.2171005993324844,0.216053627953989,0.0003679193503488785,0.5386979203509206,0.2693489601754603,54,54,0
2024-07-29,2024-07-26,0.8153972099718184,0.8149231832979555,0.014543627849847862,0.013953828503569632,0.00407582325332893,0.005001481534534662,100,100,0.27723505139041826,0.27971422093515863,0.000474026673862926,0.6830404439878155,0.34152022199390775,68,68,0
2024-07-30,2024-07-29,0.803477982796866,0.8031228477066592,-0.01404451454525002,-0.014480304196944016,0.003718707991018231,0.0046303102964099585,100,100,0.20890427552718516,0.20890229535508129,0.0003551350902069003,0.5199975354992342,0.2599987677496171,52,52,0
2024-07-31,2024-07-30,0.8052523031262037,0.8049634947940353,0.002651469106656812,0.002291862437523884,0.0046419541610052024,0.005766664191638817,100,100,0.16910298365650273,0.17031503815865817,0.00028880833216842584,0.421505186011204,0.210752593005602,42,42,0
2024-08-01,2024-07-31,0.8471076289856413,0.8458640681287297,0.052355335942767534,0.05081046979050852,0.008025214516758259,0.009487593597056452,99,100,0.7285125609276516,0.7331393821403159,0.0012435608569109436,1.7254619047855877,0.8627309523927938,174,173,1
2024-08-02,2024-08-01,0.8419754164028944,0.8415885320642241,-0.0045972537105613,-0.005054637294103492,0.008017987033653605,0.009527205669007058,99,100,0.22733336242878155,0.227713019284347,0.0003868843386700501,0.5404509120434745,0.27022545602173725,55,54,1
2024-08-05,2024-08-02,0.8347750210763178,0.8343178032129691,-0.008096012158333776,-0.008639291737283505,0.010379179973291798,0.012440319424230715,99,100,0.2671280067444217,0.2699464175474086,0.0004572178633488025,0.6433762519622989,0.32168812598114943,65,64,1
2024-08-06,2024-08-05,0.8272392713964245,0.8267624882546903,-0.008484215234632497,-0.00905567989701661,0.008664981256012219,0.01048061732252045,99,100,0.2812613522747843,0.2800239366992389,0.00047678314173403374,0.6785041624372394,0.3392520812186197,69,68,1
2024-08-07,2024-08-06,0.8299715015223353,0.8297364339728497,0.0038814209803099686,0.003597098030460266,0.016898369226130285,0.020365948190583162,98,100,0.13279544024357365,0.1412638957631774,0.0002350675494856391,0.33020330879321863,0.16510165439660932,35,33,2
2024-08-08,2024-08-07,0.8271895299425323,0.8268547215385093,-0.00306953380138153,-0.003473045555614007,0.0013388824562655423,0.0016192475188075543,100,100,0.20679738248563306,0.1915727041197914,0.00033480840402315046,0.48159469164594076,0.24079734582297038,48,48,0
2024-08-09,2024-08-08,0.8343968439760726,0.8340275713038674,0.009121460204677634,0.008674860986476407,0.0013962163002276297,0.0016740649209532378,100,100,0.2169431794337789,0.21736978594994621,0.0003692726722052077,0.5205112753233035,0.2602556376616518,52,52,0
2024-08-12,2024-08-09,0.8251107165765774,0.8246900372847442,-0.010691318889314294,-0.011195713835365773,0.0008599246259649619,0.0010427246445176251,100,100,0.2475332149729732,0.24741760259054377,0.00042067929183338165,0.5998598825828986,0.2999299412914493,60,60,0
2024-08-13,2024-08-12,0.8199586633680421,0.8195116024427644,-0.005737154206785333,-0.00627924990949269,0.001325056796840418,0.0016168859512064827,100,100,0.26238677227777346,0.2632989653739267,0.0004470609252779828,0.6411124866861048,0.3205562433430524,64,64,0
2024-08-14,2024-08-13,0.826335310707675,0.8259836558224097,0.008326554797480235,0.007897451799771638,0.0013937457429288591,0.001687376902804625,100,100,0.2065838276769187,0.2070041715082724,0.00035165488526525034,0.500508684339041,0.2502543421695205,50,50,0
2024-08-15,2024-08-14,0.8156666202126799,0.8153188585721473,-0.012490605034378599,-0.012911632300573572,0.0020490085953406324,0.0025131377421209453,100,100,0.20391665505316997,0.20491967954611445,0.0003477616405326281,0.5012296990805912,0.2506148495402956,50,50,0
2024-08-16,2024-08-15,0.8235952797379824,0.8232908037843668,0.01015114648559634,0.009777702463770632,0.011246749686313786,0.013660725511103233,99,100,0.1729550087449763,0.18245722578956503,0.0003044759536155074,0.43153748361405336,0.21576874180702668,44,43,1
2024-08-19,2024-08-16,0.8136513413708029,0.8128876094866535,-0.01170845388926356,-0.012636111383600546,0.0006064788613842388,0.0007460795985895715,100,100,0.4556447511676497,0.44576821222686946,0.0007637318841501458,1.1078614605069776,0.5539307302534888,111,111,0
2024-08-20,2024-08-19,0.8155286275990086,0.8151648057691306,0.0032489339012349294,0.002801366702975372,0.0032955447398388266,0.004042795661092591,100,100,0.21203744317574222,0.21509033088407487,0.00036382182987792773,0.5237434464039853,0.26187172320199265,52,52,0
2024-08-21,2024-08-20,0.7949152180221339,0.7942021144530121,-0.02484109667601586,-0.025715893482839536,4.0245584642661925e-16,5.067423507223991e-16,100,100,0.42114367906469286,0.41856123789397615,0.0007131035691221905,1.0563452528283186,0.5281726264141593,106,106,0
2024-08-22,2024-08-21,0.7923822501925452,0.7920898117365179,-0.0022914371887821083,-0.0026596538564355177,0.008396645824314208,0.010600623439286557,99,100,0.16640027254043444,0.1750893568207754,0.0002924384560271138,0.43096577349912807,0.21548288674956403,44,43,1
2024-08-23,2024-08-22,0.7800635995243732,0.7792493375245864,-0.015182889659670518,-0.016210881672346078,0.00037780735867265405,0.00048483500784591134,100,100,0.48363943170511137,0.47643485523925655,0.0008142619997862471,1.2307641165794074,0.6153820582897037,123,123,0
2024-08-26,2024-08-23,0.7805732131299284,0.7801200197932839,0.0016989114287189189,0.0011173346280453078,0.0017628135269246482,0.0022596696433861015,100,100,0.26539489246417564,0.26723309196907213,0.0004531933366444855,0.6823549354166608,0.3411774677083304,68,68,0
2024-08-27,2024-08-26,0.7827978793426493,0.7823419052142714,0.00343262508514397,0.00284813280599594,0.004504070414658737,0.0057571636961273875,100,100,0.2661512789765008,0.26934850999261284,0.0004559741283777754,0.6840843634103825,0.34204218170519124,68,68,0
2024-08-28,2024-08-27,0.77273052716256,0.7724004693485791,-0.012285393365294661,-0.012707277725292565,0.005671594361330332,0.00734281578843886,100,100,0.19318263179064,0.19468021355129242,0.0003300578139808052,0.5019380388220865,0.25096901941104327,50,50,0
2024-08-29,2024-08-28,0.7751541170464172,0.7748365634037538,0.0035650518184697777,0.0031539261715225475,0.006527461544394555,0.008424307592971974,100,100,0.18603698809114014,0.1872104089168677,0.0003175536426632383,0.4815137903546183,0.24075689517730914,48,48,0
2024-08-30,2024-08-29,0.7965633311433246,0.7961820365327066,0.028040452355691636,0.027548355533436597,0.008082953291908675,0.01015214225016823,100,100,0.22303773272013083,0.224974519078263,0.0003812946106181682,0.5624314279636149,0.28121571398180745,56,56,0
2024-09-02,2024-08-30,0.8118294332082618,0.8113717354495393,0.01965303907596061,0.019078173357166328,0.00968111616282579,0.01193178877184079,100,100,0.2679037129587264,0.26995957358836603,0.0004576977587224387,0.6625323800117903,0.33126619000589513,66,66,0
2024-09-03,2024-09-02,0.7930441868406496,0.7926355782708245,-0.02258834983786484,-0.02309195201177927,0.013050720807693636,0.016464969735732096,100,100,0.23791325605219488,0.24169146926688778,0.0004086085698248929,0.6047641900380667,0.30238209501903335,60,60,0
2024-09-04,2024-09-03,0.7972889294929882,0.7968544620476576,0.00587073221254486,0.005322602079049776,0.013291042168428038,0.016679384757756602,100,100,0.25513245743775625,0.25580724624382123,0.0004344674453308569,0.6408463541648498,0.3204231770824249,64,64,0
2024-09-05,2024-09-04,0.8041825324205165,0.803866664178313,0.00919624689561016,0.008799853002813496,0.014277784859895604,0.01776138443866173,100,100,0.1849619824567188,0.18626459339038984,0.00031586824220345984,0.46161979511013534,0.23080989755506767,46,46,0
2024-09-06,2024-09-05,0.8090566252953999,0.8085494920495855,0.00645624622634644,0.005825378859389829,0.012167586617227619,0.01504866026986685,100,100,0.299350951359298,0.2977478863624443,0.0005071332458142672,0.7380185997534248,0.3690092998767124,74,74,0
2024-09-09,2024-09-06,0.7875184853624329,0.7870235764915973,-0.02601078461361872,-0.026622879328539795,0.011272444603416346,0.014322880457618283,100,100,0.2913818395841001,0.2909816064411246,0.000494908870835697,0.7394917793671962,0.3697458896835981,74,74,0
2024-09-10,2024-09-09,0.7867036282178559,0.7863938713406444,-0.00040652946531494205,-0.000800109640628488,0.012922468252033987,0.01643256480369533,100,100,0.1809418344901068,0.18290161501593602,0.0003097568772115935,0.462491129385368,0.231245564692684,46,46,0
2024-09-11,2024-09-10,0.7849670869647609,0.784686813879698,-0.0018143381171716877,-0.0021707410537625815,0.01267840881832874,0.01615728542148345,100,100,0.16484308826259977,0.16487930191395747,0.00028027308506291325,0.4200461339742252,0.2100230669871126,42,42,0
2024-09-12,2024-09-11,0.790797314418056,0.7903411237396212,0.007787183918825047,0.007205817352743393,0.011412973322635007,0.014440566205934926,100,100,0.26887108690213907,0.26806184208488015,0.0004561906784346514,0.6789766722742928,0.3394883361371464,68,68,0
2024-09-13,2024-09-12,0.7845348863250584,0.7840539266448612,-0.007346495380487927,-0.007955042330343609,0.011681404339168625,0.014898725638880374,100,100,0.28243255907702114,0.28318194977375183,0.0004809596801973397,0.7209552037899056,0.3604776018949528,72,72,0
2024-09-18,2024-09-13,0.7752582335440743,0.7749956070747246,-0.011218224667817855,-0.011553184369472058,0.010544841455914777,0.013606324164490457,100,100,0.15505164670881486,0.15417771029491073,0.0002626264693496906,0.3988727157273661,0.19943635786368305,40,40,0
2024-09-19,2024-09-18,0.7756580634648751,0.7753003410835593,0.0008547872840867221,0.0003932074015038367,0.011728328334076991,0.015127464432281156,100,100,0.20942767713551633,0.21096888639499445,0.0003577223813158033,0.5419869699447121,0.27099348497235604,54,54,0
2024-09-20,2024-09-19,0.7827918466082223,0.7818418205065765,0.009662714083413126,0.008437348826488167,0.0034045580479228343,0.004354535608899673,100,100,0.56361012955792,0.5562363853734118,0.0009500261016455038,1.4305801980226822,0.7152900990113411,144,144,0
2024-09-23,2024-09-20,0.7771431227177095,0.7768129284178767,-0.006009780579174673,-0.00643210935613725,0.0029911570913957984,0.003850550089952601,100,100,0.19428578067942737,0.19420257402273297,0.0003301942998326623,0.4998929326474596,0.2499464663237298,50,50,0
2024-09-24,2024-09-23,0.7789449780008485,0.7786019333121527,0.0027446113536164773,0.002303006076275649,0.0015126655114622023,0.0019427970144221991,100,100,0.2025256942802206,0.20139024738898292,0.0003430446886960138,0.5185423272204004,0.2592711636102002,52,52,0
2024-09-25,2024-09-24,0.8155006030137483,0.8149332786577358,0.04739092997705474,0.04666228504086867,0.0,0.0,100,100,0.33433190075492425,0.3333865595994745,0.0005673243560123758,0.8187835274269465,0.40939176371347324,82,82,0
2024-09-26,2024-09-25,0.8137881754261607,0.8134824478408793,-0.0014051496749049042,-0.001780306259238973,0.0009404612073476426,0.0011560928079564427,100,100,0.17903339859375536,0.1802795873863842,0.0003057275852812761,0.44153134295908913,0.22076567147954457,44,44,0
2024-09-27,2024-09-26,0.8571662913095202,0.8568007145938535,0.05369979842169337,0.05325040124460978,0.0017394680007634424,0.002030189717556429,100,100,0.21429157282738,0.2154561563364624,0.0003655767156665368,0.5013586436154683,0.25067932180773417,50,50,0
2024-09-30,2024-09-27,0.9172627468488915,0.9168251754815253,0.07056720568177699,0.0700565018974395,0.002169441966248062,0.0023662547934601057,100,100,0.25683356911768956,0.2577011144505404,0.00043757136736620824,0.5609457980669453,0.28047289903347267,56,56,0
2024-10-08,2024-09-30,1.0793136585796277,1.078931865658419,0.17722951708079115,0.17681308772062643,0.14870849891622395,0.1378293696288917,87,100,0.12951763902955532,0.2764384889007397,0.0003817929212085467,0.37612433114626903,0.18806216557313452,50,37,13
2024-10-09,2024-10-08,1.0186655526309218,1.0180360837040905,-0.05585738538801954,-0.05644080399568774,0.011887920051838584,0.011677307162418823,100,100,0.4583994986839148,0.3222083887463607,0.0006294689268313467,0.7663043924614792,0.3831521962307396,77,77,0
2024-10-10,2024-10-09,0.9614608034275884,0.9608148693314357,-0.055572961687816336,-0.05620745206246258,0.004097213066687231,0.0042643106361771824,100,100,0.3845843213710354,0.37743954848203676,0.0006459340961528624,0.792568836021679,0.3962844180108395,80,80,0
2024-10-11,2024-10-10,0.9536269495060741,0.953332341728624,-0.007481066389369184,-0.007787689222605643,0.006346178835786486,0.006656837870704477,100,100,0.1716528509110933,0.1741964244576427,0.00029460777745006294,0.3626672626522004,0.1813336313261002,36,36,0
2024-10-14,2024-10-11,0.9140590630360416,0.9138268733757584,-0.041195789729917665,-0.04143934557096063,0.005299988456406796,0.005799773032312087,100,100,0.13710885945540624,0.1362948587363097,0.00023218966028318427,0.2991094659502715,0.14955473297513575,30,30,0
2024-10-15,2024-10-14,0.9261033181330275,0.9258195051674726,0.013434103455415736,0.013123527159375703,0.0054028574965890655,0.005835756825637127,100,100,0.16669859726394498,0.1670852792696822,0.0002838129655550174,0.36041753657304326,0.18020876828652163,36,36,0
2024-10-16,2024-10-15,0.8978909776996804,0.8976597095450777,-0.030166276808717862,-0.03041607512611333,0.0072679123323429445,0.008096511690411312,100,100,0.13468364665495208,0.1367799696453087,0.00023126815460281067,0.3023347188494167,0.15116735942470835,30,30,0
2024-10-17,2024-10-16,0.9126396741647507,0.9124684012738019,0.016687798795453013,0.01649699944339611,0.007650522968719353,0.008384425102326017,100,100,0.10039036415812257,0.10094424768544787,0.0001712728909488662,0.22060690274925007,0.11030345137462504,22,22,0
2024-10-18,2024-10-17,0.898926916159734,0.8986987035153561,-0.014840497594397872,-0.015090602303842404,0.006500747376315192,0.007233511465952742,100,100,0.13483903742396008,0.13391747447593377,0.0002282126443779033,0.2989748188295848,0.1494874094147924,30,30,0
2024-10-21,2024-10-18,0.937326903493255,0.9370084058085691,0.04298236976063352,0.04262797102450522,0.006006374689874246,0.006410160946946028,100,100,0.18746538069865099,0.18728950569689579,0.0003184976846857758,0.39981236535396586,0.19990618267698293,40,40,0
2024-10-22,2024-10-21,0.9381911169062439,0.9379524507151266,0.001262220371069267,0.0010075095385539967,0.005247214231793949,0.00559432861206695,100,100,0.1407286675359366,0.14020817326897372,0.00023866619111743284,0.2994452150978798,0.1497226075489399,30,30,0
2024-10-23,2024-10-22,0.9517062404287064,0.9514128227673123,0.014663632152241313,0.014350804288557617,0.006949752773046684,0.007304665868211017,100,100,0.17130712327716716,0.17330307947981397,0.0002934176613940958,0.3620972397971749,0.18104861989858745,36,36,0
2024-10-24,2024-10-23,0.9565488236936452,0.9563350547795497,0.005398288527785677,0.005173602766799457,0.00889200573104572,0.009298002500907454,100,100,0.12435134708017388,0.12650736895226855,0.0002137689140955997,0.26225395904389837,0.13112697952194918,26,26,0
2024-10-25,2024-10-24,0.9569879035156459,0.9567740473551829,0.0006826569127977855,0.0004590363737471126,0.010825271194203845,0.011314344514390014,100,100,0.124408427457034,0.12655554908065503,0.00021385616046294106,0.2622436246223524,0.1311218123111762,26,26,0
2024-10-28,2024-10-25,0.9827482906280753,0.9824574086674008,0.02714772975363755,0.02684370608004527,0.016777757127075188,0.01707733788666975,100,100,0.1670672094067728,0.17331057730031854,0.00029088196067441425,0.34635296744149574,0.17317648372074787,34,34,0
2024-10-29,2024-10-28,1.0011226433203995,1.0007997989619841,0.018998517888237032,0.01866990887621567,0.015983771516658585,0.015970997929093046,100,100,0.19021330223087587,0.18974216097887459,0.0003228443584152875,0.3795293870784516,0.1897646935392258,38,38,0
2024-10-30,2024-10-29,0.9726838422534809,0.9723848519034988,-0.02809348756630914,-0.028392238975224582,0.016911230487268315,0.017391499316514052,100,100,0.17508309160562655,0.17630954092621842,0.0002989903499822164,0.36126089204663914,0.18063044602331957,36,36,0
2024-10-31,2024-10-30,0.9753046095102913,0.9750049871836725,0.003002676976175511,0.0026945455547200403,0.017683531896026915,0.018136863019651072,100,100,0.17555482971185243,0.17662675344722994,0.00029962232661906425,0.36109906558927857,0.18054953279463928,36,36,0
2024-11-01,2024-10-31,0.9836649937303399,0.9833275488389419,0.008882012564553232,0.008535917010342065,0.020072262940927413,0.020412590865198088,100,100,0.196732998746068,0.1994591746823666,0.00033744489139824396,0.40277144754939403,0.20138572377469702,40,40,0
2024-11-04,2024-11-01,0.971318866271684,0.970937111440731,-0.012212291399175346,-0.012600518934754557,0.021480648328612302,0.022123624769824803,100,100,0.2234033392424873,0.225193479461125,0.0003817548309527301,0.4618429995347552,0.2309214997673776,46,46,0
2024-11-05,2024-11-04,0.9947540595971501,0.9941159852271667,0.024529856646511528,0.023872682909443554,0.01671825348896363,0.016817206178556036,100,100,0.3780065426469172,0.3738822221772518,0.0006380743699831277,0.7558539294915415,0.37792696474577075,76,76,0
2024-11-06,2024-11-05,1.0256169900507321,1.0249377881882036,0.0316874542726191,0.03100423232204008,0.015327959012953703,0.014955014040461075,100,100,0.39999062611978553,0.39927953350630435,0.0006792018625288076,0.7793066684538387,0.38965333422691933,78,78,0
2024-11-07,2024-11-06,1.030719275099103,1.0302064658819643,0.005640817401336484,0.00514048535870093,0.01905570844536044,0.01849698004860294,100,100,0.2989085897787398,0.3031491484282852,0.000512809217138357,0.5841141742004753,0.29205708710023764,58,58,0
2024-11-08,2024-11-07,1.075914296910937,1.0755080731951887,0.04436764138326588,0.04397332846716462,0.022132910823881857,0.02057902806636121,100,100,0.23670114532040618,0.24018457141467592,0.00040622371574838687,0.443237642723283,0.2216188213616415,44,44,0
2024-11-11,2024-11-08,1.0586388869823677,1.0583685082214853,-0.015684853171492152,-0.015936249481404707,0.02224966361005981,0.021022605488752517,100,100,0.15879583304735517,0.15918296459441536,0.00027037876088227016,0.3003656880092169,0.15018284400460846,30,30,0
2024-11-12,2024-11-11,1.0746425836024436,1.074333941282602,0.01537656804273757,0.015084947196648546,0.020187033272411926,0.018790277861194145,100,100,0.18268923921241542,0.1809352511946091,0.00030864231984151946,0.3383678405782818,0.1691839202891409,34,34,0
2024-11-13,2024-11-12,1.0690654807499957,1.0688427695531273,-0.004903931943466833,-0.005111233591781672,0.02416599370777947,0.02260949355337178,100,100,0.12828785768999945,0.1324895293222355,0.0002227111968684587,0.243930228510688,0.121965114255344,24,24,0
2024-11-14,2024-11-13,1.0706785793465583,1.0704608626421217,0.001717567677609333,0.0015138738223123838,0.023310344503306935,0.021775989498366264,100,100,0.128481429521587,0.12784349702155112,0.00021771670443665857,0.23940417926318724,0.11970208963159362,24,24,0
2024-11-15,2024-11-14,1.042380052047755,1.0420612182058935,-0.026232449568550642,-0.026530296835077127,0.022869279693324474,0.02194619595641251,100,100,0.18762840936859593,0.18750617840047518,0.00031883384186168033,0.3598827385770856,0.1799413692885428,36,36,0
2024-11-18,2024-11-15,1.0420194852656575,1.0415076993989827,-4.004845349481201e-05,-0.0005311768610521961,0.020603185134136934,0.01978207664333764,100,100,0.3021856507270405,0.3004313420345277,0.0005117858666742049,0.5783164338888865,0.28915821694444327,58,58,0
2024-11-19,2024-11-18,1.034778920164253,1.0342165641805405,-0.00646061401045106,-0.007000558154922509,0.01952833018977164,0.018882244653705457,100,100,0.331129254452561,0.3306167554919083,0.0005623559837126363,0.6395047261297405,0.31975236306487026,64,64,0
2024-11-20,2024-11-19,1.0554164257490344,1.0548934967453043,0.020498474210081552,0.019992846064254444,0.021376951946098566,0.020264559419556134,100,100,0.30607076346721995,0.308442314227277,0.0005229290037303362,0.5822470284734993,0.29112351423674965,58,58,0
2024-11-21,2024-11-20,1.0705769925306767,1.0701386779979738,0.014867373657872829,0.014451867700109977,0.022319655368084945,0.020856787841591503,100,100,0.25693847820736243,0.25831949616205147,0.0004383145327026736,0.48128997537246204,0.24064498768623102,48,48,0
2024-11-22,2024-11-21,1.0699893215695089,1.0698256325965108,-0.0001395673584514423,-0.0002925278825064437,0.022138336211452003,0.020693406043862824,100,100,0.0962990389412558,0.096281408757621,0.0001636889729981366,0.1799835230284271,0.08999176151421355,18,18,0
2024-11-25,2024-11-22,1.0336554468696015,1.0329568427906164,-0.03380942148406252,-0.034462428906673614,0.017547345872462386,0.01698749177657492,100,100,0.41346217874784064,0.40956979248783626,0.0006986040789853235,0.7962343484264583,0.3981171742132292,80,80,0
2024-11-26,2024-11-25,1.0404623447407126,1.0400208381004123,0.007266036332959969,0.006838616113633567,0.016478697218934947,0.015844583699912325,100,100,0.26011558618517816,0.25948844417195116,0.00044150664030025307,0.4993972467947571,0.24969862339737856,50,50,0
2024-11-27,2024-11-26,1.0308627896179792,1.0303539652761036,-0.008805639413110522,-0.009294883785179953,0.01652349705328722,0.016036719040392517,100,100,0.29895020898921404,0.2995038331654418,0.0005088243418755142,0.5805370493355697,0.29026852466778486,58,58,0
2024-11-28,2024-11-27,1.0459432051136373,1.0455527653275791,0.015129984804160168,0.01475104727471277,0.015457627581373791,0.01478416785261986,100,100,0.23010750512500014,0.22943207543914498,0.00039043978605806013,0.43935423865984974,0.21967711932992487,44,44,0
2024-11-29,2024-11-28,1.0446346560731659,1.044190724532984,-0.0008781089628945304,-0.0013026992417435324,0.014978979087237191,0.014345060471530778,100,100,0.26115866401829146,0.26112394706433667,0.00044393154018174553,0.4999667664156527,0.24998338320782634,50,50,0
2024-12-02,2024-11-29,1.0632221489712328,1.0627344368716232,0.01822600411123232,0.017758932255343307,0.014212297198205373,0.013373328938170278,100,100,0.28706998022223285,0.28679101043281047,0.0004877120996094313,0.5397376185309042,0.2698688092654521,54,54,0
2024-12-03,2024-12-02,1.083324133020591,1.0830090279284452,0.019374262689348498,0.019077758613435414,0.01573757183597793,0.014531339471915943,100,100,0.18416510261350047,0.18600548234341885,0.00031510509214586113,0.3416988264858339,0.17084941324291694,34,34,0
2024-12-04,2024-12-03,1.0815766782915845,1.0813363191447432,-0.0013225648170268611,-0.001544501237354945,0.016706940815395928,0.015450272518923511,100,100,0.140604968177906,0.1418146963041653,0.00024035914684132544,0.2611184857722433,0.13055924288612164,26,26,0
2024-12-05,2024-12-04,1.0652080365941017,1.064917724294954,-0.014915139966257485,-0.015183615457192046,0.01694000414721992,0.015907336088743687,100,100,0.17043328585505627,0.17095666148602798,0.0002903122991476644,0.32049133653989803,0.16024566826994902,32,32,0
2024-12-06,2024-12-05,1.0754696048245995,1.0751381565942832,0.00990863452538715,0.009597391484958084,0.01874903886228909,0.017438725197588045,100,100,0.19358452886842792,0.1957250118138134,0.0003314482303162518,0.3619902774897433,0.18099513874487164,36,36,0
2024-12-09,2024-12-06,1.0921957300412715,1.0918781956166128,0.015865471188392766,0.015570128285053997,0.020149557780168692,0.018454034397847555,100,100,0.18567327410701615,0.18739132744955445,0.00031753442465871933,0.34157302697243963,0.17078651348621982,34,34,0
2024-12-10,2024-12-09,1.1158417251395973,1.1155201246424413,0.021947072136055956,0.021652533332692236,0.01902999236529579,0.017059299913029798,100,100,0.18969309327373154,0.18889512835601444,0.0003216004971558546,0.3392848762510496,0.1696424381255248,34,34,0
2024-12-11,2024-12-10,1.0943914583033467,1.0939673726137922,-0.01894064111650784,-0.019320809685578255,0.015131933364512393,0.013832161491579039,100,100,0.25171003540976966,0.2482360620985408,0.000424085689554257,0.45682565750593956,0.22841282875296978,46,46,0
2024-12-12,2024-12-11,1.1103579894915372,1.1100567678002033,0.014982729181934662,0.014707381215556037,0.014107364575184278,0.012708687505361376,100,100,0.17765727831864594,0.1769339312206518,0.00030122169133390436,0.31934854605015683,0.15967427302507842,32,32,0
2024-12-13,2024-12-12,1.1229746017837163,1.122607284966037,0.011637093127329079,0.011306193998262604,0.017918248942190962,0.015961279765553147,100,100,0.2133651743389061,0.21754337552359215,0.00036731681767929533,0.38372065510479886,0.19186032755239943,38,38,0
2024-12-16,2024-12-13,1.1012617203778765,1.1009990776038348,-0.019014275850531503,-0.01924823368917994,0.01814877397894723,0.01648391388160416,100,100,0.15417664085290272,0.15466980866370073,0.0002626427740418124,0.28044782071479685,0.14022391035739842,28,28,0
2024-12-17,2024-12-16,1.0953500327707362,1.0948337318735668,-0.005130835209592455,-0.005599773747027914,0.013009092691356963,0.011882254184016386,100,100,0.30669800917580614,0.30207462878538516,0.0005163008971694074,0.5557790840807976,0.2778895420403988,56,56,0
2024-12-18,2024-12-17,1.0830423949023815,1.0826541873316151,-0.010769979612344383,-0.011124560914933745,0.014040372199157452,0.012968473556420015,100,100,0.2274389029295001,0.22885839000806713,0.0003882075707665736,0.42131064775049265,0.21065532387524633,42,42,0
2024-12-19,2024-12-18,1.0740020847048306,1.0737456596531554,-0.007991566215717616,-0.008228414744708368,0.014522633979663566,0.013525208552977725,100,100,0.1503602918586763,0.15109897869085753,0.00025642505167514887,0.28068778901149366,0.14034389450574683,28,28,0
2024-12-20,2024-12-19,1.0793054039721313,1.079013376599429,0.0051778968967117756,0.0049059261836506,0.012827245535878794,0.011887939310172943,100,100,0.172688864635541,0.17128550356445846,0.00029202737270222904,0.31869975535569656,0.15934987767784828,32,32,0
2024-12-23,2024-12-20,1.0817847083195427,1.081491401962646,0.002568394220327175,0.0022965659341747102,0.011680226664258497,0.010800110516885944,100,100,0.17308555333112682,0.17223184081640325,0.0002933063568967198,0.31921082955956204,0.15960541477978102,32,32,0
2024-12-24,2024-12-23,1.061817279153225,1.0614531432173848,-0.018191659012468553,-0.018528356960486825,0.014150691572392696,0.013331433104527201,100,100,0.21236345583064495,0.21519805667461958,0.00036413593584046867,0.40266957498208644,0.20133478749104322,40,40,0
2024-12-25,2024-12-24,1.0745492330283828,1.074328242213591,0.01233788782357581,0.012129691337273929,0.015550401897670452,0.01447453514358866,100,100,0.12894590796340594,0.13056660910347553,0.00022099081479186677,0.2415082614088347,0.12075413070441735,24,24,0
2024-12-26,2024-12-25,1.0631139810141195,1.0628800718829607,-0.010438393741157848,-0.01065611968558311,0.014371893998064066,0.013521651575048657,100,100,0.1382048175318355,0.13726021876338793,0.00023390913115882813,0.2591114793095407,0.12955573965477035,26,26,0
2024-12-27,2024-12-26,1.06977470410172,1.0695185484753547,0.00648674521345094,0.006245743774867751,0.01552414454371432,0.014515077429788073,100,100,0.1497684585742408,0.15117686474625655,0.00025615562636542685,0.2813165446580627,0.14065827232903136,28,28,0
2024-12-30,2024-12-27,1.0792381680370247,1.0789588526523124,0.009087845718548593,0.008826685792794553,0.01898087630674187,0.01759184445271736,100,100,0.16188572520555372,0.16562177235329326,0.0002793153847119549,0.3034617448292576,0.1517308724146288,30,30,0
2024-12-31,2024-12-30,1.0740894004933,1.0736531981545836,-0.0045131027444117455,-0.004917383535698705,0.016702731527170597,0.015556914985099084,100,100,0.257781456118392,0.2559395136775372,0.0004362023387163259,0.47828511254276523,0.23914255627138262,48,48,0
2025-01-02,2024-12-31,1.0474498264676757,1.0467593766834324,-0.02440580601999487,-0.025048890570415816,0.012367326556614674,0.011814870573024615,100,100,0.40850543232239367,0.4048604771360809,0.0006904497842431247,0.7765201624992346,0.3882600812496173,78,78,0
2025-01-03,2025-01-02,1.024355422733497,1.0238680646211538,-0.02140315572898943,-0.021868743258653955,0.011666269464185306,0.011394309352252332,100,100,0.28681951836537917,0.28660581938529306,0.0004873581123430494,0.5597913819995057,0.27989569099975287,56,56,0
2025-01-06,2025-01-03,1.0061108110780874,1.005764140900639,-0.01734330247875915,-0.017681891198758515,0.015494600815803264,0.015405799616128887,100,100,0.20122216221561748,0.20539716374468406,0.00034667017744852304,0.4041496438395219,0.20207482191976095,40,40,0
2025-01-07,2025-01-06,1.0116631917207575,1.0113035914650954,0.005865242734579779,0.00550770338609996,0.013713633485516456,0.013560352797372395,100,100,0.21244927026135907,0.21102790318673437,0.00035960025566222345,0.41859501948251465,0.20929750974125733,42,42,0
2025-01-08,2025-01-07,1.0121034593673761,1.011793170718875,0.0007909275800375148,0.00048410710484114716,0.013935153868549826,0.013772729715747098,100,100,0.18217862268612767,0.18271043171766224,0.00031028864850110485,0.36052544927755403,0.18026272463877702,36,36,0
2025-01-09,2025-01-08,0.9976214712055765,0.9973843191475983,-0.014006518252371203,-0.014240906134046383,0.013441772566393612,0.013477024160437423,100,100,0.13966700596878068,0.13941077672460278,0.00023715205797833133,0.27974315985413956,0.13987157992706978,28,28,0
2025-01-10,2025-01-09,1.0005599860090848,1.0003526858667808,0.003183995176704313,0.0029761513813646445,0.01613074984050456,0.01612506275876859,100,100,0.12006719832109018,0.1229634757375051,0.00020730014230390973,0.24289465644930222,0.12144732822465111,24,24,0
2025-01-13,2025-01-10,0.9755645762667703,0.9752848192361924,-0.024779370266329925,-0.02505902866534293,0.013868145570579533,0.0142195851889098,100,100,0.16584597796535097,0.16386313072600384,0.0002797570305778147,0.3379674874553821,0.16898374372769104,34,34,0
2025-01-14,2025-01-13,0.992429416569851,0.9921393045258137,0.017579067156080264,0.017281603237525145,0.016577981388895678,0.016709328330479774,100,100,0.16871300081687465,0.17171294867922807,0.0002901120440372758,0.34302283246774584,0.17151141623387292,34,34,0
2025-01-15,2025-01-14,1.0218333525114804,1.0214130212839154,0.02992931320250314,0.029505651700889812,0.019269668106941508,0.018865696545281505,100,100,0.2452400046027553,0.24835202254836608,0.00042033122756485517,0.48304552394767897,0.24152276197383948,48,48,0
2025-01-16,2025-01-15,1.020759443105437,1.0204821662592203,-0.0006398764895878539,-0.0009113404717761009,0.018656280071558874,0.01828182861827676,100,100,0.16332151089686991,0.16298539970770393,0.0002772768462165962,0.31967072438914357,0.15983536219457178,32,32,0
2025-01-17,2025-01-16,1.021577397231062,1.021297385942116,0.0010732485172735284,0.0007988573537585086,0.020323756872881696,0.01989994016692175,100,100,0.16345238355696992,0.1653998716472389,0.0002800112889461447,0.3219063539341684,0.1609531769670842,32,32,0
2025-01-20,2025-01-17,1.0358744960182424,1.0355216750212004,0.014273129723797018,0.013927666196817956,0.020537907144532505,0.019833391844851563,100,100,0.20717489920364854,0.20774187047234113,0.00035282099704176415,0.4005473358701967,0.20027366793509835,40,40,0
2025-01-21,2025-01-20,1.0402412654966964,1.0400130002213759,0.004557693565805154,0.004337258512800757,0.018829601547067483,0.018105159784598306,100,100,0.13523136451457055,0.13375132419242597,0.00022826527532041096,0.25857721437205444,0.12928860718602722,26,26,0
2025-01-22,2025-01-21,1.0278429084953082,1.0274601110636274,-0.011701864999261624,-0.012069934851849373,0.016977880391254932,0.01652412605456714,100,100,0.2261254398689678,0.22465651614483614,0.0003827974316807001,0.43857086748180024,0.21928543374090012,44,44,0
2025-01-23,2025-01-22,1.0298997633321176,1.0296014334919295,0.0023744496182578345,0.0020840930029735194,0.017305740173572844,0.016808193550080654,100,100,0.17508295976646,0.1757091493889657,0.0002983298401877384,0.340608010259639,0.1703040051298195,34,34,0
2025-01-24,2025-01-23,1.0205194203571273,1.0203126879706308,-0.008820901796921743,-0.009021690548541295,0.015777575735900252,0.015463471073050503,100,100,0.12246233044285527,0.12114089839167931,0.00020673238649656034,0.23870513777120134,0.11935256888560067,24,24,0
2025-01-27,2025-01-24,1.03345055621586,1.0332744937413203,0.012876315662956328,0.012703758292440748,0.015943222336919444,0.015429803438959968,100,100,0.10334505562158601,0.10368676469714501,0.00017606247453981111,0.20033064869287046,0.10016532434643523,20,20,0
2025-02-05,2025-01-27,1.0406898558163205,1.0403720741094569,0.007176565491470166,0.006869017295140445,0.015016905160830476,0.014434167866034587,100,100,0.18732417404693769,0.18671563857771237,0.00031778170686364607,0.3594152576141448,0.1797076288070724,36,36,0
2025-02-06,2025-02-05,1.0313089754363667,1.0310104896475722,-0.00871140133288184,-0.008998304255617429,0.015116142002357127,0.01466148225855999,100,100,0.17532252582418234,0.17572024845450337,0.00029848578879446326,0.3403856483748265,0.17019282418741324,34,34,0
2025-02-07,2025-02-06,1.0462107501231834,1.0453120900334874,0.014743070636271671,0.013871440232197552,0.006576908584617623,0.006291813370690974,100,100,0.5335674825628237,0.5259269092347802,0.0008986600896959514,1.0126969080301045,0.5063484540150522,102,102,0
2025-02-10,2025-02-07,1.0610158538935275,1.0608166753322754,0.015023038583182435,0.014832493995445395,0.007076454181452528,0.006670760694100135,100,100,0.11671174392828804,0.11741046808637495,0.00019917856125198534,0.22065854261792875,0.11032927130896437,22,22,0
2025-02-11,2025-02-10,1.066116719655593,1.065970873851559,0.004996192505795083,0.004858708049314098,0.007706908523713793,0.00722994287439322,100,100,0.08528933757244744,0.0860656377187428,0.00014584580403408556,0.16072815680683272,0.08036407840341636,16,16,0
2025-02-12,2025-02-11,1.0614699212951957,1.061213833260558,-0.004222397315698179,-0.004462636557613253,0.010594632642977796,0.00998350408835701,100,100,0.1486057889813274,0.15174960113522892,0.0002560880346375483,0.2829617534051888,0.1414808767025944,28,28,0
2025-02-13,2025-02-12,1.0688438214642266,1.0686066171552429,0.007189868775292485,0.006966347085742841,0.011257268734053812,0.010534530250263649,100,100,0.13894969679034946,0.13984953719040913,0.00023720430898365957,0.26084188202428576,0.13042094101214288,26,26,0
2025-02-14,2025-02-13,1.0677431718299617,1.0674660726690954,-0.0008080104609307082,-0.001067319318294735,0.015366216890925514,0.014395040071394286,100,100,0.1601614757744943,0.16454752309223214,0.0002770991608661519,0.3041077736982582,0.1520538868491291,30,30,0
2025-02-17,2025-02-14,1.078839291140722,1.0785960385410556,0.010654407444715241,0.010426528914526223,0.01951307004075692,0.018091175327466378,100,100,0.14024910784829386,0.1446392135977918,0.0002432525996665475,0.2640692861166152,0.1320346430583076,26,26,0
2025-02-18,2025-02-17,1.0758003626581152,1.0756362096554808,-0.00259195823370717,-0.002744149598007395,0.01894486899062798,0.017612710338838346,100,100,0.09682203263923037,0.0964179845917359,0.0001641530026344477,0.17962442097853903,0.08981221048926952,18,18,0
2025-02-19,2025-02-18,1.0571950392965859,1.0570342661547607,-0.017144430610793182,-0.017293898563230936,0.017895278405713012,0.016929705099165592,100,100,0.09514755353669271,0.09425873609360276,0.00016077314182497864,0.17915926824280093,0.08957963412140046,18,18,0
2025-02-20,2025-02-19,1.0637437252212496,1.0636170627590464,0.006347437619876217,0.006227609468359319,0.01783857858153906,0.016771617536169823,100,100,0.07446206076548748,0.07453202340351668,0.00012666246220316082,0.14006577020044436,0.07003288510022218,14,14,0
2025-02-21,2025-02-20,1.0684743479727667,1.068310842923923,0.004566761275078157,0.0044130357900622474,0.017700958627048367,0.016569108835965355,100,100,0.09616269131754901,0.09618857641190195,0.0001635050488436216,0.18002422621975162,0.09001211310987581,18,18,0
2025-02-24,2025-02-21,1.0708475345569688,1.0705751360050804,0.0023744883334733125,0.002119507722078362,0.01682167878092105,0.01571274935796867,100,100,0.1606271301835453,0.16002024888930633,0.00027239855188836403,0.29943327012048443,0.14971663506024221,30,30,0
2025-02-25,2025-02-24,1.0720652296640227,1.0718078896886478,0.0013918627556612773,0.0011514873100524348,0.018553839455572096,0.017310788280315653,100,100,0.15008913215296318,0.15207863280298928,0.00025733997537506623,0.28185576455142525,0.14092788227571262,28,28,0
2025-02-26,2025-02-25,1.0700631813415638,1.0697345252885873,-0.0016278181602030761,-0.0019344552508032686,0.01933129202632189,0.01807111163501692,100,100,0.19261137264148145,0.19371748126520782,0.0003286560529766177,0.36103368534028013,0.18051684267014007,36,36,0
2025-02-27,2025-02-26,1.0838302255441752,1.083551891670735,0.01317682090496719,0.01291663123467024,0.02083219990414997,0.019225844248242398,100,100,0.16257453383162623,0.16435377558289446,0.00027833387344015985,0.3016416240379113,0.15082081201895564,30,30,0
2025-02-28,2025-02-27,1.0834548550150225,1.0833245351765923,-8.955423035883481e-05,-0.0002098252016264901,0.02196434432340921,0.020274944035887463,100,100,0.07584183985105158,0.07710430410874106,0.00013031983843024607,0.1411652209151548,0.0705826104575774,14,14,0
2025-03-03,2025-02-28,1.0729945530265013,1.0727400433056338,-0.009535445579479274,-0.009770379537497709,0.020925304827316776,0.01950640787383655,100,100,0.15021923742371018,0.14943470764848524,0.0002545097208675599,0.2792688408594321,0.13963442042971605,28,28,0
2025-03-04,2025-03-03,1.0716785753204914,1.0715135619247114,-0.0009894922742620382,-0.0011433164899327108,0.021711722118690532,0.02026266665229206,100,100,0.09645107177884424,0.09740250246599788,0.00016501339577990417,0.18088779481932737,0.09044389740966369,18,18,0
2025-03-05,2025-03-04,1.0776728937277569,1.0775265196246384,0.005748253705703643,0.005611648712244177,0.021393156717046807,0.019853949139459898,100,100,0.08621383149822055,0.08604164019969542,0.00014637410311859727,0.15984021932858541,0.07992010966429271,16,16,0
2025-03-06,2025-03-05,1.0724406538548865,1.072222140432613,-0.004719944871077075,-0.004922736559535568,0.02093421501019163,0.019524139840784514,100,100,0.1286928784625864,0.12845245017800458,0.00021851342227335695,0.2397758120379738,0.1198879060189869,24,24,0
2025-03-07,2025-03-06,1.07827685751688,1.0781456343381295,0.005646886830581455,0.005524502509457907,0.02344683974574839,0.021747377162216436,100,100,0.0754793800261816,0.07812322794048861,0.00013122317875024646,0.14245191937105597,0.07122595968552799,14,14,0
2025-03-10,2025-03-07,1.0837790400620944,1.0836096706653475,0.005225087914420001,0.005067994668987774,0.026505837273925872,0.024460687267262034,100,100,0.0975401136055885,0.10076848053051289,0.00016936939674691733,0.18297880546272552,0.09148940273136276,18,18,0
2025-03-11,2025-03-10,1.0838882028083832,1.08366536987864,0.00025704102738832724,5.140154688576537e-05,0.02784640104428371,0.025696494340685848,100,100,0.130066584337006,0.13162998103710674,0.00022283292974302108,0.24144239663837097,0.12072119831918549,24,24,0
2025-03-12,2025-03-11,1.0960807612569168,1.0959697356287144,0.011456849801952274,0.011354396008292023,0.027031185010736564,0.024664171036830544,100,100,0.065764845675415,0.0650606552700702,0.00011102562820232623,0.11935753784735963,0.05967876892367981,12,12,0
2025-03-13,2025-03-12,1.094708936712949,1.0946340787351192,-0.0011503957406653331,-0.0012186987014097816,0.027336118063172904,0.024972836671374753,100,100,0.04378835746851796,0.04416814849878409,7.485797782977327e-05,0.08034693334230605,0.04017346667115303,8,8,0
2025-03-14,2025-03-13,1.100767688279559,1.1004493746653918,0.005603342398701194,0.005312547857994954,0.02719212468005304,0.024710018748769078,100,100,0.187130507007525,0.18730482723857222,0.0003183136141669441,0.3401583624164329,0.17007918120821644,34,34,0
2025-03-17,2025-03-14,1.1230029884108268,1.1226958213976512,0.02049491259176972,0.02021578388285583,0.028439685237430564,0.02533160335630876,100,100,0.1796804781457323,0.1812352057162851,0.00030716701317535285,0.3213844376075552,0.1606922188037776,32,32,0
2025-03-18,2025-03-17,1.129121663975844,1.128738429466577,0.005723582875897026,0.005382230835599966,0.027450217559989804,0.02431937891311304,100,100,0.22582433279516875,0.22521809962699493,0.00038323450926679587,0.39946309313910494,0.19973154656955247,40,40,0
2025-03-19,2025-03-18,1.1265209695473044,1.126234515761327,-0.0019645471983447127,-0.0022183294551541,0.026428253540331875,0.023466030538467873,100,100,0.16897814543209563,0.16824263519841534,0.0002864537859775143,0.2993470958343759,0.14967354791718795,30,30,0
2025-03-20,2025-03-19,1.12877172473289,1.1285047901674483,0.002252824732376313,0.002015809650964817,0.02460395075241316,0.021802256372135034,100,100,0.1580280414626046,0.1564706732401276,0.00026693456544170304,0.27862029833990964,0.13931014916995482,28,28,0
2025-03-21,2025-03-20,1.1335515952871074,1.1332772453131243,0.00447211670134795,0.0042290074328952265,0.028479322873664323,0.025130057972526827,100,100,0.15869722334019504,0.16284694543542932,0.00027434997398308923,0.28366081448121755,0.14183040724060877,28,28,0
2025-03-24,2025-03-21,1.1265207749682697,1.1262156565290267,-0.005961886531117844,-0.006231122007701262,0.026996739390520007,0.02397119879661716,100,100,0.18024332399492315,0.17906585895102195,0.0003051184392430781,0.318954777337387,0.1594773886686935,32,32,0
2025-03-25,2025-03-24,1.12712454744533,1.126817171683114,0.0008070309722958413,0.0005341029940402198,0.02741471391094316,0.024329336293299576,100,100,0.1803399275912528,0.18106527787389198,0.0003073757622160327,0.32064354048918836,0.16032177024459418,32,32,0
2025-03-26,2025-03-25,1.1357185687836926,1.1353517006489189,0.007899593052245413,0.007574013939685598,0.0270760612822344,0.023848170806243452,100,100,0.21578652806890156,0.21581474357496674,0.0003668681347738045,0.38002484374812623,0.19001242187406311,38,38,0
2025-03-27,2025-03-26,1.139153860484368,1.138843767152124,0.003348882846853529,0.0030757574954167755,0.02698731539733719,0.023697118231435416,100,100,0.18226461767749888,0.18248596512484555,0.00031009333224382924,0.32019430864874787,0.16009715432437394,32,32,0
2025-03-28,2025-03-27,1.142462431560887,1.1422294777805382,0.0031774897603487062,0.002972936873405052,0.02665567462625676,0.02333653188328785,100,100,0.13709549178730643,0.13699680479657464,0.0002329537803486159,0.23991361904951486,0.11995680952475743,24,24,0
2025-03-31,2025-03-28,1.1272398533216486,1.1270683204306253,-0.01312312871491983,-0.013273302471034532,0.025634317612519497,0.022744244645901544,100,100,0.10145158679894838,0.10060176267623437,0.00017153289102322678,0.17924610177664513,0.08962305088832256,18,18,0
2025-04-01,2025-03-31,1.1180148994423393,1.1177503169912957,-0.008032717115877164,-0.008267469922115689,0.02400146695817848,0.021473012884294613,100,100,0.15652208592192754,0.1551538177186301,0.0002645824510436496,0.2787761628185994,0.1393880814092997,28,28,0
2025-04-02,2025-04-01,1.135947486128911,1.1355424118635578,0.016280173542332355,0.015917772155192855,0.02317913160661092,0.020412387388130452,100,100,0.23854897208707126,0.238131711000857,0.00040507426535318496,0.4196326757254983,0.20981633786274914,42,42,0
2025-04-03,2025-04-02,1.1301785236548922,1.1299870945408326,-0.0047236352888508915,-0.004892214737808209,0.022350216163702835,0.019779178250513375,100,100,0.11301785236548924,0.1123803660366407,0.00019142911405959823,0.19943594191934655,0.09971797095967327,20,20,0
2025-04-07,2025-04-03,1.1076865425459217,1.1071603002797603,-0.01973522715670717,-0.020200933595925563,0.020899857451703335,0.018876993192785456,100,100,0.31015223191285807,0.3092281154670199,0.0005262422661614368,0.5591657238665064,0.2795828619332532,56,56,0
2025-04-08,2025-04-07,1.042590653075114,1.0417171462019288,-0.05832005283095032,-0.0591090143507631,0.008485276098187626,0.008145470321886035,101,100,0.521295326537557,0.5097542520572264,0.0008735068731854834,0.988930387543481,0.4944651937717405,100,99,1
2025-04-09,2025-04-08,1.0467928217699463,1.046249283278176,0.004872412426466521,0.004350640759606561,0.01673642184952301,0.015996590981724134,100,100,0.314037846530984,0.3228325307740894,0.0005435384917700886,0.6084015519214542,0.3042007759607271,61,61,0
2025-04-10,2025-04-09,1.0921495259662752,1.0917988373114742,0.043871229755380714,0.04353604323682725,0.01449878584387982,0.013279722736820912,100,100,0.20750840993359226,0.20562146258275038,0.00035068865480118033,0.3782722628120243,0.18913613140601215,38,38,0
2025-04-11,2025-04-10,1.0873004362858687,1.0868374812194377,-0.004120173856094866,-0.00454420349471496,0.014810722604255653,0.013627357226986632,100,100,0.2718251090714672,0.27260000089827396,0.00046295506643098173,0.50071267498931,0.250356337494655,50,50,0
2025-04-14,2025-04-11,1.1086318982749854,1.108233813065236,0.02005305984763628,0.019686781340841897,0.016506839271907832,0.014894726254789123,100,100,0.232812698637747,0.23490690051514854,0.00039808520974931184,0.42188899659179946,0.21094449829589973,42,42,0
2025-04-15,2025-04-14,1.112425222719535,1.1120058387322194,0.003782062598059577,0.00340363705069624,0.019121049846816396,0.01719509842557662,100,100,0.2447335489982977,0.24776714356052193,0.00041938398731555316,0.44272700987020774,0.22136350493510387,44,44,0
2025-04-16,2025-04-15,1.1086837102575224,1.1083243892506092,-0.0029875099203475752,-0.003310638625609541,0.01986733656726694,0.017925561108242137,100,100,0.21064990494892924,0.21175551267629308,0.00035932100691328034,0.3809972255541727,0.19049861277708635,38,38,0
2025-04-17,2025-04-16,1.0930409213064691,1.0927625523904918,-0.01378970641841959,-0.014040868369448622,0.019264859509517146,0.01762950191455039,100,100,0.16395613819597032,0.1636320300541977,0.0002783689159771998,0.29970348032223226,0.14985174016111613,30,30,0
2025-04-18,2025-04-17,1.1050671637564706,1.1048018112193787,0.011260096110597528,0.011017268849989659,0.02113273617052641,0.01912807886077055,100,100,0.15470940292590588,0.15684263212400715,0.00026535253709195127,0.2819304068278074,0.1409652034139037,28,28,0
2025-04-21,2025-04-18,1.102518453217033,1.1022950336751087,-0.0020667580186400913,-0.0022689839198427597,0.019550932508430013,0.017736569530977738,100,100,0.13230221438604395,0.13094383026587159,0.00022341954192408523,0.23876792618190767,0.11938396309095384,24,24,0
2025-04-22,2025-04-21,1.1168639500873327,1.1164460189548895,0.013216893814399722,0.01283774747002231,0.0193366514765963,0.017319826617947398,100,100,0.2457100690192132,0.24591371911982274,0.0004179311324433329,0.4401823410099266,0.2200911705049633,44,44,0
2025-04-23,2025-04-22,1.1281542509644307,1.1278455059419825,0.01048705607862832,0.01021051335537404,0.020743421168515824,0.018392076804163715,100,100,0.1805046801543089,0.18222019486867663,0.0003087450224481296,0.32152063843477185,0.16076031921738593,32,32,0
2025-04-24,2025-04-23,1.1270394610685226,1.1266570848788735,-0.0007146766726588982,-0.0010537090912255964,0.019618111238698076,0.01741267285494167,100,100,0.22540789221370447,0.22466495847353601,0.00038237618964911187,0.39934080946955997,0.19967040473477998,40,40,0
2025-04-25,2025-04-24,1.1239637233513602,1.1234657520997748,-0.0023905778995770843,-0.0028325679764769074,0.020192218045014337,0.017973149610724465,100,100,0.29223056807135367,0.293302646129255,0.0004979712515849923,0.5209538368860382,0.2604769184430191,52,52,0
2025-04-28,2025-04-25,1.1178080708909446,1.117305385032002,-0.005035917826828218,-0.005483359912181518,0.010245854371121965,0.00917014677310313,101,100,0.3018081791405551,0.2923645013256051,0.0005026858589424981,0.5315516106379311,0.26577580531896555,54,53,1
2025-04-29,2025-04-28,1.0996059413851091,1.098896297487116,-0.015841187095313236,-0.016476325802688985,0.008898446708219212,0.008097621885311285,101,100,0.4178502577263413,0.41721249396143184,0.0007096438979933808,0.7594200069853146,0.3797100034926573,77,76,1
2025-04-30,2025-04-29,1.1075588621316559,1.1071556359392878,0.007882968269479873,0.00751603083117014,0.015611291958613022,0.014100359020770125,100,100,0.23258736104764768,0.2397034324904096,0.00040322619236803954,0.42642500519481724,0.21321250259740862,43,43,0
2025-05-06,2025-04-30,1.1135936810610363,1.1130646819737786,0.005814941380203109,0.005337141267837797,0.014108197482722127,0.012675092212704388,100,100,0.3118062306970902,0.310832135308457,0.0005289990872575562,0.5591252685739875,0.27956263428699374,56,56,0
2025-05-07,2025-05-06,1.1371675336173739,1.1362592487987682,0.02165449325088109,0.02083847165454844,0.012916239250626847,0.011367334755938534,100,100,0.5344687408001658,0.534185067386676,0.0009082848186054452,0.939750543868776,0.469875271934388,94,94,0
2025-05-08,2025-05-07,1.1299889432054255,1.1297768013797251,-0.005518375845980139,-0.005705077803235592,0.013462182262274087,0.011915789247782017,100,100,0.12429878375259683,0.12505686858994458,0.0002121418257004971,0.2206708781018665,0.11033543905093325,22,22,0
2025-05-09,2025-05-08,1.1386106411736605,1.138108473709655,0.007819101775808468,0.007374617995125066,0.011961433531796123,0.010509923973070802,100,100,0.2960387667051517,0.29504018543867944,0.0005021674640056385,0.5191229826682078,0.2595614913341039,52,52,0
2025-05-12,2025-05-09,1.138229640777833,1.1377271462256222,0.00010646354980825556,-0.00033505372540620915,0.0109108035128722,0.009590000158709831,100,100,0.29593970660223656,0.2953915711355234,0.0005024945522104174,0.5195184315650587,0.25975921578252936,52,52,0
2025-05-13,2025-05-12,1.1488333970594329,1.1485207795020669,0.009761787675239386,0.009487013922672372,0.010720798106405138,0.009334439827073103,100,100,0.18381334352950926,0.18393595568040833,0.00031261755736615454,0.32010672753004304,0.16005336376502152,32,32,0
2025-05-14,2025-05-13,1.1446859821584994,1.1443921128374084,-0.003338901143112194,-0.00359476880030718,0.012221833912895408,0.01067976070072046,100,100,0.17170289732377492,0.173497802451356,0.00029386932109075646,0.30156803276667765,0.15078401638333883,30,30,0
2025-05-15,2025-05-14,1.1457057214359787,1.145413139752657,0.0011478658266119712,0.0008922002378337623,0.012317183461899722,0.010753485388302356,100,100,0.17185585821539684,0.17224378944772284,0.0002925816833217333,0.3003385958759461,0.15016929793797304,30,30,0
2025-05-16,2025-05-15,1.138433189571759,1.1381813481361394,-0.006093827579457756,-0.006313697098043858,0.012290524502801098,0.010798388607340816,100,100,0.14799631464432866,0.14822149712084956,0.0002518414356195317,0.2601978003440023,0.13009890017200115,26,26,0
2025-05-19,2025-05-16,1.1424071716314321,1.142134435463992,0.0037127857544079212,0.0034731612271858836,0.012784388873358038,0.01119341863479003,100,100,0.1599370040284005,0.16070360456639754,0.0002727361674400775,0.2806710396757246,0.1403355198378623,28,28,0
2025-05-20,2025-05-19,1.1493975366165698,1.1489866862030105,0.006359234891317511,0.005999513302682891,0.01284216844812549,0.011176951484585307,100,100,0.24137348268947967,0.24184211267780628,0.0004108504135592743,0.4204077179334368,0.2102038589667184,42,42,0
2025-05-21,2025-05-20,1.1544939165606525,1.154219814212175,0.004793119384038702,0.004554559310393724,0.011961517314260005,0.010363292300976887,100,100,0.1616291483184914,0.16102259953310336,0.00027410234847750843,0.27947461933173723,0.13973730966586861,28,28,0
2025-05-22,2025-05-21,1.155615620883542,1.1552412040474749,0.001209307494274725,0.000884917952995945,0.012635273679949486,0.010937346794488328,100,100,0.219566967967873,0.2206151411696297,0.0003744168360673166,0.3809070258162099,0.19045351290810494,38,38,0
2025-05-23,2025-05-22,1.1435786694603018,1.1433237952946544,-0.010095324289258745,-0.010315948488563986,0.014328835602367578,0.012532613824130887,100,100,0.14866522702983925,0.1506136631179049,0.00025487416564759903,0.26170380590343223,0.13085190295171611,26,26,0
2025-05-26,2025-05-23,1.1380729379305727,1.1377837343497113,-0.004592624928905997,-0.004845574777454398,0.013125979011553041,0.0115364445942401,100,100,0.17071094068958592,0.16979728767963276,0.00028920358086134755,0.29919719292191016,0.14959859646095508,30,30,0
2025-05-27,2025-05-26,1.1407623729234038,1.140450817370806,0.0026179303533415688,0.0023441036644973323,0.013967320879498174,0.012247192659915331,100,100,0.1825219796677446,0.18367487708828756,0.0003115555525977632,0.3210106376646948,0.1605053188323474,32,32,0
2025-05-28,2025-05-27,1.145794266747008,1.1455213969546427,0.004685383442067925,0.0044461185932827,0.013849684613962914,0.012090288885726766,100,100,0.16041119734458112,0.16056643087141123,0.0002728697923653009,0.28013548115166503,0.14006774057583252,28,28,0
2025-05-29,2025-05-28,1.1428237709387226,1.1424735532063857,-0.002354932891774686,-0.002660660688102112,0.013966429090408038,0.012224728573550647,100,100,0.20570827876897005,0.20617524097775208,0.0003502177323369096,0.3604086038640922,0.1802043019320461,36,36,0
2025-05-30,2025-05-29,1.1585273088878676,1.15803495928548,0.014051752564798292,0.013620802018060596,0.013451803224516943,0.011616059702391757,100,100,0.2896318272219669,0.2896095509584634,0.0004923496023874903,0.4999807719133312,0.2499903859566656,50,50,0
2025-06-03,2025-05-30,1.1521626847433768,1.1517711524806993,-0.0050708957402515464,-0.005408996295453328,0.012875679929680882,0.011179026234464267,100,100,0.23043253694867535,0.23024794591651676,0.0003915322626773736,0.399839787354162,0.199919893677081,40,40,0
2025-06-04,2025-06-03,1.1630077403681824,1.1625190291050278,0.00975592057786967,0.009331607760082905,0.02529979147061026,0.021762905240430737,99,100,0.2791218576883638,0.2920346804924478,0.0004887112631547112,0.4911029551703552,0.2455514775851776,50,49,1
2025-06-05,2025-06-04,1.174576813561142,1.1743368279644009,0.010372117921714441,0.010165682077884819,0.02539792112361967,0.021627458595200925,99,100,0.1409492176273371,0.14128733287708767,0.00023998559674119873,0.24028786133511826,0.12014393066755913,25,24,1
2025-06-06,2025-06-05,1.1723605863806317,1.1721015304433566,-0.0016828575385775535,-0.0019034551823763346,0.025106363081666083,0.021419955890825775,99,100,0.15240687622948212,0.15237437412480354,0.00025905593727497313,0.2599722763584377,0.12998613817921886,27,26,1
2025-06-09,2025-06-06,1.1761812494577526,1.1759012464190306,0.0034806873879371647,0.003241797640377353,0.024891724907349935,0.021168210326464616,99,100,0.16466537492408537,0.164730739788491,0.0002800030387217915,0.28005557380245244,0.14002778690122622,29,28,1
2025-06-10,2025-06-09,1.186274621283711,1.1859484841300074,0.008821637783164471,0.008544286981218674,0.02772054840291203,0.023374158973901278,99,100,0.18980393940539375,0.1929589000546592,0.00032613715370336145,0.3226595533552352,0.1613297766776176,33,32,1
2025-06-11,2025-06-10,1.1808776141851884,1.1805354262076935,-0.0042757927622285585,-0.0045643280418583565,0.02820958496689272,0.02389558529176215,99,100,0.20074919441148203,0.20158041895295786,0.0003421879774951426,0.3407039040553321,0.17035195202766604,35,34,1
2025-06-12,2025-06-11,1.1874839259816516,1.1871806936734237,0.005885888402586303,0.00562902842066948,0.02829172275204571,0.023831016544334366,99,100,0.1781225888972478,0.17850795899062874,0.0003032323082280402,0.30032452657669656,0.15016226328834828,31,30,1
2025-06-13,2025-06-12,1.1838741484628101,1.1836328118298869,-0.0027852080380302846,-0.0029884935481546693,0.02789248306183186,0.02356514856893018,99,100,0.14206489781553722,0.14190699475824683,0.0002413366329233937,0.23986662175409829,0.11993331087704914,25,24,1
2025-06-16,2025-06-13,1.172856489273645,1.172576602128324,-0.009104447298636242,-0.009340911802259155,0.028291960347469336,0.024128027368205265,99,100,0.1641999084983103,0.16487927292926896,0.000279887145321182,0.2805792391798756,0.1402896195899378,29,28,1
2025-06-17,2025-06-16,1.1805246224025243,1.1800379360044164,0.0067782524909452135,0.006363195259524668,0.014135668119218799,0.011978994647478768,100,100,0.2951311556006311,0.28146154977048843,0.0004866863981079162,0.4884207363652245,0.24421036818261224,49,49,0
2025-06-18,2025-06-17,1.1832350682250299,1.1829936940359864,0.002709346982046057,0.002504799160591542,0.013889053135163025,0.01174059777764168,100,100,0.14198820818700358,0.14198296739199115,0.00024137418904339255,0.23999557079133882,0.11999778539566941,24,24,0
2025-06-19,2025-06-18,1.1759783908782568,1.175697876966577,-0.005930127263650609,-0.006167249332089453,0.014182225269719982,0.012062814390982488,100,100,0.16463697472295596,0.16521066076919277,0.0002805139116798857,0.28048783723466925,0.14024391861733462,28,28,0
2025-06-20,2025-06-19,1.1652602945955721,1.1649441620293595,-0.008877775979263314,-0.009146665268260246,0.01312224368773376,0.011264268379073645,100,100,0.18644164713529154,0.18569779811951798,0.0003161325662126445,0.31936164561752983,0.15968082280876492,32,32,0
2025-06-23,2025-06-20,1.1583480314170491,1.1580117192424269,-0.005662186074927189,-0.005950879890119443,0.014194652915547444,0.012257780020424672,100,100,0.19691916534089837,0.19832788674333418,0.0003363121746222063,0.3412161469301351,0.17060807346506754,34,34,0
2025-06-24,2025-06-23,1.1701190088733164,1.169758862938199,0.010455239294823615,0.010144235589823802,0.015734069164123038,0.013450694551355842,100,100,0.21062142159719696,0.21252098378088993,0.00036014593511729667,0.36162339229538887,0.18081169614769443,36,36,0
2025-06-25,2025-06-24,1.1863182545746178,1.1860538996517098,0.014156243787565748,0.013930252832264012,0.017450249374873522,0.014712863707119776,100,100,0.15422137309470027,0.15620190822835883,0.0002643549229080148,0.2616694804501416,0.1308347402250708,26,26,0
2025-06-26,2025-06-25,1.1927233685805918,1.1925195325357238,0.005623242696508601,0.005451382003729188,0.018221933520124384,0.015280197114573062,100,100,0.11927233685805919,0.12024785704817786,0.00020383604486783115,0.20081789308050502,0.10040894654025251,20,20,0
2025-06-27,2025-06-26,1.1914864850895417,1.1912413643800175,-0.0008662729775046341,-0.0010718215683969134,0.019847236961588906,0.016660970274414887,100,100,0.142978378210745,0.14484880236173384,0.00024512070952435413,0.24156982405960586,0.12078491202980293,24,24,0
2025-06-30,2025-06-27,1.1967383574586086,1.1964959485624467,0.004614508228944825,0.004411015550290109,0.018035983738447593,0.015074003184145568,100,100,0.14360860289503302,0.1420397585680536,0.00024240889616187884,0.23868906656396385,0.11934453328198193,24,24,0
2025-07-01,2025-06-30,1.1989249870284109,1.1986271666192416,0.0020301267788516153,0.0017812162752040006,0.029080219926223894,0.024261272175438334,99,100,0.16784949818397749,0.17919155478092327,0.0002978204091694022,0.2894601886854135,0.14473009434270676,30,29,1
2025-07-02,2025-07-01,1.2012844459273244,1.2011399732889099,0.0022169356594659018,0.0020964039024375936,0.030317373968996968,0.025240500393957616,99,100,0.0840899112149127,0.08547153789610046,0.00014447263841465814,0.14115012450704065,0.07057506225352032,15,14,1
2025-07-03,2025-07-02,1.209074150611984,1.2087016501786199,0.006605539320574838,0.00629541690216584,0.032239185605291154,0.026672575155768923,99,100,0.21763334711015708,0.21992765917981524,0.0003725004333638909,0.3618975776369851,0.18094878881849255,37,36,1
2025-07-04,2025-07-03,1.210642901065743,1.2103331810046312,0.0016060629079444055,0.0013498209634861258,0.032844121307695734,0.02713642972295747,99,100,0.18159643515986137,0.18251109092337767,0.0003097200611116322,0.300755512432866,0.150377756216433,31,30,1
2025-07-07,2025-07-04,1.2086185045945705,1.2084133003263633,-0.0014166978456604529,-0.0015862414650767986,0.032401755608852195,0.02681347151682397,99,100,0.12086185045945705,0.12062468902882091,0.0002052042682073772,0.19980377478109548,0.09990188739054774,21,20,1
2025-07-08,2025-07-07,1.2151233753057034,1.214929441330323,0.005552798018300331,0.005392311556153828,0.020719641249811738,0.017054193062540447,100,100,0.12151233753057034,0.11002415714690982,0.00019393397537994297,0.19054566752880522,0.09527283376440261,19,19,0
2025-07-09,2025-07-08,1.222787318413007,1.2225378858881373,0.006467764147751298,0.006262457965857671,0.02045558319178377,0.016732064852880528,100,100,0.14673447820956084,0.1467198526764027,0.00024943252486977943,0.23998803918478878,0.11999401959239439,24,24,0
2025-07-10,2025-07-09,1.22496299905511,1.224753745520854,0.001983671176955859,0.0018125079462112392,0.02116435185433503,0.017280495717393717,100,100,0.122496299905511,0.12341432210231812,0.00020925353425585658,0.20074942851132258,0.10037471425566129,20,20,0
2025-07-11,2025-07-10,1.2360723367643875,1.2357988032463194,0.009241524089987685,0.009018186525951988,0.021219483466502015,0.017170661931991325,100,100,0.16068940377937038,0.1610180689096055,0.00027353351806818824,0.2602658947380826,0.1301329473690413,26,26,0
2025-07-14,2025-07-11,1.2385368941613264,1.238282458915072,0.0022156445756496,0.0020097573021016224,0.022577520806830273,0.018232932756401712,100,100,0.14862442729935918,0.15023689988594158,0.0002544352462541512,0.241301917281741,0.1206509586408705,24,24,0
2025-07-15,2025-07-14,1.2386113154471747,1.2384644570655352,0.0002655747319482149,0.0001469762808581354,0.021943057971913735,0.017717955365393733,100,100,0.08670279208130223,0.08621518762802531,0.00014685838163960917,0.13960632972814327,0.06980316486407163,14,14,0
2025-07-16,2025-07-15,1.2275601097879163,1.2273537242847974,-0.008804731710634672,-0.008971377997446961,0.01964602197324485,0.016006813345266838,100,100,0.12275601097879163,0.12066536048324161,0.0002063855031188408,0.1982969058061758,0.0991484529030879,20,20,0
2025-07-17,2025-07-16,1.2329547556300782,1.2327874015044467,0.004563502138346109,0.004427148516468193,0.01918073954391819,0.015558838061218624,100,100,0.09863638045040625,0.0983384521467112,0.00016735412563162613,0.15975836233865467,0.07987918116932734,16,16,0
2025-07-18,2025-07-17,1.2352461884272343,1.2350574548882953,0.001994493876062542,0.001841398915237491,0.01875643519569914,0.015186690401699218,100,100,0.11117215695845109,0.11093658614917118,0.00018873353893915902,0.1798092924216347,0.08990464621081735,18,18,0
2025-07-21,2025-07-18,1.2432737276431132,1.2431031500318723,0.006652542942272133,0.006514429844322267,0.019942570567392404,0.01604257101824663,100,100,0.09946189821144906,0.10081861119438305,0.00017057761124069086,0.1610912423811174,0.0805456211905587,16,16,0
2025-07-22,2025-07-21,1.263330697509943,1.262978705242463,0.016271817409160283,0.01598866128694243,0.027196321715560662,0.021533476061529944,100,100,0.2021329116015909,0.20973865501723918,0.00035199226747991737,0.3260203899348282,0.1630101949674141,32,32,0
2025-07-23,2025-07-22,1.2752611140896557,1.2748732950545276,0.009724953236511347,0.009417886273689113,0.0246168065138509,0.019309218107669293,100,100,0.22954700053613805,0.2273553043695566,0.00038781903512819546,0.35828137458096493,0.17914068729048246,36,36,0
2025-07-24,2025-07-23,1.269267371575722,1.2689863322758146,-0.004397239710449807,-0.004617684597794658,0.024818686113084985,0.019557882919491235,100,100,0.16500475830484385,0.16548767720398525,0.0002810392999072901,0.26038047058480823,0.13019023529240412,26,26,0
2025-07-25,2025-07-24,1.2873032869759435,1.2870822363249792,0.014434319924690797,0.014260125258174439,0.0266059010788307,0.02067148495095297,100,100,0.12873032869759435,0.1307385943143044,0.00022105065096429154,0.20156005631076085,0.10078002815538042,20,20,0
2025-07-28,2025-07-25,1.2877365798646334,1.2875377367142158,0.0005083929536022769,0.0003539015428704051,0.02806110674531936,0.021794395570052215,100,100,0.11589629218781701,0.11755034100472354,0.00019884315041788605,0.18128446208857438,0.09064223104428719,18,18,0
2025-07-29,2025-07-28,1.282960234915651,1.282742457698881,-0.0035552369985260013,-0.003724379393781674,0.02754694483270937,0.021475039410581286,100,100,0.1282960234915651,0.1279996387957253,0.000217777216770237,0.19976898372391153,0.09988449186195576,20,20,0
2025-07-30,2025-07-29,1.2793480449500712,1.2791501105705865,-0.0026462153243911324,-0.0028005209516015483,0.02934367282321728,0.022939975989313747,100,100,0.11514132404550641,0.11713598641549872,0.00019793437948435256,0.18155912410064312,0.09077956205032156,18,18,0
2025-07-31,2025-07-30,1.2800421665184476,1.279738619890683,0.0006973817540953942,0.00046007838738648665,0.028037028134595854,0.02190840199617545,100,100,0.17920590331258263,0.17820280525172566,0.00030354662776444787,0.2792163554552384,0.1396081777276192,28,28,0
2025-08-01,2025-07-31,1.2611388448657268,1.2608414491670834,-0.014534042136311487,-0.014766429980220375,0.02523477204083835,0.0200142310181098,100,100,0.1765594382812018,0.1740545778860877,0.00029739569864341764,0.27801381076690196,0.13900690538345098,28,28,0
2025-08-04,2025-08-01,1.2628900287452605,1.2627369644327227,0.0016247717582018595,0.001503373217061954,0.02760934328937393,0.021864682880949216,100,100,0.08840230201216823,0.09092993757324166,0.00015306431253786672,0.14200146925190688,0.07100073462595344,14,14,0
2025-08-05,2025-08-04,1.2761007554463255,1.2758390676728317,0.010583194592395984,0.01037595604560071,0.02858694586372302,0.022406388539164625,100,100,0.15313209065355904,0.1543713810014018,0.0002616877734936774,0.24097115399591568,0.12048557699795784,24,24,0
2025-08-06,2025-08-05,1.283588496998966,1.2833475494342335,0.006073986541476062,0.005885132342825505,0.02917919447513353,0.022736782789663828,100,100,0.14119473466988625,0.14202793084602927,0.00024094756473256394,0.22064911471089918,0.11032455735544959,22,22,0
2025-08-07,2025-08-06,1.2895310670524738,1.2893332729745042,0.004818272042492522,0.004664148494232467,0.029432150133891187,0.0228274184423946,100,100,0.11605779603472265,0.11650854577144976,0.00019779407796942833,0.18034954546520343,0.09017477273260172,18,18,0
2025-08-08,2025-08-07,1.288019562730144,1.287800473304135,-0.001018906648805662,-0.0011888312374294108,0.029327697384940572,0.022773479271749233,100,100,0.1288019562730144,0.12891659295007266,0.00021908942600888857,0.20008900227944929,0.10004450113972464,20,20,0
2025-08-11,2025-08-08,1.2894108686816574,1.2891912140518327,0.0012505006877272518,0.0010799349561732008,0.029521481072410177,0.02289922608115389,100,100,0.12894108686816574,0.1293545251854602,0.00021965462982490578,0.20032064125356502,0.10016032062678251,20,20,0
2025-08-12,2025-08-11,1.3004821957176347,1.3002373064401813,0.008758190051819659,0.008568234306865596,0.030821234389692864,0.023704314771644207,100,100,0.1430530415289398,0.1445976841236759,0.00024488927745340745,0.22118774605282754,0.11059387302641377,22,22,0
2025-08-13,2025-08-12,1.3049373625062501,1.3046491704539125,0.0036147678910527503,0.0033931221569161174,0.030352037995448666,0.023264520978378125,100,100,0.16964185712581253,0.16946085278390607,0.0002881920523377842,0.2598612926971768,0.1299306463485884,26,26,0
2025-08-14,2025-08-13,1.309582825979923,1.3094254666646774,0.003781595572006413,0.003660981295916521,0.03157555045647967,0.024114049451709384,100,100,0.09167079781859461,0.0930516695948711,0.00015735931524551495,0.14105443638148144,0.07052721819074072,14,14,0
2025-08-15,2025-08-14,1.291080714818775,1.2908827240884388,-0.014009771699819984,-0.014160975976334145,0.0317915424252482,0.02462775419641463,100,100,0.11619726433368975,0.11661124703279457,0.00019799073033628786,0.1803206481936824,0.0901603240968412,18,18,0
2025-08-18,2025-08-15,1.3065656240219166,1.3064087918591263,0.012148973443387057,0.01202748125833919,0.032862758927636355,0.02515503503376609,100,100,0.09145959368153414,0.09268764234671265,0.0001568321627903044,0.1409399058436868,0.0704699529218434,14,14,0
2025-08-19,2025-08-18,1.3151352880122833,1.3148667530846008,0.006679759205186153,0.0064742072146024565,0.032819068479888525,0.024959995682373823,100,100,0.15781623456147403,0.15804107904140857,0.00026853492768243387,0.2401709668062169,0.12008548340310846,24,24,0
2025-08-20,2025-08-19,1.3173234455564033,1.3170530143448616,0.0018683965246206746,0.0016627245727613982,0.034091572403075546,0.025884738147790985,100,100,0.15807881346676841,0.15962174860149703,0.0002704312115417078,0.24117126521958848,0.12058563260979424,24,24,0
2025-08-21,2025-08-20,1.3335807451950503,1.3332847426857077,0.012549024731863367,0.01232427864638419,0.0349602650342363,0.026221154352830844,100,100,0.17336549687535657,0.17453019201585998,0.00029600250934266,0.26087335929579064,0.13043667964789532,26,26,0
2025-08-22,2025-08-21,1.3369972227932705,1.3367226402994092,0.00278446155476475,0.0025785171791408157,0.03635391927832672,0.0271963069842102,100,100,0.16043966673519247,0.16210790347314435,0.00027458249386157424,0.24124774884308778,0.12062387442154389,24,24,0
2025-08-25,2025-08-22,1.3384938106629265,1.3382676179784712,0.0013250096243755394,0.001155795250625813,0.034899305359911224,0.02607797191762631,100,100,0.13384938106629266,0.13262095983233257,0.00022619268445534142,0.19908223614918943,0.09954111807459472,20,20,0
2025-08-26,2025-08-25,1.3473346758022586,1.3470582812326246,0.006775220219020106,0.006568688606119144,0.036021361490674794,0.02674075947011994,100,100,0.16168016109627104,0.16307861179666872,0.00027639456963409815,0.24103793862468875,0.12051896931234438,24,24,0
2025-08-27,2025-08-26,1.356090804346127,1.3557212902518485,0.006705369202910205,0.006431057319433053,0.03624947966597576,0.026738150331209888,100,100,0.21697452869538034,0.2175721609649599,0.00036951409427868445,0.3204407022506636,0.1602203511253318,32,32,0
2025-08-28,2025-08-27,1.330701753248171,1.3304067383376257,-0.0184547791523062,-0.018672386497316285,0.03679975846209543,0.027660532227969315,100,100,0.1729912279222622,0.17383652162892718,0.0002950149105451773,0.2606352240121437,0.13031761200607184,26,26,0
2025-08-29,2025-08-28,1.3323017646190316,1.3320106690773368,0.0014243961841127195,0.0012055942694000343,0.033469437205756535,0.025127003846703643,100,100,0.1731992294004741,0.17016000368582998,0.0002910955416946974,0.25771881581533956,0.12885940790766978,26,26,0
2025-09-01,2025-08-29,1.3297188164400473,1.3295367083404428,-0.001720596306392208,-0.0018573130038121999,0.03443854780514184,0.025902667891079745,100,100,0.10637750531520379,0.10752872401419379,0.0001821080996047354,0.1608657610050763,0.08043288050253815,16,16,0
2025-09-02,2025-09-01,1.3297631383762762,1.3295800842986667,0.00017030747207891217,3.2624866956876275e-05,0.036261212628003206,0.027272680341876847,100,100,0.1063810510701021,0.10838676997057312,0.00018305407760969172,0.1615083279439676,0.0807541639719838,16,16,0
2025-09-03,2025-09-02,1.3260177131392856,1.3257222287138248,-0.0026793204873102328,-0.0029015593948797935,0.03817891989051013,0.02879858168143575,100,100,0.17238230270810712,0.17459549439607466,0.0002954844254605464,0.2616690513754359,0.13083452568771795,26,26,0
2025-09-04,2025-09-03,1.3058885959617452,1.3056452790993238,-0.014960624724020488,-0.015144160050766464,0.037131689370748885,0.028439339509092026,100,100,0.143647745555792,0.14284383189845248,0.00024331686242177276,0.21938439338560314,0.10969219669280157,22,22,0
2025-09-05,2025-09-04,1.3182386559583967,1.3178347623150157,0.009645327916139923,0.00933598383176526,0.037193809052398885,0.028223423843412063,100,100,0.23728295807251143,0.23774897139754225,0.00040389364338080296,0.36035351210717764,0.18017675605358882,36,36,0
2025-09-08,2025-09-05,1.3290954025020685,1.3287530103654397,0.008544804332882627,0.008284990169210582,0.040008515998180255,0.030109821528966418,100,100,0.19936431037531022,0.20252140945772032,0.00034239213662867865,0.3023753743158442,0.1511876871579221,30,30,0
2025-09-09,2025-09-08,1.3412504058203756,1.3410426396904092,0.009405356268204379,0.009248994530284937,0.04212331157357546,0.03141086668452241,100,100,0.1207125365238338,0.12303509822919541,0.0002077661299664151,0.1817316391445496,0.0908658195722748,18,18,0
2025-09-10,2025-09-09,1.3393642756841777,1.3389987768053226,-0.001251536645112905,-0.001524084935553116,0.04284126348450153,0.03199499822301199,100,100,0.21429828410946844,0.21538173489924942,0.0003654988788548551,0.3208089291385852,0.1604044645692926,32,32,0
2025-09-11,2025-09-10,1.339743629478673,1.3395361990875674,0.0005562758430053272,0.00040136129438961277,0.044860756543967595,0.033489768006661376,100,100,0.12057692665308058,0.12280385010365248,0.00020743039110586605,0.1816622011865348,0.0908311005932674,18,18,0
2025-09-12,2025-09-11,1.3468845003368706,1.3466129834289131,0.005485705615352998,0.0052830109004640136,0.04163693953499195,0.030919752035191886,100,100,0.16162614004042447,0.15867383993940642,0.00027151690795760176,0.23780805250912038,0.11890402625456019,24,24,0
2025-09-15,2025-09-12,1.3464542696178208,1.3461586796065004,-0.00011786148882075853,-0.0003373677723319535,0.03954463837354934,0.02937591160137878,100,100,0.1750390550503167,0.17324234390019455,0.00029559001132040423,0.25866559808924505,0.12933279904462253,26,26,0
2025-09-16,2025-09-15,1.3485340304576334,1.3482099838086015,0.0017645400108605713,0.0015238205073273559,0.042034727890727444,0.031178175800168902,100,100,0.18879476426406866,0.19160890043027856,0.00032404664903174765,0.2820868113838068,0.1410434056919034,28,28,0
2025-09-17,2025-09-16,1.3525498542912204,1.3522725891878773,0.0032189870530101583,0.0030133328102193158,0.042980129212687304,0.03178362820953097,100,100,0.1623059825149465,0.16352864894024943,0.00027726510334324223,0.2409039714295365,0.12045198571476826,24,24,0
2025-09-18,2025-09-17,1.353687922729881,1.3534108755334766,0.0010466333144072415,0.0008417580558095494,0.04351659125951596,0.032153274401879574,100,100,0.16244255072758573,0.16325605997081885,0.0002770471964044523,0.24060095774629692,0.12030047887314846,24,24,0
2025-09-19,2025-09-18,1.333736238016045,1.333394853439993,-0.014537076561969009,-0.014789316722162216,0.04434051155409942,0.033253849330306326,100,100,0.20006043570240672,0.20122574057304204,0.00034138457605179033,0.3008737146351881,0.15043685731759404,30,30,0
2025-09-22,2025-09-19,1.336663923125521,1.3361198462774058,0.0024516891430128585,0.002043650333869662,0.04263095059691903,0.031906531974428866,100,100,0.32079934155012507,0.3196338574410601,0.0005440768481152407,0.4791280649616549,0.23956403248082744,48,48,0
2025-09-23,2025-09-22,1.3272154751485639,1.326857620882966,-0.006664350622177073,-0.006932181585540653,0.03941096574684021,0.029702482863695596,100,100,0.21235447602377022,0.20949234543928896,0.0003578542655974798,0.3178435072239036,0.1589217536119518,32,32,0
2025-09-24,2025-09-23,1.3155892323170797,1.3152551195456146,-0.008492537849228876,-0.008744345402810105,0.03783823227015404,0.028768739773638845,100,100,0.19733838484756194,0.19609976414234098,0.00033411277146511213,0.2990585049840827,0.14952925249204135,30,30,0
2025-09-25,2025-09-24,1.3300246324624443,1.32957080964296,0.01122939017483704,0.010884344705908378,0.03885208622075803,0.029221524674711598,100,100,0.2660049264924889,0.26747260326257716,0.0004538228194843283,0.40110349593102723,0.20055174796551362,40,40,0
2025-09-26,2025-09-25,1.3198243482649972,1.3195104268567754,-0.007330532008731461,-0.007566639334452674,0.038359267843896316,0.029070833441818624,100,100,0.1847754087570996,0.18459651178845957,0.00031392140822156505,0.2798644539564108,0.1399322269782054,28,28,0
2025-09-29,2025-09-26,1.3227933211883656,1.3225423632537292,0.0024879639181103474,0.0022977737312588342,0.04137702224931725,0.031285971171101976,100,100,0.1455072653307202,0.14877597767077738,0.00025095793463628737,0.22247106807064962,0.11123553403532481,22,22,0
2025-09-30,2025-09-29,1.3253352502905789,1.3249766937362022,0.0021117562011234714,0.0018406446176015834,0.039259707783813644,0.0296304893281618,100,100,0.21205364004649263,0.21029488213536596,0.00035855655437679843,0.31867297130236216,0.15933648565118108,32,32,0
2025-10-09,2025-09-30,1.327512218089175,1.3270817611081194,0.0019136369454342272,0.0015887580376838795,0.04034791863237096,0.030403491190083315,100,100,0.25222732143694326,0.25374598926655606,0.0004304569810553776,0.3811439953688704,0.1905719976844352,38,38,0
2025-10-10,2025-10-09,1.334440609323471,1.3340080231365372,0.005545135522929012,0.005219167523359269,0.0413352143750962,0.03098573146352471,100,100,0.2535437157714595,0.2549635977011187,0.00043258618693410675,0.38106402781790266,0.19053201390895133,38,38,0
2025-10-13,2025-10-10,1.3284306952421006,1.3281600349179268,-0.004180880322835812,-0.004383772898801985,0.04075588345496095,0.0306859733642561,100,100,0.15941168342905204,0.15910301283309064,0.00027066032417383083,0.23976764268014358,0.11988382134007179,24,24,0
2025-10-14,2025-10-13,1.3405156642936635,1.3401075535849023,0.009302816717038365,0.008995541465538714,0.038450423189265226,0.028692042729262332,100,100,0.24129281957285942,0.23939547001592495,0.0004081107087612334,0.35858461217017246,0.17929230608508623,36,36,0
2025-10-15,2025-10-14,1.3419203091437162,1.3413978309784353,0.0013526940833701318,0.0009628162979018473,0.03591642175641409,0.026775368892773682,100,100,0.3086416711030548,0.30663014783548453,0.0005224781652808656,0.4585010113835644,0.2292505056917822,46,46,0
2025-10-16,2025-10-15,1.3530560778745544,1.3526868982151827,0.00869111804632583,0.008415897935747374,0.03659124772417861,0.027050788894650585,100,100,0.2164889724599287,0.21753297808706493,0.00036917965937172885,0.32077159080411227,0.16038579540205614,32,32,0
2025-10-17,2025-10-16,1.3482952312076935,1.3479503412941831,-0.0032466249309310857,-0.0035015914822930094,0.03722329376724941,0.027614736705738642,100,100,0.20224428468115405,0.2032212206377351,0.0003448899135102009,0.3007245712466891,0.15036228562334455,30,30,0
2025-10-20,2025-10-17,1.3394690190621215,1.3388808797595495,-0.006292013861518564,-0.006728335055671164,0.033084241870485795,0.024710369959445096,100,100,0.3482619449561516,0.34471103236195993,0.0005881393025718465,0.517349014763568,0.258674507381784,52,52,0
2025-10-21,2025-10-20,1.3403190299625776,1.3400679714467332,0.0010741435065428906,0.0008866298004022166,0.03321396266495516,0.024785282069757605,100,100,0.14743509329588353,0.14781587260619722,0.0002510585158443472,0.2202840960262456,0.1101420480131228,22,22,0
2025-10-22,2025-10-21,1.3503439753143518,1.3499980174706414,0.007668270629977547,0.0074101062300502285,0.03434085028045605,0.02543770423070482,100,100,0.20255159629715283,0.20402444175636394,0.00034595784371029166,0.30109071872510734,0.15054535936255367,30,30,0
2025-10-23,2025-10-22,1.3541329593930245,1.3537391001126866,0.0030629244405337985,0.002771176397025066,0.0362332228850681,0.02676529242750838,100,100,0.23020260309681417,0.23248883498176406,0.0003938592803380287,0.34168833634030643,0.17084416817015322,34,34,0
2025-10-24,2025-10-23,1.3639836633873161,1.363544466850817,0.007567605363379748,0.007243173176658679,0.034548402007639145,0.025337202304396154,100,100,0.25915689604359005,0.25791127170266026,0.00043919653649908066,0.3790867747361164,0.1895433873680582,38,38,0
2025-10-27,2025-10-24,1.3570419938585114,1.3565363553030425,-0.004768801568549752,-0.005139628166260013,0.03231989960298496,0.023825310303434426,100,100,0.2985492386488725,0.29682637479968715,0.0005056385554689793,0.43873042701922094,0.21936521350961047,44,44,0
2025-10-28,2025-10-27,1.360010366625733,1.3598019115104896,0.0025609422918226876,0.0024072751125918668,0.03245101644215556,0.023864517447330588,100,100,0.12240093299631598,0.12274050495073013,0.00020845511524359285,0.18024968335738253,0.09012484167869127,18,18,0
2025-10-29,2025-10-28,1.357209067425155,1.356929702607437,-0.0019067807328307929,-0.002112225963752379,0.03443907704568328,0.025380148271134568,100,100,0.1628650880910186,0.16513251351226435,0.0002793648177181019,0.24167065301556484,0.12083532650778242,24,24,0
2025-10-30,2025-10-29,1.358412966563614,1.3580433964321745,0.0010931030202425696,0.0008207454097273192,0.034143874672418306,0.025141961414576617,100,100,0.21734607465017824,0.21742044240835262,0.00036957013143929456,0.32005474606029605,0.16002737303014802,32,32,0
2025-10-31,2025-10-30,1.3502805438943377,1.3498437856614194,-0.005716203589834601,-0.006037812040688095,0.03426858665823286,0.025387075913707566,100,100,0.2565533033399242,0.25711477355865714,0.00043675823291847724,0.3804158174545814,0.1902079087272907,38,38,0
2025-11-03,2025-10-31,1.3637299809772694,1.3633561394432485,0.010287260987793312,0.010010309285683805,0.03653745348334353,0.026799639819911084,100,100,0.2181967969563631,0.2208395053154946,0.000373841534020862,0.3219378530911505,0.16096892654557526,32,32,0
2025-11-04,2025-11-03,1.3678789484732152,1.3675316183505108,0.003317408341897865,0.0030626472324153386,0.034845569582066575,0.025480631756139283,100,100,0.2051818422709822,0.20383728849240962,0.00034733012270423997,0.2990170520716957,0.14950852603584786,30,30,0
2025-11-05,2025-11-04,1.3626988461346425,1.3622597803622303,-0.0035339381927399494,-0.003855002632143445,0.03341927209237024,0.024532231351265414,100,100,0.25891278076558205,0.2579255490482982,0.00043906577241247695,0.3792755319929387,0.18963776599646934,38,38,0
2025-11-06,2025-11-05,1.3739486932883824,1.3737152367726517,0.0085805314776628,0.008409157031249448,0.03308148636909919,0.02408176417029444,100,100,0.13739486932883824,0.13729054012129796,0.0002334565157307306,0.19992406615468983,0.09996203307734491,20,20,0
2025-11-07,2025-11-06,1.3726745196146066,1.3723241716306567,-0.0007575930805645559,-0.0010126299139427974,0.03301839424716561,0.02406020015513658,100,100,0.20590117794219095,0.20618843380420734,0.00035034798394994267,0.30020926727925057,0.15010463363962528,30,30,0
2025-11-10,2025-11-07,1.3808900942870024,1.3806066883341745,0.006241909042647986,0.006035393731844252,0.03428441883365506,0.024832864510472768,100,100,0.16570681131444026,0.1672562418537576,0.00028340595282779754,0.24112205203421153,0.12056102601710576,24,24,0
2025-11-11,2025-11-10,1.3948391995729554,1.3943647689143128,0.010308881855377372,0.009965242596889468,0.033978470709564224,0.02436842314656351,100,100,0.27896783991459106,0.27913632244914305,0.00047443065864281186,0.4001207899337813,0.20006039496689065,40,40,0
2025-11-12,2025-11-11,1.4025642719148608,1.4022067152277393,0.00588045767029266,0.00562402786433891,0.033532548370809,0.02391412621737645,100,100,0.21038464078722913,0.21029627513559532,0.0003575566871214921,0.2999369970749981,0.14996849853749905,30,30,0
2025-11-13,2025-11-12,1.4009541431992134,1.400619824497707,-0.0008932862857687907,-0.0011317095495256835,0.03400878914640311,0.02428124216976538,100,100,0.1961335800478898,0.1969441395249903,0.00033431870150622345,0.28057857673717235,0.14028928836858617,28,28,0
2025-11-14,2025-11-13,1.40525266435564,1.4048912199748411,0.003307706900117946,0.003049646593904054,0.036470027845708436,0.025959325054619918,100,100,0.21078789965334607,0.21361058273345007,0.0003614443807988029,0.3020086658803087,0.15100433294015436,30,30,0
2025-11-17,2025-11-14,1.4065200833969438,1.406135452146161,0.0011594231631200103,0.0008856430687511629,0.03795611304846393,0.026993212489260652,100,100,0.22504321334351102,0.22691392979704922,0.0003846312507828606,0.32133003181086484,0.16066501590543242,32,32,0
2025-11-18,2025-11-17,1.4000444369543217,1.3997598350042297,-0.004331741428283298,-0.004534141523990676,0.036755951964863046,0.02625875599920466,100,100,0.16800533243451865,0.1670897733010096,0.0002846019500918217,0.2393460499471712,0.1196730249735856,24,24,0
2025-11-19,2025-11-18,1.3918093746155435,1.3914532213292876,-0.005679874639825,-0.00593431349236917,0.037528794795743003,0.026970935293024707,100,100,0.20877140619233153,0.20990040230946735,0.000356153286255813,0.30081117151366193,0.15040558575683097,30,30,0
2025-11-20,2025-11-19,1.3860233686875647,1.3856934970754515,-0.0039022890302670143,-0.004139358884327926,0.0371971507886588,0.02684370740511125,100,100,0.194043271616259,0.19404149922128794,0.00032987161211317235,0.2799987212373101,0.13999936061865506,28,28,0
2025-11-21,2025-11-20,1.3723235646755272,1.3720216454927892,-0.00964854957329453,-0.009866432664595193,0.035654936101067444,0.02598715276701138,100,100,0.1784020634078185,0.17716176790296517,0.0003019191827379526,0.259096207675231,0.1295481038376155,26,26,0
2025-11-24,2025-11-21,1.342979390853276,1.3421666601203854,-0.02116749013029029,-0.02175985012370607,0.02650342872088598,0.019746749422689995,100,100,0.48347258070717936,0.4751338040598883,0.0008127307328901841,0.713790837965136,0.356895418982568,72,72,0
2025-11-25,2025-11-24,1.3488536679036873,1.3486455872754077,0.004982248465851491,0.004827215089995729,0.027846272720013387,0.020647583755691985,100,100,0.12139683011133186,0.12294775473873869,0.00020808062827941173,0.18114980940061287,0.09057490470030644,18,18,0
2025-11-26,2025-11-25,1.3484144501587672,1.3478197727196544,-0.00017138462381915964,-0.0006123288160692075,0.026050006319774,0.019327514588400672,100,100,0.3505877570412795,0.34938616808015277,0.000594677439112936,0.519108887507854,0.259554443753927,52,52,0
2025-11-27,2025-11-26,1.3455799108571456,1.3451221381761398,-0.0016618407800838009,-0.0020014801667964655,0.025842698470003457,0.019212157570348033,100,100,0.2691159821714291,0.26936644700266443,0.00045777268100578834,0.4001861389496189,0.20009306947480945,40,40,0
2025-11-28,2025-11-27,1.3434103305391507,1.3428172559428624,-0.0012726038687536079,-0.0017135114855835187,0.02460165131920819,0.01832092282872406,100,100,0.3492866859401792,0.3486387133856722,0.0005930745962883475,0.5195176659433258,0.2597588329716629,52,52,0
2025-12-01,2025-11-28,1.3524485059048967,1.352171816688549,0.007172420461093676,0.006966369179638221,0.02504289041468783,0.018520494293408317,100,100,0.1622938207085876,0.1630117490204148,0.0002766892163476089,0.24053083596801847,0.12026541798400923,24,24,0
2025-12-02,2025-12-01,1.3574190262594878,1.357046883165526,0.0038805790108753513,0.0036053602188781397,0.027329946247195612,0.020139279332372216,100,100,0.21718704420151805,0.2198462431279876,0.0003721430939616974,0.3219590110901843,0.16097950554509216,32,32,0
2025-12-03,2025-12-02,1.3594471803719927,1.3590980198145608,0.001768765129814609,0.0015114707343419909,0.02925490063247907,0.021525232327592302,100,100,0.20391707705579887,0.20619119199851416,0.00034916055743184477,0.30167282331785256,0.15083641165892628,30,30,0
2025-12-04,2025-12-03,1.355800242910962,1.355317514207985,-0.002426445227290408,-0.0027816283678285814,0.02759764125440034,0.02036249141997382,100,100,0.28471805101130193,0.28354352033620006,0.0004827287029766017,0.41913369931799077,0.20956684965899539,42,42,0
2025-12-05,2025-12-04,1.3441354736532813,1.3432673531184487,-0.008250495133044988,-0.008891024400712544,0.026555901494999312,0.019769632183309398,100,100,0.5107714799882468,0.5105978607636786,0.0008681205348329931,0.7598708320493197,0.37993541602465986,76,76,0
2025-12-08,2025-12-05,1.3530208538054156,1.352375577075453,0.007261027124886077,0.00678064864441108,0.027036809811558454,0.01999208671752728,100,100,0.3788458390655163,0.379972024112038,0.0006452767299625507,0.5608323486244533,0.28041617431222665,56,56,0
2025-12-09,2025-12-08,1.3472824455286205,1.3469853972821015,-0.0037660629437323845,-0.003985712168070865,0.026102330707877708,0.01937833235649477,100,100,0.17514671791872066,0.17450928706155897,0.0002970482465189473,0.25952687659571516,0.12976343829785758,26,26,0
2025-12-10,2025-12-09,1.3380883655354192,1.337505896312937,-0.006605143429642579,-0.0070375677333192055,0.03804864978526615,0.028447463215043566,99,100,0.3345220913838548,0.3470508796837254,0.0005824692224824114,0.5093631994885909,0.25468159974429544,52,51,1
2025-12-11,2025-12-10,1.341810957503545,1.3412313058681424,0.0032187231491658252,0.0027853406594133823,0.02526099104606952,0.01883417941077566,100,100,0.3488708489509218,0.3366628418471275,0.0005796516354023928,0.5109018427405697,0.25545092137028486,51,51,0
2025-12-12,2025-12-11,1.322658552974482,1.321914856141502,-0.013847539057879832,-0.014402027183623933,0.026049462177960843,0.019705854773427574,100,100,0.4364773224815791,0.43800949044645066,0.0007436968329800438,0.6611584002246278,0.3305792001123139,66,66,0
2025-12-15,2025-12-12,1.3154333101620928,1.3150305663867197,-0.004903149358898906,-0.005207816314945268,0.025847793369499106,0.019655659746769624,100,100,0.2367779958291767,0.23697907079608815,0.0004027437753732027,0.360152858351205,0.1800764291756025,36,36,0
2025-12-16,2025-12-15,1.3224360820461254,1.321524737576107,0.005631439944208783,0.0049384184332925685,0.015487831474233556,0.011719668224024907,100,100,0.5421987936389114,0.5327501762136643,0.000911344470018377,0.812855142449964,0.406427571224982,82,82,0
2025-12-17,2025-12-16,1.308684501428778,1.3084392919327583,-0.009716228370329372,-0.009901778809944584,0.015683980389520395,0.011986784932415808,100,100,0.1439552951571656,0.14439665356847203,0.0002452094960196186,0.22033725348685998,0.11016862674342999,22,22,0
2025-12-18,2025-12-17,1.3124589639983697,1.3115226586668711,0.0030721120119174827,0.002356522578558673,0.014029157970266925,0.010696847574503364,100,100,0.5512327648793152,0.5505142477915603,0.0009363053314983068,0.8394525412927456,0.4197262706463728,84,84,0
2025-12-19,2025-12-18,1.3243707220248122,1.3240514740678455,0.009796295377009212,0.00955287757949197,0.01738966012668189,0.013133673778751314,100,100,0.1854119010834737,0.1890916511968552,0.00031924795696662507,0.2827784894759343,0.14138924473796716,28,28,0
2025-12-22,2025-12-19,1.3385807808592862,1.3380554537961133,0.010973370050941345,0.010576612769625848,0.01862976747873607,0.013923015990019489,100,100,0.30787357959763595,0.3096390140128631,0.0005253270631727308,0.4613188852256597,0.23065944261282986,46,46,0
2025-12-23,2025-12-22,1.3378637950410055,1.337569945570748,-0.00014323678033234533,-0.0003628461167196617,0.016682801238979486,0.01247247016443753,100,100,0.17392229335533071,0.17226917658583174,0.00029384947025761323,0.2587643609344789,0.12938218046723945,26,26,0
2025-12-24,2025-12-23,1.331290153124047,1.3310191593397849,-0.004694926398051802,-0.004897527977998806,0.015875982931926824,0.011927689260161864,100,100,0.15975481837488564,0.1592189938520952,0.0002709937842622361,0.23959751484563072,0.11979875742281536,24,24,0
2025-12-25,2025-12-24,1.338170179733541,1.3380335691399061,0.005372590126578869,0.005269954043036096,0.015845949885566327,0.011842714750237673,100,100,0.08029021078401247,0.08039678833128677,0.00013661059363482295,0.12007964424023822,0.06003982212011911,12,12,0
2025-12-26,2025-12-25,1.3424926766645504,1.3422646126890383,0.003332582700081854,0.003162135574709124,0.015472631800385632,0.011527258972721027,100,100,0.13424926766645504,0.13410401355678667,0.0002280639755123383,0.1998918026800494,0.0999459013400247,20,20,0
2025-12-29,2025-12-26,1.3447519805332409,1.3444278016057587,0.0018531128815348907,0.0016115964738030453,0.018901140250365406,0.014058873394160882,100,100,0.1882652772746537,0.1920179646521156,0.00032417892748211915,0.2827906167321455,0.14139530836607275,28,28,0
2025-12-30,2025-12-29,1.338396651457116,1.3381461739937046,-0.004486034981900255,-0.0046723428394975786,0.018830016958706036,0.01407171901295936,100,100,0.14722363166028274,0.1474029858320348,0.0002504774634114079,0.22013400673974848,0.11006700336987424,22,22,0
2025-12-31,2025-12-30,1.3400751214428421,1.3398270247139605,0.0014415072782225646,0.0012561039690002218,0.016311630386003112,0.01217443004591244,100,100,0.14740826335871265,0.14513797351489127,0.0002480967288816079,0.21830584882332793,0.10915292441166397,22,22,0
