date,signal_date,pre_trade_nav,nav,gross_return,net_return,cash,cash_ratio,holding_count,desired_count,buy_notional,sell_notional,total_cost,gross_turnover,one_way_turnover,attempted_order_count,executed_order_count,blocked_order_count
2024-01-02,,1.0,1.0,0.0,0.0,1.0,1.0,0,100,0.0,0.0,0.0,0.0,0.0,0,0,0
2024-01-03,2024-01-02,1.0,0.9994003597841296,0.0,-0.000599640215870445,0.0,0.0,100,100,0.9994003597841293,0.0,0.000599640215870476,0.9994003597841293,0.49970017989206467,100,100,0
2024-01-04,2024-01-03,0.9975787593751109,0.9972628651672956,-0.0018226933692641056,-0.0021387771136041067,0.009352385289065625,0.009378054288120634,99,100,0.17956417668751998,0.18923245618440093,0.0003158942078153529,0.3696917455449204,0.1848458727724602,38,37,1
2024-01-05,2024-01-04,0.9928703688053603,0.9925308468683331,-0.004404552215226065,-0.004745006020221765,0.01078196483682538,0.010863103016742502,99,100,0.19857407376107203,0.20034317524585882,0.00033952193702708837,0.40178180509799616,0.20089090254899808,41,40,1
2024-01-08,2024-01-05,0.9775555326352917,0.9771642690802079,-0.015088008881831816,-0.015482216836494644,0.0035006083440323917,0.0035824154185738586,100,100,0.23461332783247002,0.22772323489476085,0.0003912635550837185,0.47295171199212094,0.23647585599606047,47,47,0
2024-01-09,2024-01-08,0.9542535316731376,0.953895862841384,-0.023446147318337607,-0.02381217465178731,0.003850222155696706,0.0040363128782506625,100,100,0.20993577696809032,0.21064305961150825,0.0003576688317535131,0.4407411894427867,0.22037059472139334,44,44,0
2024-01-10,2024-01-09,0.9537137246897162,0.9533392508290873,-0.00019094133727060036,-0.000583514442172528,0.004904652181522976,0.005144708116504764,100,100,0.21935415667863478,0.2207830605650898,0.00037447386062877967,0.46149825240998815,0.23074912620499408,46,46,0
2024-01-11,2024-01-10,0.9485592062713631,0.9481375260194373,-0.005014001630130216,-0.005456320827162187,0.006680319887847383,0.007045728815199782,100,100,0.2466253936305544,0.24882274158880463,0.00042168025192601717,0.5223165111294292,0.2611582555647146,52,52,0
2024-01-12,2024-01-11,0.9649151922389249,0.9643895485238883,0.017695393082821198,0.01714099701620464,0.006818176589989093,0.0070699403580483785,100,100,0.30877286151645594,0.30943636193363433,0.000525643715036871,0.6406876256302264,0.3203438128151132,64,64,0
2024-01-15,2024-01-12,0.9597993299782879,0.9595046839483771,-0.004759714114100699,-0.005065240060915244,0.007384835048624649,0.0076965075545394265,100,100,0.17276387939609184,0.17362518388463816,0.00029464602991075706,0.36089737975600156,0.18044868987800078,36,36,0
2024-01-16,2024-01-15,0.9575553342124713,0.9572453399632582,-0.002031620864928141,-0.002354698234323993,0.00771472831067835,0.008059300984400157,100,100,0.18193551350036952,0.1825754010116363,0.00030999424921302144,0.3806682512105611,0.19033412560528054,38,38,0
2024-01-17,2024-01-16,0.9503921684681805,0.9501347572315093,-0.007159263366422586,-0.007428171686917673,0.006461468753736141,0.006800581396015326,100,100,0.15206274695490887,0.1510668986346378,0.0002574112366710467,0.31895217116332497,0.15947608558166249,32,32,0
2024-01-18,2024-01-17,0.9248614234434938,0.9242006826588098,-0.026599736085496595,-0.027295154056110826,0.0061550264650204155,0.006659837609417441,100,100,0.3884417978462674,0.3887960963422356,0.0006607407846842211,0.840383082791635,0.4201915413958175,84,84,0
2024-01-19,2024-01-18,0.9198752261467635,0.9196252982806647,-0.00468021350038661,-0.0049506394704040835,0.0056521936778746,0.006146192028907822,100,100,0.14718003618348216,0.14692713126243512,0.00024992786609876773,0.31972506605911494,0.15986253302955747,32,32,0
2024-01-22,2024-01-19,0.9063233408888187,0.9061221682425802,-0.014464540521792357,-0.014683295537138985,0.006246646397121275,0.006893823610161329,100,100,0.11782203431554646,0.11861765968103159,0.00020117264623846276,0.2608778603943985,0.13043893019719924,26,26,0
2024-01-23,2024-01-22,0.8507039257817873,0.8501997667387808,-0.06115979103378111,-0.06171618294281511,0.003915402959858805,0.0046052740932611795,100,100,0.2977463740236256,0.2959192896293696,0.0005041590430064823,0.6978522675881894,0.3489261337940947,70,70,0
2024-01-24,2024-01-23,0.8673865830800782,0.867206768349704,0.02021503300009475,0.020003535964446373,0.006342740434837717,0.0073139886199319725,100,100,0.10408638996960937,0.1066935421749625,0.00017981473037422427,0.24300575574514321,0.12150287787257161,24,24,0
2024-01-25,2024-01-24,0.873038570479789,0.8728900886055265,0.006724811593874946,0.006553593056749296,0.00625363790673333,0.007164290199151812,100,100,0.0873038570479789,0.08736323639413682,0.00014848187426233788,0.20006801457365772,0.10003400728682886,20,20,0
2024-01-26,2024-01-25,0.9005919537153998,0.9000856494661308,0.03173579981201069,0.031155767737092832,0.006722027507221319,0.0074682087323671535,100,100,0.29719534472608194,0.2981700385758389,0.0005063042492690715,0.6610822813214529,0.33054114066072643,66,66,0
2024-01-29,2024-01-26,0.8941117922885505,0.8938384135104854,-0.006636987470163058,-0.0069407127636695876,0.006249166569962505,0.006991382866864445,100,100,0.16094012261193913,0.16074064045274547,0.00027337877806518364,0.35977689349261016,0.17988844674630508,36,36,0
2024-01-30,2024-01-29,0.8609555855613613,0.8605469299292982,-0.03678833607069898,-0.037245527914197996,0.004786668515906683,0.005562356159123072,100,100,0.2410675639571812,0.24001372153518846,0.00040865563206301587,0.5587759619199107,0.2793879809599554,56,56,0
2024-01-31,2024-01-30,0.8329718470279551,0.8327594702532323,-0.03204367123081664,-0.03229046401728364,0.004546067860066852,0.005459040722388239,100,100,0.12494577705419327,0.12491755317307633,0.00021237677472289994,0.2999661166446169,0.14998305832230846,30,30,0
2024-02-01,2024-01-31,0.7934924400252373,0.7932793996162257,-0.04715290744883904,-0.04740873210964636,0.0017970868372478334,0.002265389518645299,100,100,0.12695879040403799,0.1244228497902306,0.00021304040901167664,0.3168040771582818,0.1584020385791409,32,32,0
2024-02-02,2024-02-01,0.7931117256674548,0.7928262503793578,-0.00021136808651789352,-0.0005712353517400848,0.003633795216137048,0.004583343720516722,100,100,0.16655346239016555,0.1686756460571516,0.000285475288096966,0.42267576887127745,0.21133788443563872,42,42,0
2024-02-05,2024-02-02,0.7474940416470109,0.7472762812754085,-0.057177986615170706,-0.05745265003795508,0.004992938086719231,0.006681515540942327,100,100,0.12707398707999187,0.1286508903221765,0.00021776037160238905,0.3421095863703611,0.17105479318518055,34,34,0
2024-02-06,2024-02-05,0.6951188362275293,0.6949384057411335,-0.06979673563151201,-0.07003818647227456,0.007699037743906359,0.011078734000455103,100,100,0.10426782543412938,0.10715435557771244,0.0001804304863959614,0.3041525707449513,0.15207628537247564,30,30,0
2024-02-07,2024-02-06,0.7647759513352638,0.7644104086760459,0.10049458342952033,0.09996857615146815,0.00870559179577493,0.01138863586493146,100,100,0.21413726637387387,0.21550936308496027,0.00036554265921778036,0.5617941159220433,0.28089705796102166,56,56,0
2024-02-08,2024-02-07,0.8059903949696332,0.8056463209204021,0.05439484578134346,0.05394472887382129,0.009750728081967164,0.012102988406659076,100,100,0.2014975987424083,0.20288680907783166,0.0003440740492310594,0.5017236065641647,0.25086180328208235,50,50,0
2024-02-19,2024-02-08,0.8592902613947256,0.85889567821122,0.06658497541829345,0.0660952032027946,0.009509739012387792,0.011072053630766032,100,100,0.23200837057657597,0.23216196469050215,0.00039458318350549807,0.5401787453213737,0.27008937266068683,54,54,0
2024-02-20,2024-02-19,0.8478866498832612,0.8475406858716392,-0.012817654817971369,-0.013220455787167684,0.009187646336903284,0.010840360221119533,100,100,0.2034927959719827,0.20351666730812012,0.00034596401162212187,0.48002815392380654,0.24001407696190327,48,48,0
2024-02-21,2024-02-20,0.8469056949564872,0.8466018772433652,-0.0007492158497370838,-0.0011076856178396932,0.01022235591704219,0.012074572702729382,100,100,0.17785019594086232,0.1791887232341233,0.00030381771312205306,0.42158049154850685,0.21079024577425343,42,42,0
2024-02-22,2024-02-21,0.8606996076864278,0.8604065419815379,0.016652136998522193,0.01630596991247213,0.010318234099955635,0.011992277599601326,100,100,0.17213992153728552,0.1725288654250889,0.0002930657048899689,0.40045189272114207,0.20022594636057103,40,40,0
2024-02-23,2024-02-22,0.8744183327988911,0.8741484433895368,0.016285081683693026,0.01597140507131778,0.01215507152501373,0.013905042807011216,100,100,0.15739529990380038,0.15950202673821295,0.0002698894093543145,0.36240928941605005,0.18120464470802503,36,36,0
2024-02-26,2024-02-23,0.8890545549643538,0.8887978033201162,0.01705215136804239,0.016758435070565403,0.011730027019867249,0.013197632775474439,100,100,0.15113927434394014,0.1509709814830313,0.0002567516442376985,0.33981070581105616,0.16990535290552808,34,34,0
2024-02-27,2024-02-26,0.8921078041687236,0.8917110295078242,0.003724132571258476,0.003277715332807629,0.013572353683133488,0.01522057396848022,100,100,0.23194802908386813,0.23418713040803368,0.00039677466089915845,0.5225098999400101,0.26125494997000503,52,52,0
2024-02-28,2024-02-27,0.9172900364177708,0.9167130273571735,0.028685309549288496,0.028038228778160423,0.013025915250620745,0.014209370721144485,100,100,0.3393973134745753,0.33942788410265984,0.0005770090605976709,0.7400333271123319,0.37001666355616597,74,74,0
2024-02-29,2024-02-28,0.8773645929181855,0.8766632813223484,-0.0429233939790592,-0.04368842248297278,0.01259486374121281,0.014366820202866108,100,100,0.41236135867154705,0.41263161875797627,0.0007013115958367004,0.9403080362355746,0.4701540181177873,94,94,0
2024-03-01,2024-02-29,0.919388363421277,0.918871170511806,0.04873602329332494,0.0481460671260141,0.013364977733587899,0.014544996254636743,100,100,0.3033981599290214,0.3046854668308676,0.0005171929094713676,0.661400177501764,0.330700088750882,66,66,0
2024-03-04,2024-03-01,0.9310694895920509,0.9306552295750596,0.013275331158175918,0.012824495360639121,0.01543008370908179,0.01657980659081153,100,100,0.24207806729393325,0.2445574332864184,0.00041426001699142065,0.5226629226069598,0.2613314613034799,52,52,0
2024-03-05,2024-03-04,0.9241573061892129,0.92379571259833,-0.006982095172681446,-0.0073706317428223755,0.01529402117540496,0.01655563125789788,100,100,0.21255618042351898,0.21278171148072478,0.0003615935908829081,0.4602440396842566,0.2301220198421283,46,46,0
2024-03-06,2024-03-05,0.9118622391449898,0.9116145617885246,-0.012917870575276158,-0.013185978938507814,0.014728914198767958,0.016156953625083445,100,100,0.14589795826319837,0.14558052864302662,0.0002476773564652482,0.31965188862248606,0.15982594431124303,32,32,0
2024-03-07,2024-03-06,0.9257939740390261,0.9254051694240886,0.015554174806820198,0.015127673705110256,0.024413449156023257,0.026381362415790897,99,100,0.22219055376936625,0.232263893341559,0.0003888046149373341,0.4908807573333461,0.24544037866667304,50,49,1
2024-03-08,2024-03-07,0.9114891689219937,0.9110042686279289,-0.01503773802209818,-0.015561725038905738,0.0139741726538737,0.015339305352454953,100,100,0.291676534055038,0.28172215784695315,0.0004849002940646707,0.6290789967149497,0.31453949835747486,63,63,0
2024-03-11,2024-03-08,0.9206444258249921,0.9202266816602405,0.010581901236952795,0.01012334777113777,0.02339218170440683,0.025420021143272527,99,100,0.23936755071449795,0.24920330392978265,0.00041774416475145906,0.530683552671783,0.2653417763358915,54,53,1
2024-03-12,2024-03-11,0.9429740380191566,0.9426497687050026,0.024719296682287117,0.024366916860427468,0.026393495324113336,0.027999259322338033,99,100,0.18859480760383132,0.19192039053769178,0.00032426931415375967,0.4035266961759057,0.20176334808795285,41,40,1
2024-03-13,2024-03-12,0.9504143278085029,0.9501084524030785,0.008236950096712103,0.007912465420028214,0.02507996313866627,0.026396947711845243,99,100,0.18057872228361552,0.1795710655035927,0.0003058754054241214,0.37893977105506566,0.18946988552753283,39,38,1
2024-03-14,2024-03-13,0.9536045962276097,0.9533126596430029,0.0036797313145553456,0.00337246472423236,0.024909461246135786,0.02612937213638167,99,100,0.17164882732096973,0.17177026201304618,0.0002919365846069326,0.36012734281331776,0.18006367140665888,37,36,1
2024-03-15,2024-03-14,0.9439416594048153,0.9435738513642008,-0.009829933698454085,-0.01021575469526348,0.023384245739323996,0.024782634348668633,99,100,0.2171065816631075,0.21594917419691034,0.00036780804061446585,0.4587738569914088,0.2293869284957044,47,46,1
2024-03-18,2024-03-15,0.9601329804440797,0.9597420572172571,0.017549372585874412,0.017135071970975746,0.02225602324104852,0.023189588362501463,99,100,0.23043191530657914,0.2296946160351262,0.00039092322682258567,0.47923208629797104,0.23961604314898552,49,48,1
2024-03-19,2024-03-18,0.97040486988897,0.9699105021831458,0.011110081705317132,0.01059497694137912,0.021271857517756676,0.021931773570732987,99,100,0.29112146096669095,0.2906316629492234,0.0004943677058241596,0.5994952642627157,0.29974763213135786,61,60,1
2024-03-20,2024-03-19,0.9655815272289723,0.9652305455070002,-0.004463272584872002,-0.004825142799888882,0.011697449239658875,0.012118813784031911,100,100,0.21242793599037396,0.2032045094342482,0.0003509817219718976,0.43044780135490474,0.21522390067745237,43,43,0
2024-03-21,2024-03-20,0.9768201785657286,0.9763716137490654,0.012007113857592122,0.011542390876382091,0.011434661424418168,0.01171138249350719,100,100,0.26374144821274675,0.26392722521416917,0.00044856481666323474,0.5401901854665772,0.2700950927332886,54,54,0
2024-03-22,2024-03-21,0.971736144226768,0.9715196411286656,-0.0047476488019743135,-0.004969391317890981,0.012808531261228455,0.013184016790796024,100,100,0.12632569874947983,0.1279160716843926,0.00021650309810251973,0.2616366304210885,0.13081831521054424,26,26,0
2024-03-25,2024-03-22,0.9568259162736065,0.9564023398177701,-0.015124475340497212,-0.015560469053752635,0.012984410117762121,0.01357630526106422,100,100,0.24877473823113772,0.2493741935435077,0.0004235764558365409,0.5206265040507103,0.26031325202535516,52,52,0
2024-03-26,2024-03-25,0.9357704621934252,0.9353892671828554,-0.02157238304987419,-0.021970954858724467,0.012058362375308381,0.012891277245060735,100,100,0.22458491092642205,0.22404005819453804,0.000381195010569845,0.47941774959362693,0.23970887479681346,48,48,0
2024-03-27,2024-03-26,0.9327025705470313,0.9324344746924134,-0.0028722765270930983,-0.0031588907357693596,0.010467368093384612,0.011225848440275155,100,100,0.15855943699299532,0.15723653856568964,0.0002680958546180557,0.33858165028265147,0.16929082514132573,34,34,0
2024-03-28,2024-03-27,0.9016996416375976,0.9013134398542221,-0.03296192267553644,-0.03337610918821654,0.012789744200584954,0.014190118148746966,100,100,0.22542491040939944,0.22813348829997532,0.0003862017833756121,0.5030038582311698,0.2515019291155849,50,50,0
2024-03-29,2024-03-28,0.9220011888048795,0.9216250098142962,0.022952890787918845,0.022535523228588872,0.012415842983549892,0.013471686262129145,100,100,0.22128028531317107,0.22128256308671929,0.0003761789905832933,0.4800024704670405,0.24000123523352024,48,48,0
2024-04-01,2024-03-29,0.9355620032949484,0.9351636384990237,0.015122195396434002,0.014689953658544308,0.012700155028040692,0.013580676691434417,100,100,0.23389050082373708,0.23457317766415262,0.00039836479592481066,0.5007296970569681,0.25036484852848406,50,50,0
2024-04-02,2024-04-01,0.9576234142815246,0.9571204043451291,0.024016947257005983,0.023479062852942878,0.010690233336132116,0.011169162508291185,100,100,0.2968632584272725,0.2953563466717597,0.0005030099363952988,0.6184264046460857,0.30921320232304284,62,62,0
2024-04-03,2024-04-02,0.9573886024029341,0.9570604065617925,0.00028021349935425377,-6.268572173806497e-05,0.012801779608281626,0.01337614587387602,100,100,0.1914777204805868,0.19391746259387804,0.00032819584114161766,0.40254833001684764,0.20127416500842382,40,40,0
2024-04-08,2024-04-03,0.9491804381628867,0.9488413903066122,-0.008233512059300785,-0.008587771679644418,0.012635858888582409,0.01331714553946599,100,100,0.19932789201420617,0.19950101915078144,0.00033904785627438363,0.42018239644393673,0.21009119822196837,42,42,0
2024-04-09,2024-04-08,0.9267654082557205,0.9263086474226881,-0.023266251110481084,-0.02374763908290589,0.012056813294025389,0.013015978343256995,100,100,0.2687619683941589,0.2686396836326343,0.0004567608330323926,0.5798680520869302,0.2899340260434651,58,58,0
2024-04-10,2024-04-09,0.9422530356195179,0.9418190529192852,0.017212824517176317,0.01674431685351574,0.012976064124154647,0.013777661519942417,100,100,0.25440831961726984,0.25576155314763166,0.0004339827002327567,0.5414361678649007,0.27071808393245034,54,54,0
2024-04-11,2024-04-10,0.9206849794580073,0.9200893083694321,-0.02243963253426462,-0.02307210125182646,0.013206385622126886,0.014353373636664724,100,100,0.34986029219404285,0.3506862847805902,0.0005956710885750742,0.7608971500621567,0.3804485750310784,76,76,0
2024-04-12,2024-04-11,0.9282289681741754,0.9278477105319678,0.0088465975321117,0.008432227276159665,0.015134421791536366,0.01631132094173005,100,100,0.22277495236180211,0.22508424617341938,0.00038125764220784243,0.4824878493246765,0.24124392466233824,48,48,0
2024-04-15,2024-04-12,0.9165102933917347,0.9161064125678704,-0.01221904953964148,-0.012654337377591474,0.013624426590429424,0.014872100449815429,100,100,0.23829267628185102,0.23718656190460838,0.00040388082386418024,0.5187931238904593,0.25939656194522964,52,52,0
2024-04-16,2024-04-15,0.9015122020964633,0.9010982403024727,-0.01593069349934917,-0.016382564360977958,0.01336291318582253,0.014829585264018478,100,100,0.2434082945660451,0.24356074295542884,0.00041396179399059925,0.5401691029683561,0.27008455148417804,54,54,0
2024-04-17,2024-04-16,0.8756553944595942,0.8753856032945266,-0.028235374019083714,-0.028534776629144276,0.01476640780518679,0.016868460881254155,100,100,0.15761797100272693,0.15929125678715872,0.0002697911650675109,0.3619108953076962,0.1809554476538481,36,36,0
2024-04-18,2024-04-17,0.9080225625775317,0.9076228493491998,0.037282951833083944,0.0368263379399294,0.012882381552076537,0.014193540369013073,100,100,0.2360858662701582,0.23460155324537987,0.00039971322833201296,0.5183653346448077,0.25918266732240386,52,52,0
2024-04-19,2024-04-18,0.9075585051271051,0.9071847220785014,-7.0893127184668e-05,-0.00048271952497946913,0.01568966987777788,0.017294900912606204,100,100,0.2178140412305052,0.2209951126048103,0.00037378304860359476,0.48350508684160204,0.24175254342080102,48,48,0
2024-04-22,2024-04-19,0.8981515342782698,0.8978756782512014,-0.009957385282608366,-0.010261464507439588,0.016342593468224448,0.01820139899552133,100,100,0.16166727617008853,0.1625960557876035,0.00027585602706841706,0.36103410124246044,0.18051705062123022,36,36,0
2024-04-23,2024-04-22,0.9110052162322197,0.9106299742478657,0.01462289078437995,0.01420496880092137,0.019196311603310263,0.021080254489937524,100,100,0.21864125189573275,0.22187021201517257,0.00037524198435412936,0.4835443925697751,0.24177219628488755,48,48,0
2024-04-24,2024-04-23,0.9108565813262413,0.9104098884666796,0.0002488464961443171,-0.00024168519311906778,0.01660467780527087,0.01823868349369163,100,100,0.26414840858461,0.26200346764613214,0.00044669285956151127,0.5776451386722653,0.28882256933613265,58,58,0
2024-04-25,2024-04-24,0.9202258024857435,0.9197552736797205,0.010781862261619368,0.010265030434566613,0.01723746423127287,0.018741359494803333,100,100,0.27606774074572304,0.2771710559777481,0.00047052880602295666,0.6011989614169095,0.30059948070845477,60,60,0
2024-04-26,2024-04-25,0.922940452355338,0.9224866279107978,0.0034630719352923833,0.002969653242812953,0.01570618663107526,0.017025923363947135,100,100,0.26765273118304805,0.26657527802739056,0.0004538244445399586,0.5788325864871262,0.2894162932435631,58,58,0
2024-04-29,2024-04-26,0.9470898533563801,0.9463239723610747,0.026670549687318967,0.025840314351507132,0.023264126065940402,0.024583680373114185,99,100,0.4451322310774987,0.4534560515076692,0.0007658809953049366,0.9487888392011296,0.4743944196005648,96,95,1
2024-04-30,2024-04-29,0.9709912625120014,0.9706548448709789,0.026066432713716337,0.025710933274995407,0.013631126884575464,0.014043227576314562,100,100,0.20390816512752036,0.19461158358717784,0.0003364176410224077,0.41042567950993536,0.20521283975496768,41,41,0
2024-05-06,2024-04-30,0.977990474775186,0.9775410152564196,0.007557403069658797,0.007094355343537195,0.013692477224462646,0.014007061607405764,100,100,0.2640574281893002,0.2645682380479538,0.00044945951876632887,0.5405223055559626,0.2702611527779813,54,54,0
2024-05-07,2024-05-06,0.9795169618027413,0.9792251719191752,0.0020213438776308656,0.00172285012748441,0.0,0.0,103,100,0.1803121409652831,0.16691145362438647,0.0002917898835659952,0.35448451443926576,0.17724225721963288,40,37,3
2024-05-08,2024-05-07,0.9804986240884341,0.9802394774924476,0.0013004691931715051,0.0010358246523467507,0.0,0.0,103,100,0.15227149101818824,0.1525306376141748,0.00025914659598650524,0.3108644123960259,0.15543220619801296,35,32,3
2024-05-09,2024-05-08,0.9647931656345898,0.9644549084285016,-0.015757692087010167,-0.01610276817694034,0.0,0.0,103,100,0.19875595480094654,0.1990942120070349,0.00033825720608830637,0.4123683510406054,0.2061841755203027,45,42,3
2024-05-10,2024-05-09,0.980280440913501,0.9799485970690945,0.01640878422277492,0.01606471023703815,0.0,0.0,103,100,0.19498753892803367,0.19531938277244013,0.0003318438444065041,0.39815843039442433,0.19907921519721217,43,40,3
2024-05-13,2024-05-10,0.9628079175389176,0.9625455413408026,-0.017491406775255958,-0.017759151633404358,0.00018530066043041457,0.00019251105788957814,103,100,0.15404926680622683,0.15449694366477218,0.0002623761981149855,0.32046497006348856,0.16023248503174428,35,32,3
2024-05-14,2024-05-13,0.9548097273613574,0.9545661351324091,-0.008036829061271678,-0.008289899922323096,4.693431438581447e-05,4.916821648958262e-05,103,100,0.14322145910420367,0.14332668498710738,0.0002435922289483402,0.30011020612786865,0.15005510306393433,33,30,3
2024-05-15,2024-05-14,0.9557151375182263,0.9555218501080597,0.0012036907067292102,0.0010012035211348635,0.0,0.0,103,100,0.11360377750667364,0.11375013060245455,0.00019328741016670417,0.23788878001819067,0.11894439000909533,27,24,3
2024-05-16,2024-05-15,0.9490385213166582,0.9488047778025641,-0.006785118300191906,-0.007029742234294201,0.006922934686579228,0.007296479579932949,102,100,0.13286539298433217,0.14002207118500548,0.00023374351409410546,0.2875409775682703,0.14377048878413515,31,29,2
2024-05-17,2024-05-16,0.9467729951577057,0.9464017768168846,-0.002141412746217375,-0.0025326611352494144,0.007488170631681569,0.007912253352764386,102,100,0.21775778888627226,0.21869424317219593,0.00037121834082117904,0.4609891011791771,0.23049455058958854,48,46,2
2024-05-20,2024-05-17,0.962147011639073,0.9618882952741737,0.016636945542458426,0.016363577115605432,0.004513434024334982,0.004692264212497238,102,100,0.1539435218622517,0.15122750161980433,0.0002587163648991358,0.3171771255228238,0.1585885627614119,34,32,2
2024-05-21,2024-05-20,0.9637047169134908,0.96342510107188,0.0018883914569303162,0.0015976967442650203,0.005238525839803384,0.005437398126720122,102,100,0.16382980187529345,0.1648345095323726,0.00027961584161078604,0.34104254720294097,0.17052127360147049,36,34,2
2024-05-22,2024-05-21,0.9545917813503204,0.9543137529142047,-0.009168662630579028,-0.009457245973286565,0.006916325863117053,0.007247433919920515,102,100,0.16228060282955445,0.1642364312889838,0.00027802843611561475,0.3420488637107924,0.1710244318553962,36,34,2
2024-05-23,2024-05-22,0.9622283886319186,0.9618101274913585,0.008293536264718737,0.007855251539927943,0.014965405987674258,0.015559626125696743,101,100,0.24055709715797968,0.24902443842309702,0.00041826114056019506,0.5087997209032215,0.2543998604516107,52,51,1
2024-05-24,2024-05-23,0.9394120025971693,0.9390278556682884,-0.023287470420600753,-0.023686870383130554,0.015369287987301077,0.01636723329827425,101,100,0.22545888062332062,0.22624690955182836,0.00038414692888100394,0.4808388533745887,0.24041942668729435,49,48,1
2024-05-27,2024-05-24,0.93101511942927,0.9306363525216962,-0.008533012296334852,-0.008936372969064021,0.014002101849209712,0.015045728453728415,101,100,0.22344362866302478,0.22245520943250713,0.00037876690757357245,0.4789383424502025,0.23946917122510125,49,48,1
2024-05-28,2024-05-27,0.9374383673357316,0.9369461292435478,0.007308993244895756,0.006780066891599823,0.011880838845763395,0.01268038628363351,101,100,0.29060589387407676,0.28897686896281427,0.0004922380921835416,0.6182622591862841,0.30913112959314204,63,62,1
2024-05-29,2024-05-28,0.9251269600872631,0.9247187019890034,-0.012614566395430904,-0.013050299129167997,0.010883473385016577,0.011769496346950709,101,100,0.24053300962268842,0.2399439022602013,0.0004082580982598345,0.5193632145771305,0.25968160728856526,53,52,1
2024-05-30,2024-05-29,0.9270786550303762,0.9267156218673718,0.00255207668699331,0.0021594890144138734,0.011016266483318162,0.01188742935089398,101,100,0.21322809065698645,0.21372391691829246,0.0003630331630043134,0.4605348265312932,0.2302674132656466,47,46,1
2024-05-31,2024-05-30,0.9327187323513855,0.9323223579730494,0.006477834561499307,0.006050115022750768,0.010591634910889476,0.011360485802267596,101,100,0.23317968308784637,0.23315142589375368,0.0003963743783358371,0.49996970448527234,0.24998485224263617,51,50,1
2024-06-03,2024-05-31,0.9405598377104359,0.9400790338671648,0.008835441590498316,0.008319736009526846,0.0111274911031118,0.011836761274567622,101,100,0.28216795131313077,0.28318461134862427,0.0004808038432713647,0.6010809094697986,0.3005404547348993,61,60,1
2024-06-04,2024-06-03,0.919365622589462,0.918875674566616,-0.022033691350922813,-0.02255486883195923,0.0013767468596294873,0.0014982950335243387,102,100,0.29419699922862785,0.28493620300799155,0.0004899480228459679,0.6299269713886488,0.3149634856943244,65,63,2
2024-06-05,2024-06-04,0.9185759999259535,0.9183017086647776,-0.00032613186849661524,-0.0006246393475474177,0.00912318032327594,0.00993483975603308,101,100,0.15615791998741207,0.16417864471223445,0.00027429126117590503,0.3487316941934787,0.17436584709673936,36,35,1
2024-06-06,2024-06-05,0.9106245368172103,0.9102047671935548,-0.008360184648605218,-0.008817299798990708,0.010333375478223213,0.011352803073185645,101,100,0.24586862494064682,0.2474985897192495,0.00041976962365556216,0.5417899416419194,0.2708949708209597,55,54,1
2024-06-07,2024-06-06,0.8874405959556937,0.8870802538888203,-0.025009945078677376,-0.02540583628894255,0.008396945887230584,0.009465824372056186,101,100,0.21298574302936651,0.21140965550524737,0.00036034206687339234,0.47822400785889024,0.23911200392944512,49,48,1
2024-06-11,2024-06-07,0.8847529180301589,0.8845120466883131,-0.0026235910995185963,-0.0028951238506872423,0.0083547546741157,0.009445608689442499,101,100,0.14156046688482543,0.1417591470135563,0.00024087134184580734,0.32022456001521105,0.16011228000760552,33,32,1
2024-06-12,2024-06-11,0.8984751337911968,0.8981511808467542,0.015786203427260004,0.015419952966731376,0.010937457801651425,0.012177746948280875,101,100,0.1886797780961513,0.19158643416812968,0.00032395294444263355,0.4232350990724845,0.21161754953624226,43,42,1
2024-06-13,2024-06-12,0.9035565784561608,0.90315683454844,0.00601836052178939,0.005573286333562022,0.010875804842271148,0.012041989194167843,101,100,0.2349247103986018,0.2352628013469422,0.0003997439077207978,0.5203741779501158,0.2601870889750579,53,52,1
2024-06-14,2024-06-13,0.9026581609840884,0.9022577654072029,-0.0005521450375791659,-0.0009954739939344037,0.011766927202115819,0.013041646914288649,101,100,0.23469112185586294,0.23598263979259312,0.00040039557688537053,0.5214307940619759,0.26071539703098795,53,52,1
2024-06-17,2024-06-14,0.9021660087438167,0.9016732952787547,-0.00010169672892179626,-0.0006477861990851208,0.013033446741823744,0.014454733005921417,101,100,0.28869312279802134,0.2904523558027912,0.000492713465061883,0.6419500102949117,0.32097500514745586,65,64,1
2024-06-18,2024-06-17,0.9074964647490493,0.9067881986623504,0.0064581811403146006,0.0056726792402279624,0.011055954532657886,0.012192433193293748,101,100,0.41744837378456257,0.41617914766209574,0.0007082660866990441,0.9186013982734158,0.4593006991367079,93,92,1
2024-06-19,2024-06-18,0.918113452634408,0.9177198749105318,0.012489414825605394,0.012055379926985355,0.013734655451195356,0.014966065165074847,101,100,0.229528363158602,0.23260064180101583,0.000393577723876279,0.5033462952030583,0.25167314760152915,51,50,1
2024-06-20,2024-06-19,0.8988858482606443,0.8985642633766195,-0.020522631322246965,-0.020873048582259024,0.014033648926962366,0.015617857841604786,101,100,0.1887660281347353,0.1893866064945271,0.0003215848840248213,0.4206903861719401,0.21034519308597005,43,42,1
2024-06-21,2024-06-20,0.8757815663148916,0.8754408415933149,-0.025354555027723102,-0.025733742956137062,0.012142132521278447,0.013869735045922225,101,100,0.20142976025242515,0.19987896856831786,0.00034072472157660493,0.4582292483151563,0.22911462415757816,47,46,1
2024-06-24,2024-06-21,0.8699542398580731,0.8697618881456401,-0.006267244426540697,-0.00648696425601869,0.01203325846716589,0.013835118129654059,101,100,0.11309405118154948,0.11317752883986981,0.00019235171243278651,0.2600959563785032,0.1300479781892516,27,26,1
2024-06-25,2024-06-24,0.8421435522132901,0.841842513488317,-0.03175390449819926,-0.03210002075033225,0.012089925954203204,0.014361268004993653,101,100,0.1768501459647909,0.17720785217680143,0.00030103872497335603,0.4204247568138121,0.21021237840690604,43,42,1
2024-06-26,2024-06-25,0.8375210440232119,0.8372216296337597,-0.005133346672168249,-0.005489012232715473,0.012171763142977918,0.014538280799437088,101,100,0.17587941924487452,0.1762606708231015,0.0002994143894523363,0.42045521432678945,0.21022760716339473,43,42,1
2024-06-27,2024-06-26,0.8662591774482759,0.8658744478751879,0.03468322698162796,0.034223695646709684,0.013462503256820427,0.015547869890209521,101,100,0.2252273861365517,0.22690285582348213,0.0003847295730877614,0.521934143649555,0.2609670718247775,53,52,1
2024-06-28,2024-06-27,0.8466123981868805,0.8462812970991593,-0.02224577678158246,-0.022628166039671327,0.013200165832923619,0.015597846576747574,101,100,0.1947208515829825,0.1947896152468069,0.0003311010877212769,0.4600812221318417,0.23004061106592086,47,46,1
2024-07-01,2024-06-28,0.8516965961132568,0.851451026456697,0.006398935002651873,0.006108760024897464,0.012435814615512311,0.014605437340611122,101,100,0.14478842133925365,0.14426963977840207,0.0002455696565597946,0.33939088454360505,0.16969544227180253,35,34,1
2024-07-02,2024-07-01,0.8537804869594311,0.8535348226218812,0.0027358713893717024,0.002447347058651017,0.011209947385793366,0.013133555994070333,101,100,0.1451426827831033,0.14416247989093423,0.00024566433754988966,0.33885192633570266,0.16942596316785133,35,34,1
2024-07-03,2024-07-02,0.8481870776670692,0.8478574765151328,-0.006265409228863983,-0.006651569398549939,0.00902580493259007,0.010645427070700573,101,100,0.195083027863426,0.1932284865621591,0.00032960115193643035,0.45781352327794517,0.22890676163897258,47,46,1
2024-07-04,2024-07-03,0.8395507669925494,0.8393212931789114,-0.009797294654669608,-0.010067946055399402,0.009810881133518736,0.011689064978156619,101,100,0.1343281227188079,0.13534267273337458,0.0002294738136379966,0.3212084439136433,0.16060422195682164,33,32,1
2024-07-05,2024-07-04,0.8188612933287478,0.8186231621520141,-0.024376838782049437,-0.024660557518448645,0.010918443558297752,0.013337569791691593,101,100,0.13920641986588714,0.1405521134673999,0.0002381311767336723,0.3416433718536657,0.17082168592683286,35,34,1
2024-07-08,2024-07-05,0.8254837515334623,0.8252014206459096,0.008380644109083013,0.008035759062329006,0.012151032699142953,0.014724929447688032,101,100,0.16509675030669246,0.16661167033509036,0.000282330887552615,0.40183519060863854,0.20091759530431927,41,40,1
2024-07-09,2024-07-08,0.8024914122950209,0.8022318168798441,-0.0275205638074556,-0.027835148112186348,0.012246609107059115,0.015265673648659805,101,100,0.15247336833605393,0.15282854015914685,0.000259595415176694,0.3804425864472208,0.1902212932236104,39,38,1
2024-07-10,2024-07-09,0.815428370112225,0.8151201832722768,0.016449800362826394,0.01606563853645193,0.014862630927230752,0.01823366815377475,101,100,0.17939424142468954,0.18231845008480937,0.000308186839948104,0.44358610120434916,0.22179305060217458,45,44,1
2024-07-11,2024-07-10,0.8308664994655917,0.8306271787650763,0.01931778468556833,0.019024182949987978,0.013896294017461647,0.016729881194258264,101,100,0.14124730490915058,0.14052028869989686,0.0002393207005153767,0.33912499034475296,0.16956249517237648,35,34,1
2024-07-12,2024-07-11,0.8422080918669379,0.8419509100874889,0.013942371978580503,0.013632748376050108,0.01315375163600864,0.015622943663831667,101,100,0.15159745653604884,0.15111209593404484,0.00025718177944907857,0.35942370465602147,0.17971185232801073,37,36,1
2024-07-15,2024-07-12,0.838226499459718,0.8379256722916001,-0.00442354843156334,-0.004780846184334608,0.014289567932262066,0.01705350295949551,101,100,0.1760275648865408,0.17746420835091223,0.0003008271681179278,0.4217139084308328,0.2108569542154164,43,42,1
2024-07-16,2024-07-15,0.822972954044607,0.8227925674075677,-0.01784492197989307,-0.01806019959102778,0.012754285109196439,0.015501215755244718,101,100,0.1069864840257989,0.1056315878397725,0.00018038663703922906,0.25835365648486064,0.12917682824243032,27,26,1
2024-07-17,2024-07-16,0.8238782662561023,0.8237377806099495,0.0013195292368226585,0.001148786753579989,0.013001382089676041,0.015783399032698202,101,100,0.08238782662561023,0.0827754092522427,0.00014048564615283302,0.20047043676536552,0.10023521838268276,21,20,1
2024-07-18,2024-07-17,0.8142363650948513,0.814002457866286,-0.011534514670509255,-0.011818473029675536,0.011488310363771782,0.014113360780120562,101,100,0.13842018206612472,0.13714101756878572,0.00023390722856533912,0.33842900102209267,0.16921450051104633,35,34,1
2024-07-19,2024-07-18,0.8185519775987913,0.8182748549816881,0.005589073704311387,0.005248629256723758,0.010133864764596443,0.012384426458788381,101,100,0.16371039551975827,0.16263307253768616,0.0002771226171033097,0.39868386735167094,0.19934193367583547,41,40,1
2024-07-22,2024-07-19,0.827346222000093,0.8271049030505008,0.011085965752434035,0.010791053904510184,0.011906992573417511,0.014395988380074326,101,100,0.1406488577400158,0.14266330449842915,0.00024131894959228138,0.34243482922245466,0.17121741461122733,35,34,1
2024-07-23,2024-07-22,0.8261442352659694,0.8258493497061794,-0.0011614823959914533,-0.0015180097949978322,0.011568532286373336,0.01400804189104125,101,100,0.17349028940585354,0.17344671467859937,0.0002948855597899714,0.41994725530313703,0.20997362765156852,43,42,1
2024-07-24,2024-07-23,0.8017121383642469,0.8014930917464745,-0.029227136099967854,-0.029492374085382966,0.012241227611731579,0.015273029471854363,101,100,0.1282739421382795,0.12916568408141021,0.00021904661777251883,0.32111229692112453,0.16055614846056226,33,32,1
2024-07-25,2024-07-24,0.7876056200738093,0.7873257561672665,-0.017327001087937055,-0.01767617927727494,0.01076927295634547,0.013678293732915235,101,100,0.1653971802154999,0.16420508946665646,0.00027986390654262183,0.4184864369698989,0.20924321848494945,43,42,1
2024-07-26,2024-07-25,0.7978048405406957,0.7974801194538917,0.013309718742648302,0.012897283249130753,0.009732471745343817,0.01220403055565641,101,100,0.19147316172976694,0.19076108160556934,0.00032472108680398624,0.47910745073479993,0.23955372536739997,49,48,1
2024-07-29,2024-07-26,0.8125788141889573,0.8121369657973709,0.01893300455615754,0.018378948874005818,0.009113820324062653,0.011222023756934322,101,100,0.26002522054046634,0.2598484175107715,0.00044184839158612757,0.6397824173771116,0.3198912086885558,65,64,1
2024-07-30,2024-07-29,0.80278960733134,0.8023828084431618,-0.011509583801364798,-0.01201048316355402,0.006321738198886602,0.007878705939815028,101,100,0.24083688219940194,0.23845159896240412,0.0004067988881782856,0.5970287567063466,0.2985143783531733,61,60,1
2024-07-31,2024-07-30,0.8044455123305391,0.804198532071332,0.0025707229338318704,0.0022629144207277907,0.006820151061458987,0.008480680813844167,101,100,0.14480019221949705,0.14554558534127646,0.0002469802592071021,0.36092659242963515,0.18046329621481758,37,36,1
2024-08-01,2024-07-31,0.8428452437383547,0.8424625316529407,0.048056182802873826,0.047580290258742775,0.01568697323224065,0.01862038089867601,100,100,0.21913976337197222,0.22838929762816798,0.00038271208541416864,0.53097417862284,0.26548708931142,55,53,2
2024-08-02,2024-08-01,0.8365689431931983,0.8362288183145102,-0.006995668339313532,-0.007399395349013016,0.014260257321932814,0.017053056543393907,100,100,0.20077654636636758,0.1996899553347477,0.0003401248786880435,0.47870113391076613,0.23935056695538307,50,48,2
2024-08-05,2024-08-02,0.8243198120793284,0.8240231917383776,-0.01424132483162377,-0.014596036765073594,0.016089244288810166,0.019525232360108627,100,100,0.1731071605366589,0.17523276784448713,0.00029662034095093116,0.4225786197015771,0.21128930985078856,44,42,2
2024-08-06,2024-08-05,0.8169560384346449,0.8166749964355513,-0.008576400973404175,-0.008917461761390855,0.0061615599010115644,0.007544690272022807,101,100,0.17156076807127552,0.16191412568257044,0.0002810419990935926,0.4081919688026437,0.20409598440132184,42,41,1
2024-08-07,2024-08-06,0.8220415227085623,0.8218074378236588,0.00657118963655523,0.006284558007173535,0.015463466585979775,0.018816411088868588,100,100,0.13152664363336997,0.14106263520324175,0.00023408488490358784,0.3316003769961053,0.16580018849805264,35,33,2
2024-08-08,2024-08-07,0.818064935521989,0.8177806034867584,-0.004553989328182406,-0.004899973097790888,0.00816354659558918,0.009982563245915094,101,100,0.1717936364596177,0.16477804850445776,0.0002843320352306741,0.41142416738509463,0.20571208369254732,42,41,1
2024-08-09,2024-08-08,0.8246296946876549,0.8243080365872113,0.008375218453084088,0.007981887895875728,0.007139970150227541,0.008661774280144528,101,100,0.18966482977816074,0.18896291143324256,0.00032165810044346285,0.45914880782314804,0.22957440391157402,47,46,1
2024-08-12,2024-08-09,0.8136083596327571,0.81333035313453,-0.012980192451783945,-0.013317452900412086,0.008116196335657222,0.009978966485608034,101,100,0.16272167192655138,0.16397590461020825,0.00027800649822715996,0.4015415680883895,0.20077078404419474,41,40,1
2024-08-13,2024-08-12,0.8071359918888539,0.8068199900814522,-0.007616045831565721,-0.008004574067581705,0.008174407776530267,0.010131637635434669,101,100,0.18564127813443645,0.18601549138271106,0.0003160018074016438,0.4604636309767317,0.23023181548836585,47,46,1
2024-08-14,2024-08-13,0.8138012964877217,0.8135099639631733,0.00865286742035809,0.008291780030196927,0.008615313163173962,0.010590298269000632,101,100,0.1708982722624215,0.17163051017361372,0.0002913325245484278,0.42089977481524343,0.21044988740762172,43,42,1
2024-08-15,2024-08-14,0.8000046009597512,0.7997880012448058,-0.016601349217197137,-0.016867602520217906,0.007488225706684885,0.009362763251049108,101,100,0.1280007361535602,0.12709024841201652,0.00021659971494535432,0.3188618968685288,0.1594309484342644,33,32,1
2024-08-16,2024-08-15,0.8084941083847571,0.8083197858557896,0.010885518570422414,0.010667557649908233,0.015850022138747796,0.019608603446428022,100,100,0.09701929300617083,0.1055554119672014,0.00017432252896762396,0.2505580472046783,0.12527902360233914,27,25,2
2024-08-19,2024-08-16,0.7993223807375406,0.7990515416356894,-0.01113099700847131,-0.011466061306773079,0.014733267037289404,0.018438443917059264,100,100,0.15986447614750812,0.15901856014790094,0.0002708391018511961,0.39894170860219547,0.19947085430109773,42,40,2
2024-08-20,2024-08-19,0.8015084233965786,0.8012453625329019,0.003074747538637901,0.002745531148994118,0.018264427009595914,0.0227950486376087,100,100,0.15228660044534997,0.15608082128133322,0.00026306086367667637,0.384733850231922,0.192366925115961,40,38,2
2024-08-21,2024-08-20,0.7808944004903428,0.7806782880454839,-0.025399163594813867,-0.025668884275849346,0.009351917398514716,0.011979220559506395,101,100,0.13275204808335828,0.12405565091713588,0.00021611244485886426,0.32886354267521745,0.16443177133760872,34,33,1
2024-08-22,2024-08-21,0.7815187813962816,0.7812591702736624,0.0010766193496964949,0.0007440737587731672,0.015620084665134025,0.01999347368897131,100,100,0.1484885684652935,0.15501634685453203,0.0002596111226191614,0.38835268267971224,0.19417634133985612,41,39,2
2024-08-23,2024-08-22,0.767910442247608,0.7676314157004,-0.01708617131672019,-0.017443321104939846,0.007912005215531634,0.010307036754498362,101,100,0.1689402972944737,0.16151124439207926,0.0002790265472079713,0.4303256258885472,0.2151628129442736,44,43,1
2024-08-26,2024-08-23,0.7687394036241334,0.7684520225750266,0.0014433853293021048,0.0010690115826978985,0.007508726122252587,0.009771236071565527,101,100,0.16912266879730933,0.16900677075313703,0.0002873810491068364,0.43984923623841066,0.21992461811920533,45,44,1
2024-08-27,2024-08-26,0.7722676854259289,0.7719398330471865,0.0049653885197884495,0.00453874850959779,0.006852339594866142,0.00887677938294354,101,100,0.19306692135648224,0.1927383872078382,0.0003278523787425116,0.4995745851408209,0.24978729257041046,51,50,1
2024-08-28,2024-08-27,0.761399771251867,0.7611156331544093,-0.013653993930735853,-0.014022077148227008,0.005999640596774634,0.007882692636215334,101,100,0.16750794967541072,0.1669393887747767,0.0002841380974575007,0.43925326888436117,0.21962663444218058,45,44,1
2024-08-29,2024-08-28,0.7632268899131427,0.7629417144524517,0.0027738975088231754,0.0023992166479018806,0.0054677413756324365,0.007166656734134045,101,100,0.16790991578089143,0.16766319202044014,0.0002851754606910188,0.43967673602212926,0.21983836801106463,45,44,1
2024-08-30,2024-08-29,0.7811602997787381,0.7808150073308934,0.02387939338113343,0.023426813005327674,0.005140262875629714,0.006583201945875736,101,100,0.20310167794247191,0.20311949189031406,0.0003452924478448289,0.5200228044715627,0.26001140223578134,53,52,1
2024-09-02,2024-08-30,0.797124458821086,0.7968087427685562,0.020887727998395,0.020483386317503127,0.008497627851090397,0.010664576572748082,101,100,0.18333862552884975,0.1870117065568402,0.0003157160525298344,0.4646079140933936,0.2323039570466968,47,46,1
2024-09-03,2024-09-02,0.7795510727168236,0.7791791755546358,-0.021658484810005874,-0.022125218095204957,0.008881050302002078,0.011397956440096545,101,100,0.21827430036071066,0.21902961997380999,0.0003718971621876175,0.560968916135882,0.280484458067941,57,56,1
2024-09-04,2024-09-03,0.7821913187647873,0.7818989503427253,0.0038657901862013677,0.0034905640107147917,0.008433108101871041,0.010785419392332737,101,100,0.17208209012825326,0.17192651635018422,0.0002923684220621544,0.4398011052100212,0.2199005526050106,45,44,1
2024-09-05,2024-09-04,0.7877060635295947,0.7873987037062282,0.00742693564727781,0.007033841599470403,0.007550068757098113,0.009588622284441784,101,100,0.1811723946118068,0.18059671509040032,0.00030735982336652464,0.4592691696204204,0.2296345848102102,47,46,1
2024-09-06,2024-09-05,0.792799641503869,0.7925283975560566,0.006859216013715752,0.00651473494391519,0.008817069992019009,0.011125241719045614,101,100,0.15855992830077378,0.16009817348350702,0.000271243947812322,0.4019402697758734,0.2009701348879367,41,40,1
2024-09-09,2024-09-06,0.7723923595792948,0.7721705577940998,-0.025407339394848183,-0.025687205436088933,0.007304716639981016,0.00945997819555408,101,100,0.1313067011284801,0.13001614956163696,0.00022180178519488886,0.33832915026820554,0.16916457513410277,35,34,1
2024-09-10,2024-09-09,0.7726815549146265,0.7724431744064285,0.0006617671644804091,0.00035305232707583123,0.008829929217379314,0.011431169968152714,101,100,0.13908267988463277,0.1408462729702291,0.0002383805081980318,0.362282431972627,0.1811412159863135,37,36,1
2024-09-11,2024-09-10,0.7730711944126475,0.7728072684620962,0.0008130306888938232,0.0004713538390024308,0.00954940731320259,0.012356777301287711,101,100,0.1546142388825295,0.1555976429289041,0.0002639259505513122,0.4012720743619503,0.20063603718097514,41,40,1
2024-09-12,2024-09-11,0.7769048748348067,0.7766143781031446,0.00530223580953737,0.004926337777107825,0.009199191012399435,0.011845249420784817,101,100,0.17091907246365753,0.1708593528945165,0.0002904967316621624,0.4399231314269284,0.2199615657134642,45,44,1
2024-09-13,2024-09-12,0.7726778412210709,0.7724400956047497,-0.005068843679779111,-0.005374974525440113,0.010148897130163946,0.013138749772198569,101,100,0.13908201141979273,0.14026946315387845,0.0002377456163211421,0.3615368005535258,0.1807684002767629,37,36,1
2024-09-18,2024-09-13,0.7624433771493749,0.7622229567602337,-0.012941739446536982,-0.013227095411867396,0.009995979600043857,0.013114246312563126,101,100,0.12961537411539373,0.1296828769744148,0.00022042038914109254,0.3400885349142561,0.17004426745712806,35,34,1
2024-09-19,2024-09-18,0.762495728484091,0.7623260927679509,0.00035786343278965127,0.00013530950072104808,0.010848307652149836,0.014230534354085158,101,100,0.09912444470293186,0.10014640847117785,0.00016963571614005474,0.2613402878600747,0.13067014393003734,27,26,1
2024-09-20,2024-09-19,0.7717921998794853,0.7714917829084611,0.012417398802609059,0.012023319452742598,0.009317182382492562,0.012076839428370248,101,100,0.17751220597228154,0.17628149767364865,0.0003004169710243825,0.4584053890427693,0.22920269452138464,47,46,1
2024-09-23,2024-09-20,0.7646019379898844,0.7643665949184181,-0.008930548673639183,-0.009235598029549541,0.010331728803116306,0.013516719427304416,101,100,0.13762834883817918,0.1388782383302691,0.00023534307146620367,0.3616346930735957,0.18081734653679785,37,36,1
2024-09-24,2024-09-23,0.7679478597114505,0.7676346647853645,0.004685271199501795,0.004275526806996499,0.009902351444139628,0.012899823182045054,101,100,0.18430748633074812,0.18419130389785762,0.00031319492608609245,0.47984871051931294,0.23992435525965647,49,48,1
2024-09-25,2024-09-24,0.8035025233961387,0.803095566411608,0.046725167916697785,0.046195023821857584,0.006923301367792463,0.008620769006019,101,100,0.24105075701884154,0.23847866392702533,0.0004069569845310323,0.5967988985511272,0.2983994492755636,61,60,1
2024-09-26,2024-09-25,0.8017672129789061,0.8014801166420104,-0.0016540415465586822,-0.002011528686200803,0.007422970360190195,0.009261577681166287,101,100,0.16837111472557034,0.16915788005486374,0.00028709633689569247,0.4209812889783437,0.21049064448917185,43,42,1
2024-09-27,2024-09-26,0.8451467876337214,0.8448162287540311,0.05448253810046211,0.05407010256672051,0.007189216685656259,0.008509799458113162,101,100,0.19438376115575592,0.19448056636091227,0.00033055887969045704,0.46011454247542893,0.23005727123771447,47,46,1
2024-09-30,2024-09-27,0.9103443726774488,0.9100490343947457,0.07756496820623493,0.07721537941680245,0.008073015065091074,0.008870967123722366,101,100,0.1729654308087153,0.1741445674708532,0.00029533828270316754,0.3812952644049085,0.19064763220245426,39,38,1
2024-10-08,2024-09-30,1.0945994189055972,1.0938779847211877,0.20279169312408762,0.20199895102213117,0.2233708911106268,0.20420092024025926,82,100,0.28459584891545525,0.5006151591454003,0.000721434184409213,0.7173501049780618,0.3586750524890309,91,71,20
2024-10-09,2024-10-08,1.0381573822218422,1.037638075574137,-0.05093859029766268,-0.051413329395586405,0.0210900179165978,0.020325023158897143,101,100,0.43602610053317375,0.23426453398685,0.0005193066477054403,0.6456541618819702,0.3228270809409851,66,65,1
2024-10-10,2024-10-09,0.977834598163578,0.9772590491970968,-0.057634235691928604,-0.05818890786523212,0.014821178562446018,0.015166069400557512,101,100,0.34224210935725236,0.3365488189695817,0.0005755489664808906,0.6941776549956784,0.3470888274978392,71,70,1
2024-10-11,2024-10-10,0.9694605636182717,0.9691464170203733,-0.007979957397408866,-0.008301414229306747,0.015425973646149164,0.015917072358969348,101,100,0.18419750708747162,0.18511644876907318,0.0003141465978984636,0.38094788969875354,0.19047394484937677,39,38,1
2024-10-14,2024-10-11,0.9308223197839536,0.9302866844650904,-0.039544176775937134,-0.0400968644910813,0.012726718352683526,0.013680426222591068,101,100,0.3164795887265442,0.31431596875194173,0.0005356353188630623,0.6776755821937052,0.3388377910968526,69,68,1
2024-10-15,2024-10-14,0.9450736258842509,0.944686767377237,0.01589503716014473,0.015479188461593907,0.013493012257664168,0.014283054154685827,101,100,0.2268176702122202,0.22797082262421475,0.00038685850701396837,0.48122017203782996,0.24061008601891498,49,48,1
2024-10-16,2024-10-15,0.9172709210877866,0.9169432011463513,-0.02902109697753663,-0.029368005553746634,0.013396403777165599,0.014609851254055405,101,100,0.19262689342843523,0.19285800488937188,0.00032771994143536995,0.42025195550804406,0.21012597775402203,43,42,1
2024-10-17,2024-10-16,0.9321294363939887,0.9319861668529131,0.016561805822489006,0.016405558913305862,0.01384744087917432,0.014857989712372774,101,100,0.08389164927545899,0.08448595591854338,0.00014326954107567308,0.1806375795247745,0.09031878976238725,19,18,1
2024-10-18,2024-10-17,0.919976403592951,0.9198204324921022,-0.012886203344107727,-0.01305355679461595,0.013305208176436918,0.01446500611036509,101,100,0.0919976403592951,0.09161137875740646,0.00015597110084872418,0.19958013966403912,0.09979006983201956,21,20,1
2024-10-21,2024-10-18,0.9626415791825392,0.9621157621814026,0.0465538111329189,0.04598215933810912,0.014724829412861512,0.01530463379944628,101,100,0.30804530533841257,0.3099907435759738,0.0005258170011366182,0.6420209372622501,0.32101046863112503,65,64,1
2024-10-22,2024-10-21,0.9628722113383459,0.9626589516227034,0.0007862350734471057,0.0005645780504304199,0.014934257821521886,0.015513550044226977,101,100,0.12517338747398496,0.12559607559828784,0.00021325971564250767,0.2604389867308719,0.13021949336543595,27,26,1
2024-10-23,2024-10-22,0.9811694494140967,0.9808007744769976,0.019228510533445986,0.018845534884097237,0.016127003810025735,0.016442690737703894,101,100,0.21585727887110123,0.2174186997967041,0.00036867493709903513,0.441591387630888,0.220795693815444,45,44,1
2024-10-24,2024-10-23,0.9893715852468954,0.9890497052355045,0.008738584830816576,0.008410404001674587,0.017907841395149914,0.018106108621594345,101,100,0.18798060119691012,0.1900833187934251,0.0003218800113909139,0.38212530623263274,0.19106265311631637,39,38,1
2024-10-25,2024-10-24,0.9908073852669429,0.9905862440794321,0.0017771402409143544,0.0015535506818251665,0.019661932359272986,0.01984878396685706,101,100,0.12880496008470257,0.13078019223633636,0.0002211411875107917,0.2619935581637814,0.1309967790818907,27,26,1
2024-10-28,2024-10-25,1.0183552295879759,1.0180040112768534,0.028032880200501875,0.027678324185594905,0.023835744105115325,0.023414194680057135,101,100,0.20367104591759513,0.20819607597455994,0.00035121831112257327,0.4044434691603592,0.2022217345801796,41,40,1
2024-10-29,2024-10-28,1.0363674035509964,1.0358621544945243,0.018038624672127135,0.017542311248137432,0.018166791886226767,0.017537846910809982,101,100,0.300546547029789,0.2953828438673725,0.0005052490564719838,0.575017497516109,0.2875087487580545,59,58,1
2024-10-30,2024-10-29,1.003982858043109,1.003605873639657,-0.030775616536518502,-0.03113954951912279,0.019148729795098053,0.01907992997854193,101,100,0.22087622876948398,0.22223515108180703,0.00037698440345167796,0.441353531388944,0.220676765694472,45,44,1
2024-10-31,2024-10-30,1.0072191893396607,1.0069280005080101,0.0036003333528726866,0.003310190738825769,0.018950709992083432,0.018820322786259315,101,100,0.17122726218774234,0.17132043121637838,0.0002911888316506618,0.3400925012446369,0.17004625062231846,35,34,1
2024-11-01,2024-10-31,1.016394760861514,1.016063485379559,0.009401625884599252,0.009072629688458234,0.021328501961742533,0.0209913083863801,101,100,0.19311500456368766,0.19582407201530175,0.00033127548195504414,0.3826653693583759,0.19133268467918796,39,38,1
2024-11-04,2024-11-01,1.003807720991517,1.0034613369491938,-0.012062006522617685,-0.01240291439629626,0.025608860815822008,0.02552052567733221,101,100,0.20076154419830342,0.2053882870947061,0.00034638404232315885,0.4046091923778317,0.20230459618891586,41,40,1
2024-11-05,2024-11-04,1.026777960287964,1.0262579854811258,0.023236195038325524,0.022718013831245498,0.021741656092026867,0.021185370929741452,101,100,0.3080333880863894,0.3046861581694325,0.00051997480683821,0.5967400645062367,0.29837003225311837,61,60,1
2024-11-06,2024-11-05,1.0548116130369691,1.0541879813561663,0.027823050304896624,0.027215374954618676,0.017498725361838545,0.016599245742990928,101,100,0.36918406456293923,0.36556476551355355,0.0006236316808026719,0.6965687720872118,0.3482843860436059,71,70,1
2024-11-07,2024-11-06,1.060483366231555,1.0598479028413978,0.005971785854824274,0.005368986922000607,0.020932159471153292,0.019750154163663717,101,100,0.3711691781810443,0.37523807568051587,0.0006354633901571928,0.7038368329283,0.35191841646415,71,70,1
2024-11-08,2024-11-07,1.10584371022315,1.1053521867234075,0.04339849827361042,0.04293473031367512,0.022932072174871643,0.020746394181251064,101,100,0.28751936465801897,0.29001080086147973,0.0004915234997424387,0.522252973164678,0.261126486582339,53,52,1
2024-11-11,2024-11-08,1.090091928555542,1.089758695120325,-0.013805788192360224,-0.014107260826349055,0.022294570629593086,0.02045826358571192,101,100,0.19621654713999756,0.195912279029936,0.0003332334352169279,0.3597208784854827,0.17986043924274134,37,36,1
2024-11-12,2024-11-11,1.1089611554769312,1.1086953221685791,0.017620837018864854,0.017376899246638322,0.023756513092581505,0.021427449559464528,101,100,0.15525456176677035,0.15698233753811067,0.0002658333083519839,0.2815580128869322,0.1407790064434661,29,28,1
2024-11-13,2024-11-12,1.0999560467339071,1.0996192446199002,-0.007882486071627115,-0.008186268460956714,0.02361567798431488,0.021476231977440512,101,100,0.19799208841210328,0.1981880554178435,0.00033680211400688974,0.3601781589421888,0.1800890794710944,37,36,1
2024-11-14,2024-11-13,1.1015748425798142,1.101263177675734,0.0017784319158491435,0.001495002078107488,0.034246328442468395,0.031097315461638176,100,100,0.17625197481277027,0.18719429017500389,0.0003116649040801663,0.32993333810765635,0.16496666905382817,35,33,2
2024-11-15,2024-11-14,1.0730040970012034,1.0727411226919643,-0.025660606154264354,-0.025899399491379316,0.024309049136699762,0.022660685437040026,101,100,0.16095061455018053,0.151276309553651,0.00026297430923912435,0.2909839067496882,0.1454919533748441,30,29,1
2024-11-18,2024-11-15,1.070324352732484,1.070015294702929,-0.0022528920616147197,-0.0025409932847497707,0.023758438029884314,0.02220383030737932,101,100,0.18195513996452228,0.18171358688726158,0.0003090580295547013,0.33977431787229356,0.16988715893614678,35,34,1
2024-11-19,2024-11-18,1.0630386468423507,1.0623212807539382,-0.006520138445792356,-0.007190564459293114,0.018040897904946167,0.016982525184982073,101,100,0.4252154587369403,0.4202152847004146,0.00071736608841262,0.7952963384244043,0.39764816921220214,81,80,1
2024-11-20,2024-11-19,1.0876710251334352,1.0870041758215507,0.023862596785697576,0.023234868316009738,0.01846008904989846,0.016982537381649378,101,100,0.3915615690480367,0.3926476095048735,0.0006668493118841818,0.7209985008626147,0.36049925043130737,73,72,1
2024-11-21,2024-11-20,1.1061814368586518,1.105724483581939,0.01764230668443112,0.01722192809999057,0.02312245438635904,0.020911587587764183,101,100,0.26548354484607645,0.2706028634592499,0.00045695327671282064,0.4846279194737812,0.2423139597368906,49,48,1
2024-11-22,2024-11-21,1.1045296003204481,1.104269519238535,-0.0010806338099886847,-0.0013158470894040208,0.020319679701536197,0.01840101474099179,101,100,0.1546341440448627,0.152091450441953,0.0002600810819130659,0.27769793982689817,0.13884896991344908,29,28,1
2024-11-25,2024-11-22,1.0663262568641294,1.0657505573328374,-0.034360508656048006,-0.03488184834827179,0.015760387040945546,0.014788063616300343,101,100,0.3412244021965214,0.3372408090672226,0.0005756995312918583,0.6362641892163343,0.31813209460816716,65,64,1
2024-11-26,2024-11-25,1.0770672172438054,1.0766624130578286,0.010618488381830327,0.010238658239409615,0.01715653442546146,0.015934924649905063,101,100,0.23695478779363713,0.23875573936412972,0.000404804185976725,0.4416720883726283,0.22083604418631414,45,44,1
2024-11-27,2024-11-26,1.0662568172591256,1.0659129033489552,-0.009664678243155311,-0.009984104189486587,0.016369855238648708,0.015357591776229392,101,100,0.20258879527923387,0.20214603000259157,0.000343913910170391,0.3795847479992856,0.1897923739996428,39,38,1
2024-11-28,2024-11-27,1.0830458675774026,1.0825874319802549,0.016073512361674203,0.01564342506682359,0.014221513666399045,0.013136595942542245,101,100,0.27076146689435066,0.2690715609192488,0.00045843559714778346,0.4984396727546896,0.2492198363773448,51,50,1
2024-11-29,2024-11-28,1.0841235802171374,1.0835485124353466,0.0014189599763527738,0.0008877624353478275,0.017041586808562707,0.01572757159738111,101,100,0.3360783098673127,0.33947345079126706,0.000575067781790782,0.6231316917977879,0.31156584589889397,63,62,1
2024-12-02,2024-11-29,1.1044944427635555,1.1038371213001712,0.019330865289207466,0.018724227509873792,0.016518147108689152,0.014964297530810527,101,100,0.38657305496724437,0.38670693673075507,0.0006573214633841764,0.7001212154252,0.3500606077126,71,70,1
2024-12-03,2024-12-02,1.1264401636608854,1.1261119291603117,0.020476791298783992,0.020179433568879857,0.018638361040780926,0.01655107326203237,101,100,0.19149482782235053,0.1939432762550162,0.00032823450057392807,0.3421736160620448,0.1710868080310224,35,34,1
2024-12-04,2024-12-03,1.1247909111080148,1.1245226855513533,-0.001173078819333595,-0.0014112661164538132,0.018847698954832764,0.016760621370294312,101,100,0.15747072755512206,0.1579482910258354,0.0002682255566614923,0.28042457977389135,0.14021228988694567,29,28,1
2024-12-05,2024-12-04,1.1061571064121072,1.1057243897730853,-0.016331888520542792,-0.016716688795878953,0.018605173601791036,0.016826230635655196,101,100,0.2544161344747846,0.25460632576076464,0.00043271663902171134,0.4601719387642836,0.2300859693821418,47,46,1
2024-12-06,2024-12-05,1.1201242874083643,1.119608212340412,0.013023044230971559,0.012556313938391073,0.01985093492678988,0.01773025126824837,101,100,0.30243355760025836,0.3041953939932098,0.0005160750679526853,0.5415728936625666,0.2707864468312833,55,54,1
2024-12-09,2024-12-06,1.1357742276631893,1.13544226426828,0.014438993162602776,0.014142493555641789,0.02290501072707321,0.020172765668392684,101,100,0.19308161870274218,0.1964676578979348,0.0003319633949093737,0.34298126081110264,0.17149063040555132,35,34,1
2024-12-10,2024-12-09,1.1624324080014292,1.162017648500794,0.023770599864487707,0.02340531532850787,0.022282188479762103,0.019175430346096742,101,100,0.24411080568030014,0.2439027429336242,0.00041475950063516706,0.41982101088610074,0.20991050544305037,43,42,1
2024-12-11,2024-12-10,1.1432688024438775,1.1428594976491553,-0.016134734339969592,-0.016486970637972775,0.022925458457567993,0.02005973481843159,101,100,0.2400864485132143,0.24113902328574247,0.0004093047947222456,0.42092067129819183,0.21046033564909591,43,42,1
2024-12-12,2024-12-11,1.1614667495659052,1.1611714870769272,0.01628131188044102,0.016022957734909138,0.021801530367376896,0.018775461342285398,101,100,0.17422001243488583,0.1733913468336727,0.00029526248897797136,0.29928653523527665,0.14964326761763833,31,30,1
2024-12-13,2024-12-12,1.1742250541684052,1.1736225784537688,0.011241722033959345,0.010722870407527285,0.024490815570955823,0.020867709961086577,101,100,0.35226751625052144,0.35555927716873664,0.0006024757146359235,0.6028033475410268,0.3014016737705134,61,60,1
2024-12-16,2024-12-13,1.1515413614230765,1.1511530582267984,-0.018814580970131,-0.01914543963236781,0.021174451824247348,0.018394123763927482,101,100,0.23030827228461526,0.22738021173418507,0.00038830319627837235,0.3974572684503388,0.1987286342251694,41,40,1
2024-12-17,2024-12-16,1.144816108141216,1.1440628236250525,-0.005504871867641592,-0.006159245767602295,0.015213382276657006,0.013297680828795934,101,100,0.4464782821750743,0.4412704971436472,0.0007532845161630583,0.7754509855387319,0.38772549276936596,79,78,1
2024-12-18,2024-12-17,1.1321381090347509,1.1317147603113953,-0.010423129170928913,-0.010793168922779484,0.01472555225945302,0.013011717064997218,101,100,0.24907038398764514,0.24900590269379683,0.00042334872335576346,0.43994304467508527,0.21997152233754264,45,44,1
2024-12-19,2024-12-18,1.1224023067709101,1.122153642624558,-0.00822862250018086,-0.008448345839552895,0.01503437589109518,0.013397787361748351,101,100,0.1459122998802183,0.1464697876582126,0.00024866414635216504,0.26049669158253796,0.13024834579126898,27,26,1
2024-12-20,2024-12-19,1.1276401481087848,1.1274293481717792,0.004889264068505428,0.004701411060683336,0.014761057144157756,0.013092667108669862,101,100,0.12404041629196635,0.12397789748203429,0.00021079993700541747,0.21994455783608197,0.10997227891804098,23,22,1
2024-12-23,2024-12-20,1.1307310360440677,1.13021118290868,0.0029285097799187643,0.002467413804166041,0.015011740229848164,0.013282243581429062,101,100,0.3052973797318983,0.30606791595297633,0.0005198531353874127,0.5406814496078342,0.2703407248039171,55,54,1
2024-12-24,2024-12-23,1.1102755099840014,1.1098193938261776,-0.01763889193997603,-0.018042459135842903,0.017395396572298466,0.015674078745665686,101,100,0.2664661223961603,0.26930589489643436,0.0004561161578237736,0.4825577187596571,0.24127885937982854,49,48,1
2024-12-25,2024-12-24,1.1216200503529175,1.1211819566735675,0.010632952165357645,0.010238208946968141,0.016539338949265514,0.014751699178549078,101,100,0.257972611581171,0.257554647637488,0.0004380936793499395,0.4596273569257687,0.22981367846288436,47,46,1
2024-12-26,2024-12-25,1.1084743390477367,1.1081929813895635,-0.011334126053484606,-0.011585073418895364,0.015073164669727657,0.013601570234479748,101,100,0.16627115085716054,0.16508633423579627,0.00028135765817367223,0.2989311285073301,0.14946556425366506,31,30,1
2024-12-27,2024-12-26,1.11555127932722,1.1153245386229285,0.006639906641918936,0.0064353026531740465,0.014090281518739199,0.012633346645574767,101,100,0.1338661535192664,0.1331100110725693,0.00022674070429138608,0.23932218046744286,0.11966109023372143,25,24,1
2024-12-30,2024-12-27,1.1240692929434808,1.1234767718488685,0.007840546870195642,0.007309292446847415,0.0136219215436528,0.012124791437597465,101,100,0.348461480812479,0.3485856419320051,0.0005925210946126928,0.6201104568199713,0.3100552284099857,63,62,1
2024-12-31,2024-12-30,1.1175822123022738,1.1172219964937324,-0.005246712432598111,-0.005567338383723586,0.01256784570587942,0.011249192859899018,101,100,0.212340620337432,0.21164676030820007,0.00036021580854147926,0.3793791418460369,0.18968957092301844,39,38,1
2025-01-02,2024-12-31,1.0887592946289586,1.088499048016163,-0.025476317109849766,-0.02570925793415546,0.013327508796597677,0.012243932432359628,101,100,0.1524263012480542,0.15344621095156805,0.00026024661279555735,0.28093676325754025,0.14046838162877012,29,28,1
2025-01-03,2025-01-02,1.064319290026106,1.0639913084118315,-0.02221385313485169,-0.02251516861590075,0.015090355843070738,0.014182781122145991,101,100,0.1915774722046991,0.1936683008654469,0.00032798161427481106,0.3619644750220552,0.1809822375110276,37,36,1
2025-01-06,2025-01-03,1.0423557849908198,1.0419642214430564,-0.02033430466016306,-0.02070231851955051,0.01626468700140022,0.015609640587154354,101,100,0.22931827269798036,0.23088416740407322,0.0003915635477632692,0.4415022650889846,0.2207511325444923,45,44,1
2025-01-07,2025-01-06,1.0523002510254333,1.0518320009773217,0.009919754795478575,0.009470363119185476,0.0186449252791649,0.017726143777562153,101,100,0.2735980652666127,0.276446553592489,0.0004682500481117056,0.522706915942575,0.2613534579712875,53,52,1
2025-01-08,2025-01-07,1.0562613097782336,1.0559377176988165,0.00421104206450873,0.003903395901322604,0.01866325922245568,0.017674583367594955,101,100,0.19012703576008205,0.19046896178279005,0.0003235920794171183,0.36032371347841924,0.18016185673920962,37,36,1
2025-01-09,2025-01-08,1.040628971286649,1.040365237483726,-0.014497774021681509,-0.014747536671980366,0.016920812005917114,0.01626429968656253,101,100,0.15609434569299738,0.15461563227938196,0.0002637338029231187,0.2985790195598849,0.14928950977994246,31,30,1
2025-01-10,2025-01-09,1.0472111480873714,1.0470321316101272,0.006580295416447335,0.006408224617852509,0.017642324682576087,0.01684984075459623,101,100,0.10472111480873712,0.10562164396264027,0.0001790164772441467,0.20085993083204648,0.10042996541602324,21,20,1
2025-01-13,2025-01-10,1.0185009439771675,1.0182576757707564,-0.027249581719220428,-0.02748192244599157,0.01818540351654758,0.01785933359430105,101,100,0.14259013215680347,0.14337647919718594,0.00024326820641098668,0.28077206314341924,0.14038603157170962,29,28,1
2025-01-14,2025-01-13,1.0394972586856106,1.039106736624943,0.020858750609247467,0.020475230730183425,0.01938586865529523,0.01865628233559648,101,100,0.22868939691083426,0.23028038411024965,0.0003905220606677757,0.4415305352526152,0.2207652676263076,45,44,1
2025-01-15,2025-01-14,1.073351202081316,1.0730033904368677,0.03295567649537179,0.032620954726963136,0.020055517170974035,0.01869101006550272,101,100,0.20393672839545005,0.20495418855557723,0.0003478116444484048,0.3809479284675456,0.1904739642337728,39,38,1
2025-01-16,2025-01-15,1.0710555031200895,1.070709749305121,-0.0018153598899488532,-0.00213758982701151,0.019530570138569875,0.018240769873670248,101,100,0.20350054559281697,0.20332135237538143,0.00034575381496860965,0.37983269474185644,0.18991634737092822,39,38,1
2025-01-17,2025-01-16,1.0677539672949383,1.0675189291573202,-0.0027605819523927044,-0.0029800981543985916,0.018445087315592135,0.017278463933330296,101,100,0.13880801574834195,0.13795757106298248,0.00023503813761828588,0.25920351999485985,0.12960175999742993,27,26,1
2025-01-20,2025-01-17,1.0826279767862093,1.082114847936038,0.014153423622020433,0.013672749381820948,0.015930079575226498,0.014721246645502176,101,100,0.3031358335001386,0.3011339546099441,0.0005131288501710218,0.5581509078528184,0.2790754539264092,57,56,1
2025-01-21,2025-01-20,1.0861745703913275,1.0856591670416411,0.0037516558090231467,0.0032753631579525155,0.013945816389382526,0.012845483014143448,101,100,0.30412887970957175,0.3026600198734141,0.0005154033496864983,0.5586476760953552,0.2793238380476776,57,56,1
2025-01-22,2025-01-21,1.0716194982479958,1.0711656371970426,-0.01293193040676155,-0.013349981545398348,0.012058104609264009,0.011256993494317911,101,100,0.26790487456199896,0.2664710238328337,0.0004538610509533166,0.4986619777528223,0.24933098887641114,51,50,1
2025-01-23,2025-01-22,1.0753538693695548,1.0750066300102046,0.003909976223165357,0.003585806601500874,0.011620010289758335,0.010809245231955483,101,100,0.2043172351802154,0.20422638022005984,0.00034723935935019527,0.3799155115699646,0.1899577557849823,39,38,1
2025-01-24,2025-01-23,1.064567479700848,1.0641527833728466,-0.009710777606327436,-0.01009653925320908,0.009796626178369384,0.009206033505187897,101,100,0.24485052033119503,0.24344183254780752,0.00041469632800130503,0.4586767510653403,0.22933837553267014,47,46,1
2025-01-27,2025-01-24,1.0824148541964107,1.0818424713904653,0.01716113617227233,0.016623259642803312,0.010997132266879385,0.010165188146796495,101,100,0.33554860480088744,0.33732149369534276,0.0005723828059454089,0.6216379014825806,0.3108189507412903,63,62,1
2025-02-05,2025-01-27,1.0866420971654722,1.0860704285425749,0.004436529256277133,0.003908107939851302,0.009523861544809768,0.008769101242900128,101,100,0.3368590501212965,0.33595744802212396,0.0005716686228971136,0.6191702860569049,0.30958514302845247,63,62,1
2025-02-06,2025-02-05,1.0795622989685745,1.0791201879311982,-0.005992364217791812,-0.006399438221242559,0.010581404504663527,0.009805584793061223,101,100,0.2590949517524579,0.26059460574968785,0.0004421110373761315,0.4813891315014083,0.24069456575070414,49,48,1
2025-02-07,2025-02-06,1.0971841015577855,1.0968474602106415,0.016739482616128232,0.016427523530468502,0.011065683218571827,0.01008862546524632,101,100,0.19749313828040138,0.1983140583414536,0.00033664134714383944,0.36074820630365195,0.18037410315182598,37,36,1
2025-02-10,2025-02-07,1.1113834236837554,1.1110804240361767,0.01325249316830468,0.012976247237516336,0.011402098422696532,0.010262172004864052,101,100,0.17782134778940087,0.1784607626411044,0.0003029996475788553,0.3205753323633208,0.1602876661816604,33,32,1
2025-02-11,2025-02-10,1.1161647407036583,1.115822956656786,0.004576011382697365,0.004268397244711952,0.011276347300235723,0.010105857056411318,101,100,0.20090965332665853,0.2011256862510699,0.0003417840468721723,0.360193549318065,0.1800967746590325,37,36,1
2025-02-12,2025-02-11,1.1138294455035542,1.1133892107362384,-0.0017865837419269726,-0.0021811219298083495,0.015133798100173202,0.013592549626168772,101,100,0.2561807724658174,0.26047845803307074,0.0004402347673158678,0.4638584772422768,0.2319292386211384,47,46,1
2025-02-13,2025-02-12,1.1207544514032508,1.1205070118060791,0.006615153619228931,0.0063929136381104534,0.014661688877150268,0.01308487026200573,101,100,0.1456980786824226,0.14547340905657138,0.000247439597171682,0.25979953715502097,0.12989976857751048,27,26,1
2025-02-14,2025-02-13,1.1162984305167654,1.1159922676914695,-0.003755961582543099,-0.004029197557035014,0.016655209865753973,0.01492412658038104,101,100,0.17860774888268247,0.180907432696582,0.00030616282529584947,0.3220600976862746,0.1610300488431373,33,32,1
2025-02-17,2025-02-14,1.1256659048786761,1.1253945917517598,0.00866819373866945,0.008425079933340296,0.019479025425474944,0.017308618299963927,101,100,0.15759322668301462,0.16068835536965204,0.000271313126916426,0.28274959796971993,0.14137479898485997,29,28,1
2025-02-18,2025-02-17,1.123757431443446,1.1234900049358487,-0.001454743358740962,-0.0016923724619526404,0.01918636156680245,0.017077465293425544,101,100,0.15732604040208242,0.1573008030510073,0.0002674265075973574,0.27997754199405583,0.13998877099702792,29,28,1
2025-02-19,2025-02-18,1.1055996814710145,1.1053187587883604,-0.01592388306637027,-0.01617392773202808,0.01799158786507892,0.016277284468419882,101,100,0.16583995222065218,0.1649261012015828,0.00028092268265413246,0.2991734340789123,0.14958671703945614,31,30,1
2025-02-20,2025-02-19,1.1162102719137976,1.1159652372658113,0.00985373046357818,0.009632043600817486,0.016248533120051728,0.014560071028611706,101,100,0.1451073353487937,0.14360931525175274,0.0002450346479862043,0.25865794095007516,0.12932897047503758,27,26,1
2025-02-21,2025-02-20,1.1214788117865278,1.1212478872857412,0.004940632858981386,0.004733704817609485,0.017965629694055067,0.016022888335197074,101,100,0.13457745741438334,0.1365254784891734,0.00023092450078672093,0.24173701103785175,0.12086850551892588,25,24,1
2025-02-24,2025-02-21,1.1247277668925313,1.1242894635318403,0.0031035774035783614,0.0027126706597075945,0.016195329820603614,0.01440494672050705,101,100,0.25868738638528216,0.2573553898725217,0.00043830336069094285,0.45881571652094927,0.22940785826047463,47,46,1
2025-02-25,2025-02-24,1.1259058454243238,1.1256167447350476,0.001437691933361851,0.0011805511358593535,0.017719591579470513,0.015742117965419414,101,100,0.16888587681364858,0.17069923926179162,0.00028910068927615973,0.3016105808984939,0.15080529044924695,31,30,1
2025-02-26,2025-02-25,1.1245483817645874,1.1241465799274055,-0.0009491356409340179,-0.0013060971369861507,0.01762512146221068,0.01567866840225486,101,100,0.23615516017056332,0.23646249189048543,0.0004018018371818716,0.42027329346154035,0.21013664673077018,43,42,1
2025-02-27,2025-02-26,1.139036059904286,1.1387254332289904,0.013245141018746853,0.012968818801660564,0.018049828424501063,0.015850904790383615,101,100,0.18224576958468575,0.18298110322227143,0.0003106266752953099,0.320645575380333,0.1603227876901665,33,32,1
2025-02-28,2025-02-27,1.136399822723519,1.1360501457952497,-0.002042292582222327,-0.002349370055040101,0.01946249923808943,0.01713172548775603,101,100,0.20455196809023343,0.2063143158320913,0.0003496769282694406,0.3615508166286353,0.18077540831431765,37,36,1
2025-03-03,2025-02-28,1.1236286727705096,1.1232088665461601,-0.010933912618835029,-0.01130344403952388,0.018650966407851584,0.01660507405466167,101,100,0.24719830800951215,0.24680658140362394,0.0004198062243496934,0.43965137361178025,0.21982568680589012,45,44,1
2025-03-04,2025-03-03,1.1220081707080856,1.1216639699881723,-0.0010689871437417064,-0.001375431234564961,0.019094238121250745,0.017023135834034225,101,100,0.2019614707274554,0.20274894316076775,0.0003442007199133175,0.3607018419775102,0.1803509209887551,37,36,1
2025-03-05,2025-03-04,1.129710883904303,1.1294240989372883,0.007174086117980316,0.006918407969543461,0.01763353644446531,0.015612856553226794,101,100,0.16945663258564547,0.16828271587587493,0.0002867849670148497,0.29896086978846004,0.14948043489423002,31,30,1
2025-03-06,2025-03-05,1.1250093823293779,1.1246843926023034,-0.0039088209752780045,-0.004196569153646301,0.017183106336746523,0.01527815843250756,101,100,0.19125159499599423,0.19112615461534987,0.0003249897270744817,0.3398884983693339,0.16994424918466694,35,34,1
2025-03-07,2025-03-06,1.1320687320563239,1.1318354566969024,0.006565699233128441,0.006358285170164901,0.019071047415487645,0.01684966423577481,101,100,0.13584824784675886,0.13796946428492146,0.00023327535942146906,0.24187375234214759,0.12093687617107379,25,24,1
2025-03-10,2025-03-07,1.1362080129411603,1.135933040946131,0.0038632437412930987,0.0036203003051227256,0.022936519010866546,0.020191787881935777,101,100,0.15906912181176242,0.1632095654021708,0.00027497199502944544,0.2836440894125456,0.1418220447062728,29,28,1
2025-03-11,2025-03-10,1.136848975670263,1.136557971449988,0.0008063280942767204,0.0005501473073945551,0.023652543407869348,0.020810679263191575,101,100,0.17052734635053945,0.17153437496781718,0.0002910042202749224,0.3008858068563452,0.1504429034281726,31,30,1
2025-03-12,2025-03-11,1.1511717796840588,1.1508975998420883,0.012857952344856649,0.012616715339039075,0.02356105302554612,0.020471893441066234,101,100,0.16116404915576826,0.16134673861541549,0.0002741798419704181,0.28015869869542614,0.14007934934771307,29,28,1
2025-03-13,2025-03-12,1.1509098562688247,1.1506927261238953,1.0649450253419346e-05,-0.00017801211699552955,0.02508028815970371,0.021795817067677643,101,100,0.12660008418957072,0.12833644946865758,0.00021713014492926567,0.22150868920761185,0.11075434460380593,23,22,1
2025-03-14,2025-03-13,1.1572841609267561,1.1568135987453514,0.005728231919101434,0.005319293745841502,0.023146311202500325,0.020008678345071484,101,100,0.27774819862242145,0.2762847838466228,0.0004705621814047374,0.4787354749808147,0.23936773749040735,49,48,1
2025-03-17,2025-03-14,1.1802937948485357,1.1797706563841721,0.02029730297832799,0.019845079331466398,0.02394008822969007,0.0202921543268952,101,100,0.3068763866606193,0.3081933021521728,0.0005231384643637612,0.5211157522790523,0.26055787613952613,53,52,1
2025-03-18,2025-03-17,1.186769068084195,1.1864867167788673,0.005932010312472036,0.005692683029834722,0.023567070672945473,0.01986290308999541,101,100,0.1661476695317873,0.16605700328037007,0.0002823513053274796,0.2799236024481464,0.1399618012240732,29,28,1
2025-03-19,2025-03-18,1.1843267698931406,1.1840637906715836,-0.0018204560195925756,-0.002042101334148616,0.024434096370201372,0.020635793918115434,101,100,0.15396248008610827,0.15509248500492123,0.00026297922155707823,0.2609541327170329,0.13047706635851644,27,26,1
2025-03-20,2025-03-19,1.1865086596159227,1.1862251210139172,0.0020648118484836164,0.0018253495794409158,0.025195595056272554,0.021240146250432468,101,100,0.1661112123462292,0.16715624963430575,0.00028353860200547364,0.28088076667591694,0.14044038333795847,29,28,1
2025-03-21,2025-03-20,1.1905289968901087,1.190121043005706,0.0036282117112076406,0.003284302383057769,0.02767311886256546,0.023252356577676932,101,100,0.23810579937802173,0.24099127706871712,0.00040795388440240197,0.4024236937514607,0.20121184687573035,41,40,1
2025-03-24,2025-03-21,1.1839709638057987,1.183493470253395,-0.005167608148810676,-0.005568822424627307,0.02213507910210637,0.018703169606307232,101,100,0.2841530313133917,0.2790924851053364,0.0004774935524039054,0.4757257852069375,0.23786289260346874,49,48,1
2025-03-25,2025-03-24,1.183568492784595,1.1831619688604675,6.339074366334962e-05,-0.00028010411654955103,0.025465497524280723,0.02152325564420159,101,100,0.236713698556919,0.240450640903221,0.000406523924127694,0.4031573519987086,0.2015786759993543,41,40,1
2025-03-26,2025-03-25,1.1926166433925984,1.1920287819168234,0.007991023022179133,0.007494166724185458,0.024788063850900766,0.020794853469092166,101,100,0.3458588265838535,0.3457692543862487,0.0005878614757751855,0.579924894392426,0.289962447196213,59,58,1
2025-03-27,2025-03-26,1.1964189370796539,1.1957682116884676,0.0036829271485969706,0.0031370297667066005,0.024022328837049776,0.02008945262320478,101,100,0.38285405986548926,0.3827390502428244,0.0006507253911864004,0.6399038717801094,0.3199519358900547,65,64,1
2025-03-28,2025-03-27,1.1995721135448325,1.1991123221365174,0.003181136460379541,0.0027966209632950267,0.03370020820084323,0.028104296468906192,100,100,0.2639058649798632,0.27404353575197177,0.0004597914083150865,0.448451072392931,0.2242255361964655,47,45,2
2025-03-31,2025-03-28,1.1830660259476602,1.1828167259620033,-0.013381812439610896,-0.013589716220645198,0.022398539053760116,0.018936610010771564,101,100,0.15379858337319582,0.1427462142117695,0.0002492999856568639,0.2506578593932886,0.1253289296966443,26,25,1
2025-04-01,2025-03-31,1.174798367860805,1.1744013852451662,-0.006779036790063087,-0.007114661580383652,0.01977534786172877,0.016838661900590742,101,100,0.234959673572161,0.23273346499576825,0.00039698261563864194,0.3981050292226347,0.19905251461131734,41,40,1
2025-04-02,2025-04-01,1.191729009672945,1.1912277334568957,0.01475443118977715,0.014327595678215843,0.032956599011648435,0.027666077682736358,100,100,0.2860149623215068,0.2996974896874758,0.0005012762160491276,0.4914812404958775,0.24574062024793875,51,49,2
2025-04-03,2025-04-02,1.1865379465540902,1.1862281462837323,-0.003936935626234872,-0.004197003673390598,0.02088493410038443,0.01760616974551959,101,100,0.18984607144865442,0.17808420680774809,0.0003098002703577156,0.3100872410570055,0.15504362052850276,32,31,1
2025-04-07,2025-04-03,1.16260214546295,1.1621177532183309,-0.019916911341885446,-0.020325257953906717,0.0475049107131684,0.040877880560390586,99,100,0.2673984934564784,0.2945028623138817,0.00048439224461915674,0.48331353762177176,0.24165676881088588,51,48,3
2025-04-08,2025-04-07,1.0938115438401896,1.0928520511881263,-0.058777356415884885,-0.05960299792201129,0.005976013349860632,0.005468272986598353,102,100,0.5906582336737021,0.5500888289624579,0.000959492652062923,1.0429100598364391,0.5214550299182196,107,105,2
2025-04-09,2025-04-08,1.092188233634679,1.0915499358076823,-0.0006074175847733398,-0.0011914836770707815,0.01171319548263313,0.010730792150123722,101,100,0.3713439994357909,0.37771947939556016,0.0006382978269965897,0.6858373453983774,0.3429186726991887,70,69,1
2025-04-10,2025-04-09,1.1425627577335478,1.142211605722685,0.046734299780906374,0.04641259941764919,0.012750958922992195,0.011163394645184486,101,100,0.2056612963920386,0.20705021184326047,0.0003511520108628093,0.36121561414619974,0.18060780707309987,37,36,1
2025-04-11,2025-04-10,1.1384681269271804,1.1380993783781637,-0.0032773951663152,-0.003600232499756051,0.013312523118711143,0.011697153492590437,101,100,0.21630894411616428,0.2172392568609,0.0003687485490166885,0.3808171618710545,0.19040858093552726,39,38,1
2025-04-14,2025-04-11,1.1615909319802995,1.1611361314946915,0.020641038953568502,0.02024142491788039,0.013419932818372303,0.011557587826586082,101,100,0.2671659143554689,0.267728124540738,0.000454800485608093,0.4604840001499587,0.23024200007497936,47,46,1
2025-04-15,2025-04-14,1.1644742882110732,1.1641943972861493,0.002874905556581542,0.002633856365765519,0.01563644582948092,0.01343112959994568,101,100,0.16302640034955027,0.16552280428558275,0.00027989092492387125,0.28214380339807044,0.14107190169903522,29,28,1
2025-04-16,2025-04-15,1.1619708402545403,1.1616133848944186,-0.001909953386472485,-0.002216994341964984,0.01699924774565431,0.014634169997274444,101,100,0.20915475124581723,0.21087500852211244,0.00035745536012181357,0.36148046510006937,0.18074023255003469,37,36,1
2025-04-17,2025-04-16,1.1450313079711631,1.1447190667334959,-0.014275039474310636,-0.0145438390953615,0.017407662780105526,0.015206930054706807,101,100,0.1832050092753861,0.18392566554750472,0.000312241237667487,0.3206293769149383,0.16031468845746916,33,32,1
2025-04-18,2025-04-17,1.1540015737809632,1.1535305421737403,0.008108982646681584,0.007697500370451804,0.017117508554939133,0.01483923305808834,101,100,0.27696037770743115,0.2771412550894877,0.0004710316072228954,0.48015673928542735,0.24007836964271367,49,48,1
2025-04-21,2025-04-18,1.15290361156592,1.1524917920154563,-0.0005434885205891637,-0.0009004964500780588,0.016917471854292127,0.014679038906391833,101,100,0.24210975842884316,0.24232154127865993,0.000411819550463832,0.4201836951915946,0.2100918475957973,43,42,1
2025-04-22,2025-04-21,1.170702946049555,1.1701456727591968,0.01580154770755593,0.01531800995551369,0.01637718768968552,0.013995853739362385,101,100,0.32779682489387546,0.3278138140196269,0.0005572732903579154,0.5600145119014254,0.2800072559507127,57,56,1
2025-04-23,2025-04-22,1.1800581631061013,1.1795956145760595,0.008471159256207006,0.008075867848641227,0.01695626485728488,0.014374642163601865,101,100,0.2714133775144033,0.27245500321204463,0.0004625485300418906,0.46088269013359445,0.23044134506679723,47,46,1
2025-04-24,2025-04-23,1.1820520106484445,1.1816890282173313,0.002082405226021322,0.0017746875415640684,0.017751933203037168,0.015022508273447645,101,100,0.21276936191671997,0.2139280126935852,0.00036298243111297575,0.3609802028729933,0.18049010143649666,37,36,1
2025-04-25,2025-04-24,1.1792464217487348,1.178763910981913,-0.00206704675280045,-0.002475369717049092,0.018522355843775068,0.015713372008773076,101,100,0.28301914121969635,0.284272074627256,0.0004825107668217994,0.48106248650362793,0.24053124325181396,49,48,1
2025-04-28,2025-04-25,1.1746790010148316,1.1743315102217233,-0.0034654182478989215,-0.003760210775792694,0.007301245776107881,0.00621736342127901,102,100,0.21144222018266967,0.200568600908111,0.0003474907931085236,0.35074332710028466,0.17537166355014233,37,35,2
2025-04-29,2025-04-28,1.1550462328474225,1.1545402960957254,-0.01642234514397012,-0.01685317472428305,0.00261923336859295,0.002268637463283294,102,100,0.30031202054032985,0.29613594488451195,0.0005059367516971604,0.5163844948045733,0.25819224740228663,54,52,2
2025-04-30,2025-04-29,1.1653215718727796,1.1647762715148555,0.009338154600158077,0.00886584509327637,0.011544620678490464,0.009911449057488139,101,100,0.3146368244056505,0.324107512073472,0.0005453003579242098,0.5481271023350244,0.2740635511675122,56,55,1
2025-05-06,2025-04-30,1.1741272278539507,1.1735460948492047,0.00802811369683365,0.0075291912694475105,0.013043743504696718,0.011114811392536549,101,100,0.34049689607764566,0.34257715190859817,0.0005811330047460455,0.5817717465208219,0.29088587326041093,59,58,1
2025-05-07,2025-05-06,1.2032903956100647,1.2028362372136112,0.02534566038045738,0.02495866373972322,0.016342120103970542,0.013586321727243033,101,100,0.26472388703421423,0.26847642202994154,0.00045415839645346486,0.443118561412455,0.2215592807062275,45,44,1
2025-05-08,2025-05-07,1.1957795549990482,1.1953938876350236,-0.005866702379128452,-0.006187334026307556,0.01543878706687423,0.01291523005644478,101,100,0.2271981154498192,0.2266804497767472,0.000385667364024313,0.37956708937620837,0.18978354468810418,39,38,1
2025-05-09,2025-05-08,1.208599717779113,1.2080238874216758,0.011047262563987026,0.010565554933227528,0.015351040140752475,0.012707563402174682,101,100,0.33840792097815164,0.33889600440946704,0.000575830357437305,0.5604038420861229,0.28020192104306146,57,56,1
2025-05-12,2025-05-09,1.2065554689010813,1.2060430953682018,-0.001215554208723879,-0.0016396960971538643,0.01446362896876044,0.011992630300117702,101,100,0.30163886722527034,0.30126382958615805,0.0005123735328799359,0.49968916668252816,0.24984458334126408,51,50,1
2025-05-13,2025-05-12,1.2184379052994379,1.218106453402656,0.010277252926399028,0.010002427011757353,0.014165619381318502,0.011629212981959245,101,100,0.19495006484791005,0.19498350715724977,0.00033145189678172084,0.3200274468720927,0.16001372343604636,33,32,1
2025-05-14,2025-05-13,1.2122703791588407,1.2119384695144986,-0.0047911036244104865,-0.005063583622702095,0.015808347201575784,0.013043852967146585,101,100,0.19396326066541453,0.195937898130014,0.00033190964434226425,0.32162887545431046,0.16081443772715523,33,32,1
2025-05-15,2025-05-14,1.2132722988079863,1.212879757874229,0.001100575092745526,0.0007766799911117506,0.016010334670029838,0.013200265373453491,101,100,0.23052173677351737,0.23111626517572884,0.00039254093375741203,0.38049002058548237,0.19024501029274118,39,38,1
2025-05-16,2025-05-15,1.2047404536212722,1.2043312915472308,-0.0067107264344341555,-0.007048074033307872,0.015192372423545014,0.012614778450227794,101,100,0.24094809072425447,0.2405392905518111,0.0004091620740415447,0.399660673656957,0.1998303368284785,41,40,1
2025-05-19,2025-05-16,1.2079046587482596,1.207494614284064,0.002967096534075786,0.002626621726957712,0.014197673615125105,0.011757960198889212,101,100,0.24158093174965192,0.24099627740542787,0.00041004446419576205,0.39951597641420644,0.19975798820710322,41,40,1
2025-05-20,2025-05-19,1.2151644350636572,1.2147498923075526,0.006351846781644577,0.00600853862010009,0.015043901934666095,0.012384361612157486,101,100,0.2430328870127314,0.24429365808837727,0.000414542756104854,0.4010375312503116,0.2005187656251558,41,40,1
2025-05-21,2025-05-20,1.2205231390145372,1.2202972561052694,0.004752621707187599,0.004566671569880887,0.012677184727115902,0.0103886038124651,101,100,0.1342575452915991,0.13211671099331648,0.00022588290926760774,0.21824596992072506,0.10912298496036253,23,22,1
2025-05-22,2025-05-21,1.220467110122396,1.220050955182916,0.00013919069003631712,-0.00020183682387320268,0.013348413459085329,0.010940865545311646,101,100,0.24409342202447926,0.24518080569592884,0.00041615493948020887,0.40089095696428934,0.20044547848214467,41,40,1
2025-05-23,2025-05-22,1.2068151003388639,1.2065689659775867,-0.010848608238717139,-0.011050349289147499,0.013051443468706464,0.010816989195583958,101,100,0.14481781204066368,0.14476697641156194,0.00024613436127711647,0.23995787620731013,0.11997893810365506,25,24,1
2025-05-26,2025-05-23,1.1993471113193006,1.198878766214916,-0.005985447050210535,-0.006373609780722211,0.012037992781313143,0.010041042614608425,101,100,0.2758498356034391,0.27530473002043027,0.00046834510438453704,0.45954549806485195,0.22977274903242598,47,46,1
2025-05-27,2025-05-26,1.2025452853980536,1.2020338959122805,0.003058290201196412,0.002631733738454489,0.011806366458253281,0.009821991291928478,101,100,0.3006363213495134,0.3009160845122266,0.000511389485773157,0.5002326425175919,0.25011632125879596,51,50,1
2025-05-28,2025-05-27,1.2081270993705162,1.2076754059934862,0.005069077901177943,0.004693303658399817,0.011221802049766062,0.009292068045829351,101,100,0.2657879618615135,0.26565509083005623,0.00045169337702997015,0.4398900189959097,0.21994500949795484,45,44,1
2025-05-29,2025-05-28,1.2057148644947113,1.2053251421311133,-0.0016234010306453994,-0.0019461055931990767,0.011083409109844407,0.009195368720383642,101,100,0.22908582425399515,0.2293371536776714,0.0003897223635978357,0.3802084484740773,0.19010422423703865,39,38,1
2025-05-30,2025-05-29,1.2226541288187345,1.2219453979648136,0.014377022499491021,0.013789022772987547,0.012226285040904611,0.01000559031628406,101,100,0.4157024037983697,0.41755401058335073,0.0007087308539207093,0.6815144158444629,0.34075720792223146,69,68,1
2025-06-03,2025-05-30,1.215153934433031,1.2146581870090958,-0.00555791080607515,-0.0059636142235609535,0.011698372786754112,0.009630999825193217,101,100,0.29163694426392744,0.29160477943371244,0.0004957474239354399,0.47997353024229805,0.23998676512114903,49,48,1
2025-06-04,2025-06-03,1.225273508135632,1.224876108308015,0.008739348435690353,0.008412178346304477,0.01278868613100898,0.010440799721920167,101,100,0.2328019665457701,0.23428967971764186,0.0003973998276168685,0.3812141886378784,0.1906070943189392,39,38,1
2025-06-05,2025-06-04,1.2375131634627439,1.2368625106519877,0.010317006813191032,0.009785807938184066,0.010759282057743848,0.008698850490724554,101,100,0.38362908067345064,0.38225032941094167,0.0006506528107561068,0.6188858694168141,0.30944293470840706,63,62,1
2025-06-06,2025-06-05,1.236715293175512,1.2362929250118109,-0.00011902493220361521,-0.0004605084520482583,0.012050517549760142,0.009747299613192414,101,100,0.24734305863510236,0.24905666229081974,0.00042236816370096306,0.40138560885045516,0.20069280442522758,41,40,1
2025-06-09,2025-06-06,1.2391330249464354,1.2387755953683033,0.0022972710408395436,0.002008157052640902,0.01107502790160405,0.008940301974799001,101,100,0.21065261424089401,0.21003455417087039,0.00035742957813249406,0.3395012157229444,0.1697506078614722,35,34,1
2025-06-10,2025-06-09,1.2488014993973386,1.248268992084727,0.008093398083172998,0.007663532242577986,0.012148589105284623,0.009732348702338054,101,100,0.31220037484933466,0.31380644336562685,0.0005325073126117905,0.5012860879147465,0.25064304395737325,51,50,1
2025-06-11,2025-06-10,1.2431850347838895,1.2427191193894602,-0.004072805888053588,-0.004446055081443578,0.012559211365521204,0.010106234924341925,101,100,0.2735007076524557,0.2743772453071217,0.00046591539442930764,0.4407050741684792,0.2203525370842396,45,44,1
2025-06-12,2025-06-11,1.2487234891084436,1.2484675694283756,0.004831638642474045,0.004625703386409219,0.013376099221614972,0.010714014163571237,101,100,0.14984681869301325,0.15091962622917487,0.00025591968006790034,0.2408591233732038,0.1204295616866019,25,24,1
2025-06-13,2025-06-12,1.2454364562543758,1.2452231850921525,-0.002427866969253789,-0.0025986933226536113,0.0145691595684488,0.01170003879053265,101,100,0.12454364562543759,0.12594997713449463,0.00021327116222320672,0.20112918768516425,0.10056459384258212,21,20,1
2025-06-16,2025-06-13,1.2347360013514475,1.2342727938270124,-0.008421930996995508,-0.008793918549091062,0.0153934610710307,0.012471684661622823,101,100,0.27164192029731843,0.27292942932433545,0.00046320752443516016,0.4410427403312188,0.2205213701656094,45,44,1
2025-06-17,2025-06-16,1.2435823327924265,1.2427995866294022,0.007542529505611739,0.006908353522037336,0.015095147360461199,0.012146083345103744,101,100,0.46012546313319774,0.4606098955856527,0.0007827461630241376,0.740389545942943,0.3701947729714715,75,74,1
2025-06-18,2025-06-17,1.246427355708791,1.2461520400571928,0.0029190298407064663,0.0026975012414374167,0.014688200787556373,0.011786844875591786,101,100,0.16203555624214283,0.16190392532083622,0.0002753156515982056,0.25989439342717907,0.12994719671358954,27,26,1
2025-06-19,2025-06-18,1.2379184275196315,1.237476292225742,-0.006607229513650226,-0.006962029955070781,0.014426443007331135,0.011657955063836847,101,100,0.25996286977912264,0.2601432472927868,0.0004421352938895394,0.42014571033894826,0.21007285516947413,43,42,1
2025-06-20,2025-06-19,1.225270612975006,1.2249356889803602,-0.009863364112441153,-0.010134014949754078,0.015591871664156971,0.012728726744124574,101,100,0.19604329807600096,0.1975436507274727,0.00033492399464582056,0.32122450717056605,0.16061225358528303,33,32,1
2025-06-23,2025-06-20,1.2204247958286416,1.2198859781007207,-0.003682555086196748,-0.004122429385531978,0.014498479540118793,0.011885110412279628,101,100,0.3173104469154468,0.3167558725193294,0.0005388177279205307,0.5195455890457052,0.2597727945228526,53,52,1
2025-06-24,2025-06-23,1.2354541464886077,1.2348075253349315,0.012761986503136535,0.012231919623703291,0.028887802901953287,0.02339457956746555,100,100,0.3706362439465823,0.3856721884620929,0.0006466211536762522,0.612170378446052,0.306085189223026,63,61,2
2025-06-25,2025-06-24,1.249626769130426,1.2493075714910622,0.012001258083906396,0.011742758169697387,0.029062071840345677,0.02326254359097478,100,100,0.18744401536956393,0.1879374819473199,0.0003191976393637903,0.30039489117066487,0.15019744558533243,32,30,2
2025-06-26,2025-06-25,1.256010781625504,1.2557768070863642,0.0053655403100145715,0.005178256934424086,0.02801039091570029,0.02230523032248828,100,100,0.13816118597880545,0.13734347959329996,0.00023397453913991326,0.21934896547269506,0.10967448273634753,24,22,2
2025-06-27,2025-06-26,1.252900089869838,1.2527295013122095,-0.002290787025443497,-0.002426630080248904,0.02801629818186587,0.0223642040460605,100,100,0.10023200718958704,0.10040850301338113,0.00017058855762847142,0.16014086983089962,0.08007043491544981,18,16,2
2025-06-30,2025-06-27,1.2585426239562763,1.2583285443376213,0.0046403654084761214,0.004469474870310686,0.027918011820000428,0.022186583897845495,100,100,0.12585426239562764,0.1259700556524172,0.00021407961865503556,0.2000920058284761,0.10004600291423806,22,20,2
2025-07-01,2025-06-30,1.2619493066726124,1.261626968989586,0.0028774379722087406,0.0026212746001887943,0.028087137614047988,0.022262632540696606,100,100,0.1892923960008919,0.18978385947796572,0.00032233768302629726,0.30038944787597666,0.15019472393798833,32,30,2
2025-07-02,2025-07-01,1.2644210912250327,1.2642923378153046,0.0022146976119925554,0.002112644142232556,0.027760619134405813,0.021957436823809375,100,100,0.07586526547350195,0.07566750040358781,0.00012875340972804783,0.11984359239869799,0.059921796199348995,14,12,2
2025-07-03,2025-07-02,1.2735873140495884,1.2730651606825671,0.0073519200870468815,0.0069389195875551035,0.029538232030227783,0.02320245101546142,100,100,0.3056609553719012,0.3079607216347444,0.0005221533670213593,0.4818057389842638,0.2409028694921319,50,48,2
2025-07-04,2025-07-03,1.2743944107253706,1.2740267058428452,0.0010441335477995306,0.0007552992493820021,0.028629525171266934,0.022471683709586594,100,100,0.216647049823313,0.21610604784687762,0.00036770488252555334,0.33957548309072744,0.16978774154536372,36,34,2
2025-07-07,2025-07-04,1.2725062699854486,1.2723532091601895,-0.0011934097224365336,-0.0013135491391043086,0.029960627192272733,0.023547413545683668,100,100,0.08907543889898141,0.09055960174524638,0.00015306082525915987,0.141166330478106,0.070583165239053,16,14,2
2025-07-08,2025-07-07,1.2801611173174015,1.27978164094904,0.006136588567545287,0.0058383409067310765,0.018442120335328435,0.014410364819464377,101,100,0.23042900111713227,0.2192899706285496,0.0003794763683616839,0.3512987276852115,0.17564936384260574,36,35,1
2025-07-09,2025-07-08,1.2889471351396633,1.2886612755361955,0.007161764083306155,0.0069383981634325576,0.019067430369922173,0.014796308954025532,101,100,0.16756312756815622,0.16847429720621765,0.00028585960346773316,0.26070691001455437,0.13035345500727719,27,26,1
2025-07-10,2025-07-09,1.2909591825730518,1.2906960171765687,0.0017831738102784822,0.0015789576974185593,0.01863128609905478,0.014435069025634096,101,100,0.15491510190876617,0.15474212303438184,0.00026316539648307965,0.23986600747977202,0.11993300373988601,25,24,1
2025-07-11,2025-07-10,1.3023968875537049,1.3019316633984668,0.00906555085118499,0.008705106448283928,0.018410122290509437,0.014140621054144275,101,100,0.27350334638627805,0.27374740673297093,0.00046522415523803437,0.42018739322016607,0.21009369661008304,43,42,1
2025-07-14,2025-07-11,1.305303195964173,1.3050139328951325,0.0025896386580732678,0.0023674587409756587,0.01884000715987383,0.014436632962284061,101,100,0.16968941547534247,0.17040856341374722,0.00028926306904032733,0.26055094321428784,0.13027547160714392,27,26,1
2025-07-15,2025-07-14,1.3085167859208375,1.308271129028248,0.002684149906303279,0.0024959090864951072,0.019470944469478446,0.014882958155578186,101,100,0.14393684645129212,0.14481344065348636,0.00024565689258961026,0.22066991437299546,0.11033495718649773,23,22,1
2025-07-16,2025-07-15,1.2948277084648916,1.2945642169205216,-0.010275714463975016,-0.010477118850667932,0.01861353641877081,0.014378225641867535,101,100,0.15537932501578697,0.1547854085094492,0.0002634915443698664,0.23954131619021193,0.11977065809510597,25,24,1
2025-07-17,2025-07-16,1.3022868511220589,1.3020856841856903,0.005965431533329291,0.0058100379779231215,0.020155140524995133,0.01547911997634774,101,100,0.1172058166009853,0.11894858764357817,0.00020116693636852706,0.1813382389917331,0.09066911949586655,19,18,1
2025-07-18,2025-07-17,1.3046896337720535,1.3044041665360278,0.001999829671725184,0.0017805912302826243,0.017261334163515774,0.013233117929510242,101,100,0.16960965239036696,0.1670013132649132,0.0002854672360256246,0.25800079723335223,0.12900039861667612,27,26,1
2025-07-21,2025-07-18,1.3117471691369516,1.3115673211871577,0.005629392169471448,0.005491514696823074,0.018399972387452265,0.014028995759666865,101,100,0.10493977353095613,0.10625825970468636,0.00017984794979372865,0.161005137426443,0.0805025687132215,17,16,1
2025-07-22,2025-07-21,1.3325978379278351,1.3319142621659714,0.016034645268259595,0.015513455276086718,0.021308091644163255,0.015998095560229107,101,100,0.3997793513783505,0.4033710463969253,0.0006835757618636273,0.6026952580263524,0.3013476290131762,61,60,1
2025-07-23,2025-07-22,1.3470637653148505,1.346396722134003,0.011374232996231193,0.01087341759106919,0.023314452597147626,0.01731618342043706,101,100,0.3906484919413066,0.39332189607513857,0.000667043180847437,0.5819846158754088,0.2909923079377044,59,58,1
2025-07-24,2025-07-23,1.3408417432689779,1.3403162204617873,-0.004125811340524255,-0.0045161292895739,0.023928643946731158,0.017852983931274723,101,100,0.3083936009518649,0.3095333151086392,0.0005255228071906215,0.4608499990118115,0.23042499950590575,47,46,1
2025-07-25,2025-07-24,1.3574861514807661,1.3572079081621466,0.012810358299672808,0.012602763021505092,0.024846894916683016,0.01830736084519966,101,100,0.16289833817769192,0.16409483246626327,0.00027824331861950476,0.240881404415998,0.120440702207999,25,24,1
2025-07-28,2025-07-25,1.356752162709681,1.3565648567394968,-0.0003357963431577238,-0.0004738046534967788,0.02719383990599022,0.02004610378257226,101,100,0.10854017301677449,0.11107442397626563,0.00018730597018395685,0.16186788053790885,0.08093394026895442,17,16,1
2025-07-29,2025-07-28,1.3506209931166355,1.3503443200721326,-0.004381555067811016,-0.004585506278199869,0.027959314050088648,0.02070532206822266,101,100,0.16207451917399626,0.16311666636259786,0.0002766730445032554,0.24077160594564487,0.12038580297282243,25,24,1
2025-07-30,2025-07-29,1.343412117804211,1.3432058808090654,-0.005133655294340844,-0.005286384485022166,0.028384841710826836,0.021132160092784538,101,100,0.120907090602379,0.1215388552582627,0.0002062369951455164,0.18047026868934035,0.09023513434467018,19,18,1
2025-07-31,2025-07-30,1.345503014252101,1.345203492306886,0.0017101871543712122,0.0014871968075491626,0.030054209824998675,0.022341757211363455,101,100,0.17491539185277308,0.17688428191216002,0.00029952194521504,0.2614633115188384,0.1307316557594192,27,26,1
2025-08-01,2025-07-31,1.3245655133194143,1.324295068017746,-0.015341901136518565,-0.015542945293194443,0.029996434478719643,0.022650869283700813,101,100,0.15894786159832971,0.1591605315537187,0.00027044530166808837,0.24016055827609162,0.12008027913804581,25,24,1
2025-08-04,2025-08-01,1.324826032643682,1.3246230319646128,0.00040094133003965027,0.000247651716590358,0.030068248413025304,0.022699475765893654,101,100,0.11923434293793138,0.11950915755130627,0.0002030006790691958,0.18020743449072063,0.09010371724536032,19,18,1
2025-08-05,2025-08-04,1.3370612504932282,1.3368109335711507,0.009390006234579529,0.009201034039443945,0.03007835715961294,0.02250008314882775,101,100,0.14707673755425513,0.14733716322292048,0.00025031692207776564,0.22019477467361298,0.11009738733680649,23,22,1
2025-08-06,2025-08-05,1.344727088873714,1.3444753374931364,0.005921671572072018,0.005733349219033679,0.030087892104554488,0.022378909650105864,101,100,0.14791997977610855,0.1481812661016275,0.00025175138057745544,0.2201943043519245,0.11009715217596225,23,22,1
2025-08-07,2025-08-06,1.348836367465886,1.3486074094747649,0.003243666768094844,0.003073371348955245,0.02954603288801863,0.021908550020146907,101,100,0.13488363674658863,0.134570735521174,0.00022895799112124455,0.19976802136051353,0.09988401068025676,21,20,1
2025-08-08,2025-08-07,1.3485552049123046,1.348257787080897,-3.8709977487449976e-05,-0.00025924697685297815,0.028691461531270966,0.021280397418204897,101,100,0.1753121766385996,0.17475502311325977,0.0002974178314077454,0.2595868515257586,0.1297934257628793,27,26,1
2025-08-11,2025-08-08,1.3520880319163988,1.3518562419146174,0.0028408846380889585,0.0026689664752550524,0.03021879548900453,0.02235355694789412,101,100,0.1352088031916399,0.1369679271511547,0.000231790001781254,0.20130104247503874,0.10065052123751937,21,20,1
2025-08-12,2025-08-11,1.361644078623796,1.3613673576870093,0.007240294053246554,0.007035597038721697,0.028983478867906642,0.02128997636402136,101,100,0.16339728943485554,0.16243869375054412,0.0002767209367865117,0.23929600128303702,0.11964800064151851,25,24,1
2025-08-13,2025-08-12,1.3676538268342504,1.3673258367540244,0.004617761041312063,0.004376834095051851,0.030917733732775,0.022611825873321046,101,100,0.19147153575679507,0.19373378070188954,0.0003279900802261553,0.2816541063979114,0.1408270531989557,29,28,1
2025-08-14,2025-08-13,1.3720332688322932,1.3718683843623463,0.003442801965509501,0.003322212954818271,0.032218768313387054,0.02348532022506121,101,100,0.09604232881826051,0.0975082478688192,0.0001648844699466574,0.14106842821078694,0.07053421410539347,15,14,1
2025-08-15,2025-08-14,1.3528352525578655,1.352696563641117,-0.013873875964659277,-0.013974970878959714,0.03271618938550255,0.02418590411543506,101,100,0.08117011515347193,0.08180622514233611,0.00013868891674865289,0.12047020506573987,0.060235102532869934,13,12,1
2025-08-18,2025-08-15,1.3683145767786455,1.3681040983712434,0.011545836337078175,0.011390237207857812,0.033529599300979235,0.024508076060072423,101,100,0.12314831191007809,0.12417220023295705,0.00021047840740229953,0.18074828430556475,0.09037414215278237,19,18,1
2025-08-19,2025-08-18,1.3760652634893638,1.3758072946244129,0.005819122336961247,0.0056305629537549695,0.03385768559845843,0.024609322636061012,101,100,0.15136717898383004,0.15195323414626033,0.0002579688649511844,0.2204258919820011,0.11021294599100055,23,22,1
2025-08-20,2025-08-19,1.3778543503489498,1.377596196099567,0.001487894222203412,0.0013002558440733392,0.03404997304680083,0.024716947639088747,101,100,0.1515639785383845,0.1520144202361096,0.00025815424938275123,0.22032691532135532,0.11016345766067766,23,22,1
2025-08-21,2025-08-20,1.3938666970551883,1.3936298917342975,0.011810791145974608,0.011638893661384264,0.03367496989977213,0.024163495702481982,101,100,0.13938666970551883,0.13924847187938078,0.0002368053208906302,0.19990085291051862,0.09995042645525931,21,20,1
2025-08-22,2025-08-21,1.398272585577513,1.3979850092995028,0.00333136786944066,0.003125017331384594,0.03550436685150653,0.025396815141313228,101,100,0.16779271026930154,0.16990968349904645,0.0002875762780105319,0.24151399180072639,0.12075699590036319,25,24,1
2025-08-25,2025-08-22,1.4003311480215686,1.3999260957090225,0.0016782288125116729,0.001388488715263314,0.035423506146030834,0.025303840148854315,101,100,0.23805629516366666,0.23838048677073698,0.00040505231254601103,0.34023151067340635,0.17011575533670317,35,34,1
2025-08-26,2025-08-25,1.4099904276038804,1.409675833134987,0.007189188004785851,0.0069644658070513454,0.0378239883980393,0.02683169244231299,101,100,0.18329875558850445,0.18601383230940632,0.0003145944688934494,0.2619255993996469,0.13096279969982344,27,26,1
2025-08-27,2025-08-26,1.4180561635305824,1.4176949273602808,0.005944863491742058,0.005688608711876819,0.03712806913812573,0.02618903998426336,101,100,0.2127084245295873,0.21237374143997537,0.00036123617030172506,0.2997639846021481,0.14988199230107405,31,30,1
2025-08-28,2025-08-27,1.3920608523487863,1.391680435807702,-0.01808151705756933,-0.01834985161512659,0.03836218827470206,0.027565371537638564,101,100,0.22272973637580581,0.22434427205346652,0.00038041654108429647,0.3211598168822409,0.16057990844112044,33,32,1
2025-08-29,2025-08-28,1.3912648054906764,1.3910049703887934,-0.000298653560351525,-0.0004853595707239311,0.037801065223994554,0.02717536315735015,101,100,0.15303912860397442,0.15273784065515,0.0002598351018830497,0.21978344313200815,0.10989172156600407,23,22,1
2025-09-01,2025-08-29,1.3879282810801388,1.38773963126555,-0.0022118463802431876,-0.002347467617121901,0.03751384119269392,0.02703233398219171,101,100,0.1110342624864111,0.11093568826969902,0.00018864981458851553,0.15992897744209422,0.07996448872104711,17,16,1
2025-09-02,2025-09-01,1.3892101995375674,1.3889255537578027,0.0010596860094542748,0.0008545713226990603,0.03836274001218255,0.027620443664810094,101,100,0.16670522394450804,0.16783876854376154,0.0002846457797648426,0.2408159633435104,0.1204079816717552,25,24,1
2025-09-03,2025-09-02,1.388150210895751,1.387794248609698,-0.0005582321240716892,-0.0008145182044091426,0.0398103979759178,0.028686095230471043,101,100,0.2082225316343626,0.21002615188415114,0.0003559622860531838,0.3012992976088838,0.1506496488044419,31,30,1
2025-09-04,2025-09-03,1.3658795940878152,1.365694131587739,-0.01579099678777096,-0.015924635113669816,0.03935482209430867,0.028816717582695654,101,100,0.10927036752702522,0.10900025414549236,0.00018546250007625683,0.1598022421722222,0.0799011210861111,17,16,1
2025-09-05,2025-09-04,1.3794630714047484,1.378786634156305,0.010082008480919447,0.009586701931086905,0.035371070519077716,0.025653766611047596,101,100,0.40004429070737696,0.39673697638058947,0.0006764372484430742,0.5776024625846491,0.28880123129232455,59,58,1
2025-09-08,2025-09-05,1.3934866985316021,1.3929849502597162,0.010661594775533967,0.010297689106987473,0.038754340892813835,0.0278210765203086,101,100,0.2926322066916365,0.29651722533725855,0.0005017482718859668,0.42278798401858875,0.21139399200929437,43,42,1
2025-09-09,2025-09-08,1.40660566785844,1.4062717021146633,0.009778079509175086,0.009538331230692698,0.03768727953653299,0.026799429640702588,101,100,0.1969247935001816,0.19619169788767737,0.0003339657437765542,0.27947881938111313,0.13973940969055657,29,28,1
2025-09-10,2025-09-09,1.40516943424843,1.4046880596582012,-0.000783822830663361,-0.001126128367712087,0.04049407093211388,0.028827803193519838,101,100,0.28103388684968605,0.2843220528354958,0.0004813745902288568,0.4023400494671082,0.2011700247335541,41,40,1
2025-09-11,2025-09-10,1.4060656808076408,1.405707082804754,0.0009807310170877326,0.0007254444426620932,0.04018206772974074,0.028584950749175275,101,100,0.21090985212114619,0.2109564469216596,0.00035859800288651303,0.30003313842386564,0.15001656921193282,31,30,1
2025-09-12,2025-09-11,1.4154976981792207,1.415064724096153,0.006964904349014089,0.006656892752313626,0.03959617312372335,0.02798188128745467,101,100,0.25478958567225973,0.25463666514931,0.00043297408306759656,0.3598919669575256,0.1799459834787628,37,36,1
2025-09-15,2025-09-12,1.414706179132787,1.4144880300487315,-0.00025337707686468036,-0.0004075389892782555,0.04092260462910592,0.02893103636069375,101,100,0.12732355612195084,0.12886813671138914,0.00021814908405569847,0.18109180309821304,0.09054590154910652,19,18,1
2025-09-16,2025-09-15,1.4168325840954168,1.4163752527176163,0.0016575283755526637,0.0013342090062224976,0.04018750337620927,0.028373485980569785,101,100,0.2691981909781292,0.2689204211030328,0.0004573313778002133,0.3798039501079984,0.1899019750539992,39,38,1
2025-09-17,2025-09-16,1.4207512213385285,1.4203878223557311,0.003089554560146368,0.002832984853707199,0.04083085108070959,0.028746269461104722,101,100,0.21311268320077928,0.21411942988807695,0.0003633989827973524,0.3007086016694388,0.1503543008347194,31,30,1
2025-09-18,2025-09-17,1.4208923458684333,1.420579368226957,0.000355201237831837,0.00013485462787765634,0.03957281256584792,0.02785681212253508,101,100,0.18471600496289628,0.1837709440895109,0.00031297764147619994,0.25933488214210354,0.12966744107105177,27,26,1
2025-09-19,2025-09-18,1.3999172799493012,1.3995371454525816,-0.014544832016984977,-0.014812423188039436,0.03860812949931952,0.027586355692498926,101,100,0.22398676479188817,0.22340221622207923,0.0003801344967194199,0.31958244063547087,0.15979122031773543,33,32,1
2025-09-22,2025-09-19,1.4039284111077628,1.4031426715499806,0.003137655666696215,0.0025762275114413757,0.036127589169252614,0.02574762346108703,101,100,0.4632963756655617,0.461601574893277,0.0007857395577819426,0.6587928153893919,0.32939640769469597,67,66,1
2025-09-23,2025-09-22,1.391487642842708,1.3911348790055977,-0.00830637464285644,-0.008557784456172612,0.033897087319048835,0.024366499489452048,101,100,0.2087231464264063,0.20684540841331295,0.00035276383711048816,0.29865055358360415,0.14932527679180208,31,30,1
2025-09-24,2025-09-23,1.3766118242945953,1.3763560405453668,-0.010439717190746989,-0.01062358415655218,0.0321479745567001,0.0233573098890617,101,100,0.15142730067240548,0.14993397165928532,0.0002557837492286572,0.2189152141607636,0.1094576070803818,23,22,1
2025-09-25,2025-09-24,1.3930886989840898,1.3927306107300108,0.01215721655284252,0.011897045315509835,0.03438137342822496,0.02468630556644669,101,100,0.20896330484761352,0.21155479197321733,0.00035808825407910715,0.3018602456020882,0.1509301228010441,31,30,1
2025-09-26,2025-09-25,1.3813514071320192,1.3810003696356377,-0.008170426865269476,-0.008422476682855895,0.03293296098899454,0.023847177533836257,101,100,0.20720271106980293,0.20610533612695386,0.0003510374963815313,0.2992055787273368,0.1496027893636684,31,30,1
2025-09-29,2025-09-26,1.383880478332028,1.383550090165061,0.0020855234797294564,0.0018462851896963173,0.03353403929828169,0.024237676349167087,101,100,0.19374326696648392,0.194674733442738,0.00033038816696690215,0.2806730830377612,0.1403365415188806,29,28,1
2025-09-30,2025-09-29,1.3861176516237939,1.3855778165381865,0.0018557777394430097,0.0014655966470165094,0.031051553142117622,0.022410544374691817,101,100,0.3188070598734725,0.3168644088029158,0.0005398350856072904,0.45859849481876147,0.22929924740938074,47,46,1
2025-10-09,2025-09-30,1.3905947829538476,1.390261520179611,0.0036208478194288407,0.0033803252228203906,0.03281030481676707,0.023600095622676974,101,100,0.19468326961353863,0.19677528406242487,0.0003332627742367907,0.28150440263010507,0.14075220131505253,29,28,1
2025-10-10,2025-10-09,1.3968518251304318,1.3965888488968705,0.004740334717722394,0.0045511787713452545,0.03415182154857194,0.024453740680764835,101,100,0.1536537007643475,0.15525819372971367,0.0002629762335612935,0.22114864936745626,0.11057432468372813,23,22,1
2025-10-13,2025-10-10,1.3931958347868738,1.3927232841269264,-0.002429501075192464,-0.002767861688855233,0.03264661281586827,0.02344084656869498,101,100,0.2786391669573748,0.27760650888461863,0.0004725506599475058,0.39925878469704573,0.19962939234852287,41,40,1
2025-10-14,2025-10-13,1.4058430257546874,1.4055311812889848,0.009420206998252079,0.009196297145335208,0.03338309290567632,0.023751228966020766,101,100,0.1827595933481094,0.18380791790362022,0.0003118444657028478,0.2607456910453769,0.13037284552268846,27,26,1
2025-10-15,2025-10-14,1.4102431889026743,1.409766437589407,0.0033524746205688682,0.0030132780807738957,0.03042327708346191,0.02158036698297584,101,100,0.2820486377805349,0.27956557327158743,0.00047675131326706716,0.3982392650228791,0.19911963251143955,41,40,1
2025-10-16,2025-10-15,1.4219447941369974,1.4215074794635802,0.008638563256204712,0.008328359621221804,0.031985568238364334,0.02250116070471497,101,100,0.2559500629446595,0.2579496687729791,0.000437314673417073,0.3614062471599209,0.18070312357996046,37,36,1
2025-10-17,2025-10-16,1.4158191198709573,1.4153852326055347,-0.004001638876194646,-0.0043068692542903575,0.03213951255671001,0.022707254404191763,101,100,0.2548474415767723,0.2554352731605407,0.0004338872654226586,0.36041518833551417,0.18020759416775708,37,36,1
2025-10-20,2025-10-17,1.4068384281242785,1.4062857981518806,-0.006038500532835611,-0.006428945451764645,0.03391065258533695,0.024113627990769597,101,100,0.32357283846858415,0.3258966084696087,0.0005526299723977195,0.4616517675054718,0.2308258837527359,47,46,1
2025-10-21,2025-10-20,1.4046274367412355,1.4043413800588607,-0.0011792492058332327,-0.001382662112904276,0.033181582520828756,0.023627860712498554,101,100,0.16855529240894823,0.16811227902681494,0.0002860566823748654,0.2396846043509152,0.1198423021754576,25,24,1
2025-10-22,2025-10-21,1.4139741375241262,1.4135172310635618,0.006859270546355045,0.006533917703341219,0.03289996164599105,0.02327524626016507,101,100,0.26865508612958394,0.26883037171531077,0.0004569064605645917,0.3801239666137272,0.1900619833068636,39,38,1
2025-10-23,2025-10-22,1.4161554134860033,1.4158978230063144,0.0018663956579125784,0.0016841619546168474,0.04795515243562244,0.03386907703113869,100,100,0.14161554134860033,0.15692832261792067,0.0002575904796888731,0.21081292429029838,0.10540646214514919,23,21,2
2025-10-24,2025-10-23,1.4265839047433038,1.4261859434355082,0.00754721249185919,0.007266146089093928,0.034537699604781674,0.024216827941512704,101,100,0.24251926380636163,0.2294997722833163,0.0003979613077954651,0.33087365875939273,0.16543682937969637,34,33,1
2025-10-27,2025-10-24,1.4210414457320553,1.4206553956236283,-0.0036071717906996925,-0.0038778588706024353,0.03372149966695481,0.02373657944835525,101,100,0.22736663131712884,0.22693648148772877,0.00038605010842677925,0.31969729958919074,0.15984864979459537,33,32,1
2025-10-28,2025-10-27,1.424354502628589,1.4239699713358631,0.0026038031575821297,0.002333131400088728,0.030706848384272588,0.021564252759814658,101,100,0.22789672042057427,0.22526660043061808,0.0003845312927260248,0.31815346531702443,0.15907673265851222,33,32,1
2025-10-29,2025-10-28,1.4208526924265095,1.4204913621047133,-0.002189146521417995,-0.002442895075860707,0.029448140996710122,0.020730953937711672,101,100,0.2131279038639765,0.2122305267982103,0.0003613303217964173,0.29936842357371085,0.14968421178685543,31,30,1
2025-10-30,2025-10-29,1.422207923344765,1.421650923332717,0.0012084277918511521,0.0008163099466409474,0.02972451736661138,0.020908450083463127,101,100,0.327107822369296,0.3279411987512453,0.000557000012047947,0.4605859736598777,0.23029298682993884,47,46,1
2025-10-31,2025-10-30,1.4134134200060924,1.4130039818048228,-0.00579432207402486,-0.006082323998090611,0.030189372699642687,0.02136538402466634,101,100,0.24028028140103572,0.24115457493533646,0.0004094382012694919,0.34061856886451314,0.17030928443225657,35,34,1
2025-11-03,2025-10-31,1.4285355078990214,1.427949860824825,0.01099184878046855,0.010577379266059728,0.03215335014676283,0.022517142253293213,101,100,0.3428485218957651,0.3453981464170816,0.0005856470741962493,0.4817847820423213,0.24089239102116064,49,48,1
2025-11-04,2025-11-03,1.4321246459851817,1.4314917943602483,0.002923621672504151,0.002480432704673241,0.03138643616534222,0.02192568360433335,101,100,0.37235240795614727,0.3722183455996601,0.0006328516249333149,0.5199063891841657,0.2599531945920828,53,52,1
2025-11-05,2025-11-04,1.4249999225075467,1.424563397492291,-0.004535039514915962,-0.004839983641718004,0.03138176475780589,0.02202904048570131,101,100,0.2564999860513584,0.25693183965907773,0.0004365250152558007,0.3603030551797921,0.18015152758989605,37,36,1
2025-11-06,2025-11-05,1.437912324313775,1.437472206192971,0.009370538963013209,0.009061589483068122,0.03104796442219064,0.021599001558728338,101,100,0.2588242183764795,0.2589305361616681,0.0004401181208037223,0.36007393899015316,0.18003696949507658,37,36,1
2025-11-07,2025-11-06,1.4363072043567442,1.4360129725119013,-0.0008104517299239999,-0.0010151387100097997,0.03186752817218722,0.02219167151146548,101,100,0.17235686452280927,0.17347066011764892,0.00029423184484309945,0.24077545777913048,0.12038772888956524,25,24,1
2025-11-10,2025-11-07,1.4442992983466638,1.4439775594056168,0.005770369762236882,0.00554631959889873,0.03386287660615328,0.02345111001592866,101,100,0.18775890878506626,0.19007599616007953,0.00032173894104712723,0.26160429862263707,0.13080214931131853,27,26,1
2025-11-11,2025-11-10,1.460366175714167,1.459995085390026,0.011349633657254499,0.011092641904353773,0.032307194767319164,0.02212829008166733,101,100,0.21905492635712506,0.21787033484243193,0.0003710903241409501,0.2991888393922067,0.14959441969610335,31,30,1
2025-11-12,2025-11-11,1.4675822978314264,1.4671617963022543,0.005196738343385077,0.004908722627866791,0.02858691605516961,0.01948450138711241,101,100,0.24948899063134247,0.24618921344836492,0.0004205015291720065,0.3377515556109845,0.16887577780549226,35,34,1
2025-11-13,2025-11-12,1.4680558009024085,1.4675554809062556,0.00060934288393244,0.000268330735569533,0.02916025410079759,0.01986995004971828,101,100,0.29361116018048167,0.29468481822226256,0.0005003199961527781,0.4007313468882591,0.20036567344412956,41,40,1
2025-11-14,2025-11-13,1.4701858685882596,1.4698092336261286,0.0017923599592839512,0.001535718921155338,0.030363224266712993,0.020657935446360385,101,100,0.22052788028823886,0.2221074854162853,0.0003766349621308572,0.3010744254599339,0.15053721272996695,31,30,1
2025-11-17,2025-11-14,1.47130862799432,1.4705824510166516,0.0010201285540247795,0.0005260664940955895,0.030384160077423554,0.020661310119958386,101,100,0.42667950211835287,0.4274266149067315,0.0007261769776684169,0.5805077879475207,0.29025389397376034,59,58,1
2025-11-18,2025-11-17,1.4644825203150966,1.4638358130242097,-0.004147969192300649,-0.004587731879826085,0.029197468157205544,0.01994586271043955,101,100,0.3807654552819251,0.38022547065259416,0.0006467072908870081,0.5196312795667819,0.25981563978339095,53,52,1
2025-11-19,2025-11-18,1.4554148072796214,1.4549909988634262,-0.005752698266884848,-0.0060422173594117945,0.031676875096777954,0.02177118286059674,101,100,0.2474205172375356,0.25032373259330326,0.000423808416195155,0.34199476832394893,0.17099738416197446,35,34,1
2025-11-20,2025-11-19,1.4478248179772342,1.4473086699369455,-0.004925240700313527,-0.005279983816038558,0.03050125457517757,0.021074464078562047,101,100,0.30404321177521915,0.3033837392939072,0.0005161480402884294,0.41954450809716515,0.20977225404858257,43,42,1
2025-11-21,2025-11-20,1.4325659668611848,1.4322005274919731,-0.01018628809596167,-0.010438783902006588,0.030258585807725773,0.021127338823644832,101,100,0.21488489502917774,0.21500766563093754,0.0003654393692115376,0.3000856997894686,0.1500428498947343,31,30,1
2025-11-24,2025-11-21,1.4022746950285205,1.4015891852648052,-0.020895001704724803,-0.02137364261467878,0.02428974792218932,0.017330147933183576,101,100,0.406659661558271,0.4013763334364497,0.0006855097637150578,0.5762323158646788,0.2881161579323394,59,58,1
2025-11-25,2025-11-24,1.4047403707367276,1.4045017835147793,0.0022482946537054627,0.002078068438737146,0.023852396084932066,0.016982816515363344,101,100,0.1404740370736728,0.14027527245836385,0.00023858722194840373,0.19985850437600464,0.09992925218800232,21,20,1
2025-11-26,2025-11-25,1.404887285539515,1.4046757688803027,0.0002744759951609499,0.00012387692743831558,0.020521701720642382,0.014609564837158594,101,100,0.12643985569855634,0.12332067799347865,0.00021151665921196022,0.17777976657829894,0.08888988328914947,19,18,1
2025-11-27,2025-11-26,1.4033977438073615,1.4032065337969293,-0.0009098363488962979,-0.0010459602962643588,0.02064678014158807,0.014713999432229022,101,100,0.11227181950458892,0.11258810793596696,0.0001912100104323171,0.16022537333608644,0.08011268666804322,17,16,1
2025-11-28,2025-11-27,1.4026495185312309,1.4023156555480438,-0.0003969588597846352,-0.0006348874719638298,0.0203423696825136,0.014506270112604233,101,100,0.19637093259437238,0.1964003851184848,0.00033386298318695653,0.2800209977786492,0.1400104988893246,29,28,1
2025-12-01,2025-11-28,1.4114440215179886,1.4112049047774327,0.006509494445013031,0.006338978812808538,0.019349850121949508,0.013711580831701587,101,100,0.14114440215179885,0.14039099933179083,0.0002391167405560493,0.19946621841991455,0.09973310920995727,21,20,1
2025-12-02,2025-12-01,1.4169004411061392,1.4165841655134046,0.0040359385865404995,0.003811821173354213,0.021888661120327092,0.015451719462354789,101,100,0.1841970573437981,0.18705214393491026,0.0003162755927346802,0.2620150227272731,0.13100751136363656,27,26,1
2025-12-03,2025-12-02,1.4178831867258213,1.417494189788998,0.000917009553008663,0.0006424074882014352,0.02452940057758052,0.017304762696227955,101,100,0.2268613098761314,0.22989104627020784,0.00038899693682290773,0.3221368025394763,0.16106840126973815,33,32,1
2025-12-04,2025-12-03,1.4132372404765274,1.4127082300242915,-0.0030031511544356126,-0.0033763522977254823,0.024418321305352046,0.017284759008540762,101,100,0.31091219290483607,0.3113301240848437,0.0005290104522362296,0.44029572613007767,0.22014786306503883,45,44,1
2025-12-05,2025-12-04,1.4012060121642957,1.4007302028238977,-0.00814196280274937,-0.008478769321098811,0.023396417657801337,0.016703015049317656,101,100,0.28024120243285916,0.2796951081257065,0.0004758093403979932,0.39961026836709823,0.19980513418354912,41,40,1
2025-12-08,2025-12-05,1.4113460984075161,1.4107925152844374,0.00757882964343648,0.007183619258193996,0.02443083326290135,0.01731709872161869,101,100,0.3246096026337288,0.32619760136190723,0.0005535831230783357,0.4611251660595303,0.23056258302976515,47,46,1
2025-12-09,2025-12-08,1.4051309201665256,1.4048426650285626,-0.004013060075506725,-0.004217381501116946,0.02560478744222528,0.018226088998873548,101,100,0.16861571041998308,0.17007791973727002,0.00028825513796298675,0.24104062140851162,0.12052031070425581,25,24,1
2025-12-10,2025-12-09,1.3953597003375995,1.3951457185720892,-0.006750196962996058,-0.006902514208789512,0.025837834184254227,0.018519810397080862,101,100,0.12558237303038397,0.12602940153792283,0.00021398176550994552,0.18032036793626097,0.09016018396813048,19,18,1
2025-12-11,2025-12-10,1.3979120397723366,1.3976718012271685,0.001982818829189048,0.0018106228055265738,0.02795532146329749,0.020001348985328647,101,100,0.13979120397723366,0.1421489298014449,0.00024023854516792958,0.2016866052778222,0.1008433026389111,21,20,1
2025-12-12,2025-12-11,1.37888216375454,1.378670785351245,-0.01344352619558531,-0.013594762274834804,0.028116154188065567,0.02039366793494677,101,100,0.12409939473790861,0.12447160586597199,0.00021137840329531427,0.18026993686469184,0.09013496843234592,19,18,1
2025-12-15,2025-12-12,1.3714079049104542,1.3711755171986595,-0.005268031003457074,-0.005436590252165141,0.02720046462149523,0.019837332478825433,101,100,0.1371407904910454,0.13645748863626952,0.00023238771179452368,0.19950175155595262,0.09975087577797631,21,20,1
2025-12-16,2025-12-15,1.377613199384012,1.3765944754252826,0.004695009577260212,0.00395205293461931,0.015517454835933973,0.011272350073277782,101,100,0.6061498077289652,0.5954855219021333,0.0010187239587297254,0.8722588678508594,0.4361294339254297,89,88,1
2025-12-17,2025-12-16,1.364769872436905,1.3643988790812762,-0.00858975043084087,-0.00885925126224163,0.014942779958503488,0.010951914566629717,101,100,0.2183631795899048,0.21815949806810325,0.00037099335562885657,0.3198507576068939,0.15992537880344695,33,32,1
2025-12-18,2025-12-17,1.3692265647700637,1.368877751620028,0.00353832428537193,0.003282670931075149,0.014285217734961116,0.0104357147437417,101,100,0.20538398471550948,0.20507523564200275,0.0003488131500355086,0.29977450841120756,0.14988725420560378,31,30,1
2025-12-19,2025-12-18,1.3825250639901074,1.3817282722921984,0.009969708656546006,0.009387632063536877,0.011390435967217255,0.008243615040402448,101,100,0.47005852175663654,0.46796053168680185,0.0007967916979094629,0.6784824940071758,0.3392412470035879,69,68,1
2025-12-22,2025-12-19,1.3979412267608444,1.3972742780652543,0.011733822629068635,0.011251130981973834,0.012113188773376311,0.008669156058715204,101,100,0.3914235434930365,0.3928132449947857,0.0006669486955900869,0.5609941058144264,0.2804970529072132,57,56,1
2025-12-23,2025-12-22,1.3984570645075705,1.398125454856024,0.0008464955384090977,0.0006091694409120496,0.010669642934000188,0.007631391658696984,101,100,0.19578398903105992,0.19467205284322994,0.000331609651546189,0.27920488357057893,0.13960244178528947,29,28,1
2025-12-24,2025-12-23,1.389710956539387,1.3892847469042986,-0.006018414361466218,-0.00632325798877309,0.011114417287567112,0.008000100276299034,101,100,0.2501479721770897,0.25101895616574504,0.0004262096350885734,0.36062673751297486,0.18031336875648743,37,36,1
2025-12-25,2025-12-24,1.3997398723216037,1.39937953484856,0.007525545386287469,0.007266176330486207,0.01384844854327922,0.009896134821478499,101,100,0.20996098084824055,0.21305534957699623,0.0003603374730436402,0.30221067413306113,0.15110533706653057,31,30,1
2025-12-26,2025-12-25,1.4052752653231626,1.4049616284160542,0.004213103255966022,0.003988977563615936,0.01632669661079711,0.011620742005035208,101,100,0.1826857844920112,0.18547766946663746,0.00031363690710850794,0.2619867175090315,0.13099335875451576,27,26,1
2025-12-29,2025-12-26,1.4079464451772083,1.4076319336716023,0.002124482762222657,0.0019006250430899652,0.019062495306951897,0.013542244141357436,101,100,0.18303303787303707,0.18608334807479793,0.0003145115056061002,0.26216649590061425,0.13108324795030712,27,26,1
2025-12-30,2025-12-29,1.4019100030527651,1.4012441174142607,-0.004064933795521641,-0.004537987597851623,0.017102497896825365,0.012205223689634389,101,100,0.3925348008547742,0.3912406890831522,0.0006658856385043314,0.5590768938314128,0.2795384469157064,57,56,1
2025-12-31,2025-12-30,1.4032140651932974,1.4029761274919372,0.0014058562348664427,0.0012360516316547443,0.016311205901959558,0.01162614643423667,101,100,0.14032140651932973,0.13976805222582395,0.00023793770136000414,0.19960565226131083,0.09980282613065541,21,20,1
